utc_timestamp,DK_1_price_day_ahead
0,
1,
2,16.04
3,14.6
4,14.95
5,14.5
6,10.76
7,12.01
8,12.39
9,14.04
10,14.68
11,16.08
12,16.08
13,16.05
14,16.04
15,16.1
16,23.93
17,26.9
18,26.36
19,23.98
20,16.09
21,14.08
22,12.44
23,0.04
24,-12.11
25,-19.63
26,-19.37
27,-31.41
28,-31.41
29,-13.48
30,0.08
31,10.06
32,14.25
33,14.56
34,14.64
35,15.08
36,15.41
37,14.52
38,14.7
39,14.66
40,16.09
41,25.1
42,25.06
43,18.34
44,14.26
45,12.22
46,8
47,-0.33
48,-0.08
49,-0.07
50,-5.03
51,0.01
52,-0.04
53,0.03
54,-8.67
55,4.46
56,9.9
57,14.29
58,16.73
59,22.31
60,23.03
61,22.4
62,27.07
63,28.29
64,28.6
65,28.88
66,28.78
67,28.54
68,28.34
69,27.26
70,27.7
71,14.27
72,9.32
73,0.1
74,0.1
75,0.1
76,0.11
77,6.8
78,14.95
79,25.49
80,26.28
81,27.32
82,27.56
83,27.32
84,27.08
85,26.33
86,27.42
87,28.37
88,28.65
89,28.94
90,29.59
91,29.42
92,28.92
93,28.66
94,29.03
95,27.68
96,28.19
97,28.15
98,28.13
99,28.05
100,28.04
101,27.01
102,27.6
103,33.62
104,38.15
105,41.51
106,40.46
107,40.97
108,40.72
109,41.92
110,42
111,43.1
112,46.7
113,56.78
114,58.84
115,49.23
116,44.32
117,35.86
118,32.56
119,30.03
120,30.02
121,29.81
122,29.41
123,27.89
124,27.89
125,28.01
126,29.67
127,30.03
128,30.5
129,30.35
130,30.53
131,29.91
132,29.62
133,29.58
134,29.57
135,29.62
136,29.99
137,29.65
138,29.58
139,29
140,28.45
141,28.15
142,28.08
143,26.97
144,26.35
145,26.08
146,26.03
147,26.17
148,26.1
149,26.84
150,30.07
151,33.17
152,34.1
153,33.28
154,34.08
155,33.63
156,32.76
157,30.65
158,30.31
159,29.79
160,30.72
161,29.56
162,28.84
163,28.2
164,27.75
165,27.42
166,26.7
167,22.11
168,21.92
169,19.35
170,16.11
171,14.93
172,15
173,19.04
174,26.17
175,29.41
176,28.1
177,28.23
178,28.35
179,28.46
180,28.46
181,28.6
182,28.45
183,28.24
184,28.43
185,28.4
186,27.98
187,27.69
188,27.46
189,27.31
190,26.71
191,15.93
192,11.55
193,13.47
194,11.23
195,16
196,16.26
197,19.94
198,24.36
199,29.24
200,27.45
201,27.38
202,27.33
203,27.23
204,27.15
205,27.08
206,27.03
207,27.02
208,27.12
209,27.15
210,27.1
211,27.02
212,26.96
213,26.69
214,21.64
215,14.72
216,21.94
217,25.08
218,20.91
219,20.68
220,21.91
221,12.28
222,7.19
223,9.31
224,11.35
225,15.87
226,15.84
227,14.83
228,15.83
229,14.85
230,11.42
231,11.34
232,14.15
233,17.09
234,18.87
235,13.44
236,15.82
237,11.51
238,11.81
239,5.08
240,0.05
241,-2.06
242,-4.11
243,-5.06
244,-4.12
245,-0.74
246,-0.09
247,0.05
248,0.11
249,4.05
250,5.61
251,9.91
252,8.71
253,0.11
254,0.11
255,0.15
256,6.73
257,13.72
258,12.44
259,14.88
260,9.63
261,9.29
262,10.18
263,0.12
264,9.3
265,2.87
266,0.09
267,0.1
268,0.07
269,0.11
270,10.05
271,17.03
272,17.92
273,17.66
274,17.66
275,17.41
276,15.43
277,14.59
278,6.63
279,0.15
280,15.63
281,18.34
282,17.86
283,16.78
284,15.68
285,13.91
286,14.91
287,9.1
288,9.27
289,10.42
290,11.16
291,15.9
292,17.81
293,19.92
294,21.05
295,32.37
296,32.28
297,28.47
298,26.07
299,25.22
300,25.25
301,24.91
302,25.62
303,28.91
304,26.98
305,27.12
306,26.98
307,26.87
308,26.68
309,26.42
310,27.02
311,18.36
312,16.06
313,15.02
314,11.99
315,13.68
316,13.91
317,16.26
318,27.32
319,30.86
320,28.92
321,28.76
322,29
323,28.51
324,27.59
325,27.73
326,27.85
327,28.85
328,30.79
329,31.87
330,29.99
331,28.55
332,28.53
333,27.96
334,23.73
335,16.29
336,24.36
337,21.59
338,15.46
339,15.44
340,15.43
341,15.47
342,25.85
343,26.28
344,26.55
345,26.42
346,26.36
347,26.23
348,26.12
349,26.18
350,26.3
351,26.37
352,26.76
353,26.89
354,26.65
355,26.41
356,26.05
357,22.05
358,19.01
359,12.01
360,6.95
361,6.73
362,6.8
363,6.76
364,6.74
365,0.94
366,15
367,25.09
368,23.66
369,22.52
370,24.3
371,22.94
372,21.96
373,24.32
374,26.51
375,23.91
376,27.43
377,29.07
378,30.08
379,27.83
380,27.4
381,26.95
382,26.85
383,26.75
384,26.88
385,26.78
386,26.67
387,26.7
388,26.66
389,26.74
390,26.87
391,27.2
392,27.61
393,27.99
394,28.35
395,28.53
396,27.42
397,27.52
398,27.09
399,27.27
400,27.78
401,28.23
402,28.1
403,27.74
404,27.24
405,26.93
406,27.46
407,24.5
408,23.35
409,21.19
410,22.24
411,22.31
412,22.32
413,22.11
414,24.9
415,26.68
416,27.03
417,27.22
418,27.24
419,28.22
420,28.15
421,27.85
422,28.17
423,29.24
424,30.44
425,31.94
426,32.45
427,30.94
428,29.8
429,29.63
430,28.54
431,28.42
432,27.92
433,27.7
434,27.65
435,27.73
436,28.07
437,28.92
438,31.12
439,37.83
440,45.36
441,42.65
442,36.31
443,34.41
444,44.97
445,46.15
446,46.08
447,34.37
448,33.73
449,41.95
450,33.12
451,31.46
452,30.27
453,29.74
454,28.98
455,28.46
456,28.62
457,28.22
458,28.07
459,28.02
460,28.39
461,29.17
462,31.76
463,50.08
464,57.52
465,53.7
466,53.01
467,53.02
468,47.73
469,47.76
470,47.69
471,44.49
472,46.11
473,57.48
474,46.12
475,44.4
476,30.69
477,30.45
478,29.51
479,28.5
480,28.12
481,27.87
482,27.78
483,27.85
484,28.24
485,29.59
486,33.04
487,49.67
488,55.34
489,55.33
490,54.96
491,53.44
492,48.49
493,48.4
494,48
495,48.8
496,51.02
497,55.47
498,55.36
499,38.08
500,33.28
501,32.96
502,31.76
503,29.55
504,28.96
505,28.69
506,28.31
507,28.26
508,28.82
509,30.34
510,35.24
511,47.25
512,53.79
513,49.31
514,49.32
515,48.69
516,47.46
517,45.84
518,48.3
519,48.79
520,51.99
521,58.35
522,55.62
523,44.83
524,43.2
525,39.86
526,32.62
527,30.22
528,30.08
529,29.25
530,28.86
531,28.78
532,29.39
533,31.71
534,35.38
535,54.28
536,53.56
537,57.68
538,56.97
539,55.75
540,48.09
541,46.43
542,44.76
543,38.92
544,44.1
545,48.06
546,44.82
547,26.77
548,29.05
549,31.13
550,26.11
551,27.89
552,27.46
553,27.04
554,24.44
555,24.29
556,24.78
557,24.99
558,23.94
559,24.26
560,27.6
561,29.01
562,29.15
563,29.19
564,29.15
565,29.11
566,29.06
567,29.11
568,29.28
569,29.44
570,29.38
571,29.26
572,29.35
573,27.97
574,28.11
575,27.41
576,25.02
577,24.89
578,25.03
579,25.07
580,25.92
581,26.68
582,27.04
583,27.39
584,27.98
585,28.71
586,29.26
587,29.4
588,29.36
589,29.25
590,29.13
591,29.26
592,30.29
593,30.4
594,30
595,29.69
596,29.38
597,29.13
598,28.83
599,28.07
600,26.93
601,26.13
602,25.54
603,25.41
604,25.8
605,27.09
606,28.64
607,29.4
608,30
609,29.93
610,29.75
611,29.62
612,29.46
613,29.44
614,29.41
615,29.36
616,29.56
617,30.26
618,29.46
619,29.37
620,29.12
621,28.49
622,27.15
623,24.05
624,20.36
625,16.31
626,16.95
627,16.34
628,19.92
629,22.92
630,27.57
631,29.88
632,30.38
633,30.29
634,30.45
635,30.49
636,30.29
637,30.09
638,30.07
639,30.08
640,30.96
641,31.79
642,33.86
643,31.08
644,29.87
645,29.34
646,28.89
647,27.8
648,26.97
649,26.59
650,25.93
651,25.27
652,25.75
653,25.94
654,28.54
655,28.81
656,28.94
657,28.8
658,28.68
659,28.55
660,27.85
661,27.63
662,27.03
663,26.59
664,27
665,29.15
666,28.62
667,28.01
668,25.47
669,21.69
670,16.96
671,14.9
672,19.97
673,17.93
674,17.99
675,19.98
676,24.4
677,25.46
678,27.41
679,28.77
680,29.05
681,28.89
682,28.81
683,28.84
684,28.63
685,28.56
686,28.84
687,28.88
688,29.17
689,30.02
690,29.75
691,29.16
692,28.67
693,28.39
694,28.05
695,26.48
696,26.6
697,26.23
698,26.42
699,26.29
700,26.72
701,28.33
702,30.16
703,32.64
704,39.92
705,35.87
706,32.56
707,32.26
708,31.18
709,30.79
710,30.75
711,30.66
712,30.94
713,32.28
714,31.4
715,30.62
716,29.53
717,29.06
718,28.79
719,27.67
720,27.92
721,27.2
722,26.95
723,26.7
724,26.79
725,27.01
726,27.22
727,27.6
728,28.32
729,28.8
730,29
731,28.79
732,28.41
733,28.23
734,28.19
735,28.47
736,29.09
737,29.67
738,29.38
739,28.8
740,28.29
741,28.01
742,27.82
743,26.25
744,27.04
745,26.32
746,25.98
747,25.63
748,25.78
749,25.99
750,26.16
751,26.48
752,27.84
753,28.4
754,28.59
755,28.61
756,28.49
757,28.24
758,28.21
759,28.47
760,29.02
761,29.64
762,29.67
763,29.42
764,28.59
765,28.36
766,28.18
767,26.92
768,27.23
769,26.38
770,26.19
771,26.21
772,26.24
773,27.47
774,31.02
775,36.3
776,45.44
777,45.19
778,37.23
779,32.5
780,31.84
781,32.41
782,32
783,31.12
784,32.26
785,41.64
786,38.49
787,31.42
788,30.74
789,30.37
790,29.73
791,29.22
792,28.75
793,28.23
794,28.05
795,28.08
796,28.21
797,29.42
798,31.87
799,45.95
800,51.13
801,51.18
802,49.91
803,37.91
804,34.64
805,35.65
806,35
807,37.17
808,49.09
809,58.63
810,59.84
811,40.77
812,33.07
813,31.23
814,30.3
815,29.46
816,29.76
817,29.3
818,29.12
819,29.18
820,29.76
821,31.08
822,35.82
823,49.7
824,61.76
825,61.09
826,59.63
827,54.96
828,52.71
829,52.25
830,46.22
831,48.36
832,48.72
833,59.37
834,61.63
835,44.27
836,36.88
837,34.39
838,31.82
839,30.47
840,30.29
841,29.82
842,29.6
843,29.54
844,29.8
845,30.77
846,35.78
847,49.97
848,60.57
849,57.89
850,50.78
851,48.76
852,48.18
853,46.3
854,36.02
855,35.64
856,39.71
857,50.32
858,46.45
859,34.97
860,31.09
861,30.55
862,29.72
863,29.01
864,28.73
865,28.14
866,27.75
867,27.73
868,28.23
869,29.02
870,29.82
871,35.56
872,40.67
873,45.51
874,38.6
875,34.39
876,31.28
877,30.77
878,30.44
879,30.36
880,30.64
881,44.08
882,41.87
883,29.94
884,29.42
885,29.13
886,28.7
887,28.31
888,27.78
889,27.33
890,26.65
891,26.28
892,26.08
893,25.91
894,25.53
895,26.86
896,27.06
897,27.45
898,27.6
899,27.27
900,26.68
901,20.27
902,19.18
903,19.96
904,21.57
905,27.74
906,27.81
907,26.31
908,21.71
909,15.01
910,14.25
911,9.56
912,-5
913,-1.12
914,-4.78
915,-2.4
916,-7.32
917,-0.9
918,-6.8
919,0.08
920,13.15
921,18.96
922,16.43
923,18.65
924,19.93
925,24.83
926,26.51
927,26.79
928,26.66
929,29.94
930,28.7
931,28.43
932,28.12
933,26.93
934,26.35
935,16.84
936,16.42
937,14.95
938,11.5
939,13.86
940,9.81
941,9.88
942,22.28
943,29.17
944,28.82
945,28.68
946,28.6
947,28.53
948,28.61
949,28.58
950,28.56
951,28.44
952,28.51
953,28.83
954,28.79
955,28.72
956,28.47
957,28.33
958,27.85
959,27.12
960,25.36
961,25.32
962,25.19
963,25.57
964,26.02
965,27.03
966,28.23
967,28.76
968,28.97
969,28.94
970,28.89
971,28.85
972,28.81
973,28.79
974,28.77
975,28.67
976,28.81
977,29.78
978,29.5
979,29.03
980,28.62
981,28.46
982,28.09
983,27.34
984,26.71
985,26.23
986,26.04
987,26.13
988,26.57
989,27.7
990,30.95
991,55.49
992,49.21
993,51.08
994,50.75
995,50.79
996,46.32
997,46.31
998,46.25
999,46.27
1000,46.25
1001,53.98
1002,52.43
1003,46.27
1004,43.99
1005,31.15
1006,28.22
1007,27.6
1008,26.81
1009,26.51
1010,26.26
1011,26.31
1012,26.75
1013,27.31
1014,37.12
1015,43.93
1016,55.57
1017,54.9
1018,52.52
1019,48.76
1020,44.63
1021,43.9
1022,43.92
1023,44.38
1024,48.76
1025,57.58
1026,70.27
1027,44.05
1028,44.94
1029,39.86
1030,35.68
1031,28.19
1032,27.75
1033,27.36
1034,26.96
1035,27.01
1036,27.44
1037,27.79
1038,29.05
1039,35.82
1040,57.84
1041,47.03
1042,41.9
1043,42.97
1044,38.05
1045,33.45
1046,32.06
1047,32.41
1048,29.99
1049,32.41
1050,30.06
1051,28.51
1052,28.21
1053,27.8
1054,27.59
1055,27.15
1056,27.5
1057,27.2
1058,27.09
1059,27.01
1060,27.02
1061,27.31
1062,27.17
1063,26.95
1064,27.24
1065,27.61
1066,27.76
1067,27.86
1068,27.7
1069,27.65
1070,27.48
1071,27.46
1072,27.65
1073,28.23
1074,28.2
1075,27.79
1076,27.43
1077,26.94
1078,26.59
1079,26.52
1080,26.87
1081,26.39
1082,26.18
1083,26.1
1084,26.01
1085,26.08
1086,26.17
1087,26.29
1088,26.55
1089,26.67
1090,26.38
1091,26.39
1092,25.93
1093,25.45
1094,25.35
1095,25.66
1096,26.56
1097,27.39
1098,27.51
1099,27.24
1100,26.86
1101,26.5
1102,26.34
1103,25.95
1104,26.08
1105,25.53
1106,25.35
1107,25.63
1108,25.89
1109,26.49
1110,27.5
1111,28
1112,28.28
1113,28.24
1114,28.52
1115,28.42
1116,28.22
1117,28.16
1118,28.13
1119,28.12
1120,28.25
1121,29.31
1122,28.42
1123,28.35
1124,27.99
1125,27.7
1126,27.48
1127,27.21
1128,26.34
1129,26.14
1130,26.09
1131,26.17
1132,26.72
1133,27.5
1134,28.04
1135,48.16
1136,54.22
1137,48.78
1138,46.76
1139,44.43
1140,42.27
1141,36.38
1142,37.39
1143,28.52
1144,28.32
1145,28.74
1146,28.57
1147,28.91
1148,26.86
1149,27.32
1150,26.83
1151,26.01
1152,25.41
1153,24.91
1154,24.66
1155,24.76
1156,25.57
1157,26.29
1158,27.52
1159,28.28
1160,28.7
1161,28.41
1162,28.14
1163,27.96
1164,27.87
1165,27.81
1166,27.78
1167,27.71
1168,27.75
1169,27.91
1170,27.92
1171,27.71
1172,27.25
1173,26.84
1174,26.08
1175,25
1176,23.86
1177,23
1178,22.69
1179,22.9
1180,23.95
1181,25
1182,26.29
1183,27.16
1184,27.38
1185,27.26
1186,27.24
1187,27.12
1188,26.96
1189,26.89
1190,26.82
1191,26.79
1192,26.87
1193,27.24
1194,27.29
1195,27.11
1196,26.61
1197,26.31
1198,25.78
1199,24.63
1200,22.61
1201,22.15
1202,22.09
1203,22.52
1204,23.48
1205,24.6
1206,25.81
1207,26.85
1208,27.02
1209,26.99
1210,27.01
1211,26.88
1212,26.66
1213,26.5
1214,26.51
1215,26.49
1216,26.63
1217,27.07
1218,27.18
1219,26.91
1220,26.39
1221,26.2
1222,25.98
1223,25.55
1224,25.46
1225,25.11
1226,25.09
1227,24.94
1228,24.96
1229,24.88
1230,25.08
1231,25.69
1232,26.06
1233,26.38
1234,26.7
1235,26.67
1236,26.17
1237,25.98
1238,25.97
1239,26.18
1240,26.36
1241,26.82
1242,26.91
1243,26.64
1244,26.25
1245,26.03
1246,25.86
1247,25.35
1248,25.32
1249,25.03
1250,24.81
1251,24.72
1252,24.76
1253,24.98
1254,25.13
1255,25.33
1256,25.88
1257,26.11
1258,26.22
1259,26.18
1260,25.84
1261,25.52
1262,25.31
1263,25.05
1264,25.87
1265,26.51
1266,26.72
1267,26.52
1268,26.07
1269,26.02
1270,25.54
1271,25.07
1272,18.62
1273,16.53
1274,14.09
1275,11.9
1276,12.25
1277,18.18
1278,25.64
1279,26.61
1280,26.73
1281,26.71
1282,26.69
1283,26.65
1284,26.61
1285,26.59
1286,26.63
1287,26.64
1288,26.7
1289,27.13
1290,27.28
1291,26.95
1292,26.55
1293,26.38
1294,26.1
1295,24.93
1296,24.98
1297,24.64
1298,23.9
1299,24
1300,24.91
1301,24.98
1302,26.18
1303,26.94
1304,27.01
1305,26.86
1306,26.8
1307,26.67
1308,26.5
1309,26.42
1310,26.35
1311,26.33
1312,26.3
1313,26.66
1314,26.79
1315,26.55
1316,26.17
1317,25.92
1318,25.37
1319,24.6
1320,23.51
1321,23.12
1322,22.99
1323,23.26
1324,24.19
1325,25.17
1326,26.16
1327,27.25
1328,27.61
1329,27.59
1330,27.55
1331,27.31
1332,27.22
1333,27.11
1334,27.18
1335,27.27
1336,27.08
1337,28.03
1338,65.07
1339,50.3
1340,48.98
1341,26.82
1342,26.44
1343,25.96
1344,25.64
1345,25.26
1346,25.07
1347,25.08
1348,25.55
1349,26.05
1350,26.83
1351,29.31
1352,28.82
1353,27.39
1354,27.02
1355,26.82
1356,26.46
1357,26.34
1358,26.2
1359,26.05
1360,26.06
1361,26.51
1362,26.58
1363,26.27
1364,25.99
1365,25.62
1366,25.14
1367,24.03
1368,21.24
1369,21.88
1370,21.98
1371,23.04
1372,24.24
1373,25.09
1374,26.23
1375,26.79
1376,26.98
1377,26.95
1378,26.95
1379,26.83
1380,26.64
1381,26.55
1382,26.44
1383,26.34
1384,26.38
1385,26.78
1386,29.91
1387,26.78
1388,26.19
1389,26.08
1390,25.73
1391,25.29
1392,25.91
1393,25.42
1394,25.1
1395,25.1
1396,25.16
1397,25.5
1398,25.53
1399,26.11
1400,26.31
1401,26.36
1402,26.41
1403,26.64
1404,25.31
1405,24.87
1406,24.83
1407,24.95
1408,25.37
1409,26
1410,26.16
1411,25.78
1412,24.91
1413,23.87
1414,22.49
1415,15.13
1416,11.76
1417,4.2
1418,-0.05
1419,-0.09
1420,-2
1421,-1.91
1422,-5.08
1423,-0.13
1424,3.91
1425,9.7
1426,16.6
1427,19.97
1428,17
1429,16.81
1430,18.56
1431,19.63
1432,19.93
1433,24.62
1434,25.69
1435,25.65
1436,24.87
1437,20
1438,23.94
1439,22.56
1440,21.95
1441,20.36
1442,20.27
1443,21.46
1444,22.62
1445,18.59
1446,31.49
1447,26.95
1448,27.26
1449,27
1450,26.94
1451,26.72
1452,26.26
1453,26.1
1454,26.15
1455,26.4
1456,26.42
1457,26.75
1458,26.9
1459,26.74
1460,26.23
1461,25.86
1462,24.97
1463,23.88
1464,23.51
1465,22.74
1466,22.36
1467,22.35
1468,23.19
1469,24.26
1470,26.09
1471,26.86
1472,27.02
1473,26.68
1474,26.44
1475,26.24
1476,26.05
1477,25.89
1478,26.08
1479,26.45
1480,26.48
1481,26.93
1482,27.19
1483,27.06
1484,26.69
1485,26.3
1486,26.03
1487,24.92
1488,24.44
1489,23.8
1490,23.38
1491,23.62
1492,24.43
1493,25.52
1494,26.8
1495,28.36
1496,29.41
1497,28.12
1498,26.99
1499,26.83
1500,26.78
1501,26.72
1502,26.66
1503,26.51
1504,26.67
1505,27.26
1506,28.35
1507,27.49
1508,27.01
1509,26.62
1510,26.28
1511,25.22
1512,25.02
1513,24.28
1514,24.02
1515,24.25
1516,24.97
1517,25.63
1518,26.83
1519,29.03
1520,37.89
1521,36.22
1522,29.73
1523,30.21
1524,28.69
1525,28.08
1526,29.3
1527,33.91
1528,36.25
1529,45.71
1530,50.91
1531,42.2
1532,27.1
1533,26.71
1534,26.19
1535,25.54
1536,25.04
1537,24.38
1538,23.96
1539,23.94
1540,24.85
1541,25.57
1542,26.28
1543,27.44
1544,31.89
1545,33.82
1546,32.02
1547,30.18
1548,26.77
1549,26.54
1550,26.35
1551,26.29
1552,26.31
1553,27.37
1554,31.82
1555,27.24
1556,26.14
1557,25.8
1558,25.52
1559,25.04
1560,23.62
1561,22.79
1562,22
1563,21.7
1564,21.39
1565,21.5
1566,21.78
1567,21.95
1568,22.25
1569,23.07
1570,23.31
1571,23.16
1572,22.5
1573,22.26
1574,22.08
1575,22.09
1576,22.73
1577,23.85
1578,24.42
1579,24.24
1580,23.26
1581,22.29
1582,22.12
1583,21.72
1584,17.73
1585,15.59
1586,15.92
1587,15.57
1588,16.24
1589,16.9
1590,15.53
1591,18.64
1592,20.08
1593,21.42
1594,21.42
1595,21.86
1596,21.28
1597,21.09
1598,21.42
1599,21.46
1600,22.03
1601,24.46
1602,25.31
1603,25.28
1604,25
1605,24.55
1606,23.75
1607,22.69
1608,22.26
1609,22.35
1610,22.41
1611,22.83
1612,23.76
1613,25.05
1614,33.74
1615,37.92
1616,44.6
1617,42.9
1618,39.02
1619,36.58
1620,31.56
1621,34.14
1622,32.49
1623,35.16
1624,31.2
1625,44.27
1626,31.12
1627,26.75
1628,26.07
1629,25.52
1630,24.8
1631,23.79
1632,23.3
1633,22.45
1634,21.87
1635,21.69
1636,22.59
1637,23.17
1638,24.76
1639,25.66
1640,25.9
1641,25.82
1642,25.6
1643,25.35
1644,25.06
1645,24.89
1646,24.7
1647,24.57
1648,24.76
1649,25.34
1650,25.72
1651,25.71
1652,25.13
1653,24.62
1654,23.88
1655,23.06
1656,21.89
1657,21.14
1658,21.06
1659,21.41
1660,23.12
1661,23.92
1662,24.93
1663,25.85
1664,26.59
1665,26.37
1666,26.34
1667,26.43
1668,25.76
1669,25.93
1670,26.02
1671,28.19
1672,31.23
1673,42.28
1674,52.86
1675,64.76
1676,47.72
1677,39.81
1678,30.42
1679,25.6
1680,25.16
1681,24.86
1682,24.65
1683,24.77
1684,25.56
1685,28.17
1686,42.71
1687,54.86
1688,58.13
1689,46.96
1690,43.93
1691,41.01
1692,33.36
1693,31.57
1694,31.59
1695,28.16
1696,28.18
1697,32.88
1698,42.2
1699,41.44
1700,27.47
1701,26.14
1702,25.15
1703,24.88
1704,24.48
1705,24.09
1706,24.01
1707,24.11
1708,24.61
1709,25.08
1710,26.15
1711,30
1712,41.56
1713,31.88
1714,26.98
1715,26.19
1716,25.44
1717,25.21
1718,25.04
1719,24.99
1720,25
1721,25.3
1722,25.64
1723,25.73
1724,25.42
1725,25.3
1726,25.15
1727,24.9
1728,24.11
1729,23.88
1730,23.68
1731,23.74
1732,23.85
1733,23.97
1734,24.03
1735,24.55
1736,24.55
1737,24.73
1738,24.68
1739,24.54
1740,24.32
1741,24
1742,23.78
1743,23.8
1744,23.98
1745,24.53
1746,24.93
1747,24.88
1748,24.65
1749,24.51
1750,24.33
1751,24.2
1752,24.16
1753,23.9
1754,23.63
1755,23.52
1756,23.76
1757,23.96
1758,23.74
1759,24.12
1760,24.29
1761,24.54
1762,24.51
1763,24.33
1764,24.04
1765,23.65
1766,22.43
1767,23.3
1768,24
1769,24.56
1770,24.93
1771,24.99
1772,24.76
1773,24.64
1774,24.34
1775,23.32
1776,22.6
1777,22.52
1778,21.45
1779,21.64
1780,22.95
1781,24.63
1782,24.94
1783,26.1
1784,26.28
1785,25.8
1786,25.45
1787,24.93
1788,24.61
1789,24.53
1790,24.53
1791,24.65
1792,24.62
1793,24.81
1794,24.95
1795,25.01
1796,24.88
1797,24.72
1798,24.51
1799,23.93
1800,22.89
1801,22.68
1802,22.17
1803,23.02
1804,23.46
1805,24.51
1806,25.01
1807,26.4
1808,25.81
1809,26.62
1810,26.41
1811,25.93
1812,25.32
1813,25.12
1814,25.23
1815,25.12
1816,25.28
1817,26.71
1818,27.6
1819,27.81
1820,26.27
1821,25.38
1822,24.88
1823,24.31
1824,24.03
1825,23.92
1826,23.91
1827,23.94
1828,24.51
1829,25.95
1830,28.6
1831,47.44
1832,43.95
1833,33.92
1834,30.12
1835,32.39
1836,30.91
1837,30.57
1838,31.08
1839,35.18
1840,39.26
1841,43.45
1842,52.07
1843,60.04
1844,50.63
1845,40.63
1846,35.1
1847,29.31
1848,24.46
1849,24.21
1850,24.1
1851,24.19
1852,24.54
1853,31.06
1854,41.12
1855,50.93
1856,46.01
1857,33.61
1858,30.33
1859,29.97
1860,29.51
1861,29.64
1862,30.26
1863,31.97
1864,35.83
1865,43.91
1866,50.3
1867,48.66
1868,33.53
1869,39.04
1870,27.52
1871,25.18
1872,28.56
1873,27.38
1874,24.65
1875,24.68
1876,26.25
1877,27.97
1878,39.22
1879,45.42
1880,42.95
1881,31.04
1882,49.41
1883,30.42
1884,25.75
1885,25.73
1886,25.92
1887,27.19
1888,27.3
1889,31.36
1890,43.43
1891,30.79
1892,26.47
1893,25.73
1894,25.1
1895,24.75
1896,24.22
1897,23.98
1898,23.85
1899,23.82
1900,23.91
1901,23.94
1902,23.74
1903,24.03
1904,24.33
1905,24.49
1906,24.41
1907,24.17
1908,23.95
1909,23.7
1910,23.54
1911,23.61
1912,23.94
1913,24.34
1914,24.63
1915,24.92
1916,24.77
1917,24.71
1918,24.78
1919,23.42
1920,24.04
1921,23.81
1922,23.64
1923,23.73
1924,23.82
1925,23.74
1926,23.13
1927,23.41
1928,24.14
1929,24.44
1930,24.36
1931,24.75
1932,24.34
1933,24.13
1934,24.07
1935,24.06
1936,22.33
1937,26.09
1938,27.39
1939,26.46
1940,25.38
1941,25.13
1942,24.62
1943,24.06
1944,16
1945,23.17
1946,23.3
1947,23.47
1948,23.84
1949,24.34
1950,24.91
1951,25.82
1952,25.99
1953,25.68
1954,25.45
1955,25.34
1956,25.22
1957,25.1
1958,24.83
1959,24.79
1960,24.84
1961,25.2
1962,25.7
1963,30.25
1964,26.61
1965,26.47
1966,24.77
1967,24.1
1968,24.21
1969,24.05
1970,24.07
1971,24.15
1972,24.49
1973,25.17
1974,37.95
1975,48.56
1976,58.5
1977,50.27
1978,44.95
1979,44.23
1980,44.39
1981,46.01
1982,47.87
1983,50.57
1984,54.95
1985,58.05
1986,61.79
1987,54.95
1988,46.15
1989,39.99
1990,28.49
1991,24.87
1992,24.67
1993,24.51
1994,24.41
1995,24.46
1996,24.98
1997,25.39
1998,27
1999,31.58
2000,42.5
2001,39.28
2002,33.11
2003,28.27
2004,26.91
2005,26.35
2006,25.2
2007,24.84
2008,24.72
2009,24.67
2010,24.65
2011,24.71
2012,24.41
2013,24.28
2014,24.17
2015,23.81
2016,23.4
2017,22.92
2018,22.89
2019,23.1
2020,23.41
2021,24.3
2022,25.39
2023,39.95
2024,43.99
2025,27.47
2026,27.87
2027,27.35
2028,27.09
2029,27.05
2030,26.86
2031,26.35
2032,32.78
2033,43.34
2034,26.87
2035,27.1
2036,26.41
2037,26.1
2038,24.9
2039,24.22
2040,24.17
2041,24.05
2042,24.01
2043,24.07
2044,24.38
2045,25.23
2046,27.01
2047,32.7
2048,41.98
2049,39.02
2050,34.21
2051,32.11
2052,28.91
2053,27.76
2054,27.29
2055,25.82
2056,25.53
2057,25.84
2058,26.8
2059,26.14
2060,25
2061,24.74
2062,24.42
2063,24.08
2064,24.41
2065,24.37
2066,24.34
2067,24.39
2068,24.44
2069,24.33
2070,25.59
2071,26.31
2072,25.97
2073,27.07
2074,24.71
2075,24.42
2076,25.51
2077,23.29
2078,23.11
2079,23.57
2080,23.7
2081,24.01
2082,24.04
2083,24.01
2084,24.23
2085,22.18
2086,19.51
2087,11.71
2088,9.9
2089,8.93
2090,16.08
2091,
2092,
2093,22.19
2094,21.82
2095,22.62
2096,23.33
2097,23.72
2098,23.8
2099,23.65
2100,23.53
2101,23.33
2102,23.27
2103,23.4
2104,23.76
2105,24.22
2106,24.37
2107,24.43
2108,24.29
2109,24.09
2110,23.6
2111,23.21
2112,23
2113,22.56
2114,22.61
2115,23.22
2116,19.33
2117,23.76
2118,29.14
2119,24.94
2120,24.89
2121,26.15
2122,25.27
2123,16.06
2124,14.92
2125,13.01
2126,12.7
2127,11.41
2128,15.19
2129,23.99
2130,24.38
2131,24.35
2132,24.33
2133,24.97
2134,22.51
2135,20.75
2136,23.04
2137,22.68
2138,22.65
2139,23.32
2140,23.03
2141,24.95
2142,25.99
2143,25.39
2144,25.39
2145,25.33
2146,25.22
2147,24.91
2148,24.91
2149,24.86
2150,24.7
2151,24.61
2152,24.58
2153,24.81
2154,24.14
2155,23.37
2156,17.87
2157,12.59
2158,0.08
2159,13.96
2160,2.73
2161,0.12
2162,0.11
2163,5.06
2164,16.99
2165,23.77
2166,27
2167,25.46
2168,25.43
2169,25.21
2170,20.66
2171,13.55
2172,15.3
2173,15.18
2174,20.07
2175,16.97
2176,24.27
2177,25.39
2178,25.2
2179,25.34
2180,25.33
2181,25.26
2182,22.25
2183,24.34
2184,22.95
2185,19.9
2186,24
2187,24.31
2188,24.93
2189,25.52
2190,25.67
2191,25.63
2192,25.47
2193,25.47
2194,25.42
2195,25.31
2196,25.3
2197,25.12
2198,24.64
2199,24.03
2200,24.65
2201,25.15
2202,25.32
2203,25.53
2204,25.38
2205,25.07
2206,24.47
2207,19.46
2208,23.19
2209,23.69
2210,23.76
2211,23.93
2212,24.01
2213,24.14
2214,24.64
2215,24.82
2216,24.99
2217,25.03
2218,25.02
2219,24.81
2220,24.63
2221,24.24
2222,24.11
2223,24.4
2224,25.07
2225,25.6
2226,25.81
2227,25.81
2228,25.8
2229,25.69
2230,25.54
2231,25.67
2232,25.47
2233,25.51
2234,25.38
2235,25.1
2236,25.29
2237,25.4
2238,25.76
2239,25.97
2240,26.32
2241,26.31
2242,25.98
2243,25.58
2244,25.12
2245,24.91
2246,24.81
2247,24.45
2248,25.83
2249,25.72
2250,25.91
2251,25.91
2252,25.9
2253,25.79
2254,25.56
2255,25.84
2256,25.62
2257,25.42
2258,25.08
2259,24.6
2260,24.72
2261,24.62
2262,24.72
2263,25.41
2264,25.33
2265,25.33
2266,25.34
2267,24.82
2268,24.56
2269,24.41
2270,24.36
2271,24.41
2272,23.98
2273,26.22
2274,26.04
2275,26.4
2276,26.4
2277,26.13
2278,25.75
2279,26.36
2280,25.17
2281,24.09
2282,24.4
2283,24.62
2284,24.79
2285,24.98
2286,25.05
2287,25.52
2288,25.75
2289,25.93
2290,26.14
2291,25.98
2292,25.21
2293,24.78
2294,24.63
2295,24.86
2296,24.54
2297,26.55
2298,26.27
2299,26.3
2300,26.11
2301,25.95
2302,25.48
2303,25.2
2304,24.89
2305,24.69
2306,24.67
2307,24.71
2308,25.2
2309,25.89
2310,26.3
2311,26.8
2312,26.69
2313,26.53
2314,26.48
2315,26.16
2316,26.08
2317,25.9
2318,25.93
2319,25.88
2320,25.97
2321,26.11
2322,26.21
2323,26.37
2324,26.18
2325,25.63
2326,24.98
2327,23.17
2328,24.05
2329,23.87
2330,23.88
2331,24.14
2332,24.52
2333,25.33
2334,26.15
2335,26.61
2336,26.38
2337,26.36
2338,26.19
2339,26.03
2340,25.99
2341,25.9
2342,25.81
2343,27.59
2344,41.79
2345,46.01
2346,52.92
2347,55.3
2348,47.15
2349,39.19
2350,27.46
2351,28.78
2352,27.52
2353,27.21
2354,27.46
2355,27.72
2356,28.71
2357,45
2358,55
2359,63.49
2360,51.92
2361,43.11
2362,40.98
2363,32.22
2364,30.89
2365,31.01
2366,31.23
2367,33.62
2368,39.36
2369,39.35
2370,49.97
2371,54.59
2372,51.75
2373,42.32
2374,27.69
2375,25.15
2376,24.8
2377,24.97
2378,25.09
2379,25.52
2380,27.97
2381,35.09
2382,52.44
2383,54.25
2384,42.6
2385,35.13
2386,29.77
2387,28.21
2388,27.51
2389,26.43
2390,27.22
2391,28.23
2392,33.84
2393,39.56
2394,41.89
2395,28.65
2396,26.04
2397,24.81
2398,24.34
2399,25.51
2400,25.26
2401,24.82
2402,24.75
2403,24.74
2404,24.77
2405,24.82
2406,25.02
2407,25.16
2408,26.28
2409,26.26
2410,25.09
2411,21.82
2412,24.08
2413,23.62
2414,22.33
2415,23.31
2416,22.46
2417,23.94
2418,24.02
2419,24.5
2420,24.33
2421,23.93
2422,22.11
2423,-12.18
2424,-13.42
2425,-12.2
2426,0.1
2427,11.37
2428,14.3
2429,12.99
2430,14.27
2431,14.87
2432,14.25
2433,9.27
2434,0.08
2435,-4.96
2436,-12.12
2437,-12.14
2438,-12.12
2439,-2.61
2440,10.16
2441,20.98
2442,25.9
2443,24.69
2444,24.75
2445,25.94
2446,20.3
2447,18.62
2448,16.67
2449,0.11
2450,0.04
2451,0.01
2452,0.44
2453,25.85
2454,24.98
2455,25.1
2456,25.01
2457,24.96
2458,25.67
2459,23.24
2460,22.73
2461,22.12
2462,23.08
2463,24.32
2464,25.55
2465,25.28
2466,25.13
2467,25.59
2468,25.7
2469,25.38
2470,24.99
2471,24.45
2472,24.53
2473,24.53
2474,24.7
2475,24.91
2476,25.29
2477,25.71
2478,31.83
2479,31.02
2480,30.03
2481,26.04
2482,25.6
2483,25.48
2484,25.43
2485,25.13
2486,25.08
2487,23.5
2488,26.32
2489,25.42
2490,25.42
2491,25.53
2492,25.53
2493,25.17
2494,24.26
2495,23.05
2496,24.07
2497,23.63
2498,24.06
2499,24.7
2500,25.13
2501,25.81
2502,26.86
2503,27.44
2504,28.61
2505,26.5
2506,23.54
2507,21.99
2508,19.92
2509,12.3
2510,13.73
2511,13.13
2512,19.92
2513,25.54
2514,25.53
2515,25.64
2516,25.46
2517,25.18
2518,24.46
2519,23.19
2520,22.65
2521,22.53
2522,23.06
2523,23.83
2524,24.59
2525,25.28
2526,26.85
2527,27.96
2528,27.23
2529,26.53
2530,26.18
2531,25.51
2532,25.46
2533,25.33
2534,25.28
2535,25.12
2536,25.27
2537,25.38
2538,25.45
2539,25.91
2540,25.82
2541,25.32
2542,24.93
2543,23.92
2544,23.73
2545,23.71
2546,23.86
2547,24.08
2548,24.86
2549,25.96
2550,28.23
2551,28.9
2552,28.43
2553,28.29
2554,27.84
2555,27.2
2556,26.24
2557,25.8
2558,25.13
2559,24.92
2560,24.96
2561,25.03
2562,25.1
2563,25.31
2564,25.37
2565,25.05
2566,24.72
2567,24.28
2568,24.1
2569,24.05
2570,24.07
2571,24.12
2572,24.18
2573,24.12
2574,24.3
2575,29.19
2576,26.8
2577,23.31
2578,24.37
2579,24.14
2580,23.98
2581,23.8
2582,23.63
2583,23.66
2584,20.71
2585,27.41
2586,24.29
2587,24.38
2588,24.41
2589,24.27
2590,24.06
2591,24.21
2592,23.87
2593,23.29
2594,22.42
2595,22.34
2596,22.01
2597,21.78
2598,20.3
2599,25.95
2600,24.03
2601,24.14
2602,24.1
2603,24.01
2604,23.83
2605,23.65
2606,23.46
2607,23.27
2608,22.41
2609,25.22
2610,24.14
2611,24.24
2612,24.21
2613,23.85
2614,23.39
2615,21.86
2616,20.71
2617,20.62
2618,22.03
2619,22.73
2620,24.35
2621,25.32
2622,27.27
2623,30.66
2624,29.98
2625,28.48
2626,27.6
2627,26.69
2628,26.04
2629,25.76
2630,25.83
2631,25.81
2632,25.87
2633,25.75
2634,25.74
2635,26.15
2636,26.09
2637,25.12
2638,24.55
2639,22.8
2640,21.59
2641,21.37
2642,21.71
2643,22.46
2644,23.42
2645,25.02
2646,26.24
2647,26.88
2648,26.78
2649,26.55
2650,26.17
2651,25.54
2652,25.42
2653,25.27
2654,25.09
2655,24.9
2656,25.13
2657,25.1
2658,25.04
2659,25.26
2660,25.22
2661,24.51
2662,23.81
2663,21.56
2664,20.56
2665,20.9
2666,21.7
2667,22.68
2668,23.53
2669,24.93
2670,31.07
2671,46.16
2672,38.73
2673,37.93
2674,32.41
2675,30.03
2676,29.71
2677,29.57
2678,29.69
2679,30.05
2680,31.03
2681,31.61
2682,26.36
2683,24.85
2684,24.86
2685,23.95
2686,22.62
2687,15.76
2688,14.29
2689,13.08
2690,13.19
2691,14.22
2692,17.91
2693,23.24
2694,24.57
2695,24.91
2696,24.77
2697,24.65
2698,24.39
2699,24.22
2700,24.05
2701,23.87
2702,23.72
2703,23.5
2704,23.63
2705,23.59
2706,23.68
2707,24.13
2708,24.5
2709,24.04
2710,23.2
2711,22.64
2712,22.39
2713,22.5
2714,22.91
2715,25.31
2716,24.87
2717,39.42
2718,46.78
2719,47.44
2720,42
2721,38.93
2722,30.87
2723,28.16
2724,25.04
2725,24.6
2726,24.27
2727,24.01
2728,24.15
2729,24.29
2730,24.13
2731,24.47
2732,24.24
2733,23.72
2734,23.28
2735,23.53
2736,23.28
2737,23.12
2738,22.64
2739,21.98
2740,21.68
2741,21.74
2742,22.96
2743,23.56
2744,23.76
2745,23.77
2746,23.61
2747,23.44
2748,23.19
2749,23.03
2750,22.88
2751,22.95
2752,23.35
2753,23.4
2754,23.38
2755,23.59
2756,23.47
2757,23.07
2758,22.39
2759,22.39
2760,20.87
2761,19.48
2762,18.87
2763,17.79
2764,18.26
2765,18.75
2766,19.17
2767,22.03
2768,23.05
2769,23.19
2770,23.26
2771,22.81
2772,22.56
2773,22.39
2774,22.34
2775,22.58
2776,23.14
2777,23.85
2778,29.57
2779,34.97
2780,33.28
2781,33.55
2782,32.63
2783,29.72
2784,24.45
2785,23.21
2786,23.06
2787,23.07
2788,25.18
2789,38
2790,43.94
2791,48.57
2792,46
2793,44.44
2794,42.63
2795,39.03
2796,36.64
2797,33.46
2798,33.41
2799,27.37
2800,31.27
2801,31.29
2802,33.44
2803,39.87
2804,39.84
2805,32.16
2806,24.72
2807,24.8
2808,24.47
2809,24.5
2810,24.53
2811,24.86
2812,25.71
2813,34.48
2814,47.81
2815,56.41
2816,53.72
2817,48.77
2818,46.77
2819,31.45
2820,30.88
2821,28.06
2822,27.9
2823,27.07
2824,27.1
2825,26.99
2826,26.61
2827,26.42
2828,26.64
2829,25.46
2830,24.34
2831,24.48
2832,24.07
2833,23.97
2834,24.08
2835,24.38
2836,25.17
2837,26.58
2838,31.07
2839,31.69
2840,29.22
2841,28.3
2842,27.55
2843,26.85
2844,26.45
2845,26.15
2846,26.26
2847,25.98
2848,26.14
2849,26.3
2850,26.46
2851,26.67
2852,26.38
2853,25.28
2854,24.34
2855,23.73
2856,23.13
2857,22.97
2858,23.45
2859,23.94
2860,25.19
2861,26.21
2862,37.73
2863,41.19
2864,37.18
2865,28.48
2866,27.92
2867,27.27
2868,26.86
2869,26.71
2870,26.3
2871,26.27
2872,26.29
2873,26.15
2874,37.79
2875,31.77
2876,31.64
2877,25.91
2878,25.24
2879,24.69
2880,24.09
2881,23.79
2882,23.51
2883,23.43
2884,23.29
2885,23.2
2886,23.89
2887,24.71
2888,25.26
2889,25.49
2890,25.37
2891,25.17
2892,24.84
2893,24.57
2894,24.52
2895,24.4
2896,24.6
2897,24.88
2898,25.3
2899,25.66
2900,25.67
2901,25.69
2902,24.89
2903,23.94
2904,21.62
2905,19.85
2906,18.59
2907,18.4
2908,20.04
2909,22.07
2910,23.22
2911,24.64
2912,24.74
2913,24.73
2914,24.62
2915,24.22
2916,23.95
2917,23.72
2918,23.51
2919,24.13
2920,24.83
2921,25.1
2922,25.17
2923,25.72
2924,26.07
2925,25.61
2926,25.14
2927,22.97
2928,23.44
2929,23.27
2930,22.76
2931,22.56
2932,22.1
2933,19.88
2934,23.09
2935,23.99
2936,24.44
2937,24.59
2938,24.45
2939,24.2
2940,23.7
2941,23.39
2942,23.25
2943,12.72
2944,13.29
2945,16.01
2946,18.81
2947,19.96
2948,20.5
2949,20.48
2950,12.17
2951,9.59
2952,9.52
2953,10.39
2954,4.89
2955,9.6
2956,19.11
2957,30.08
2958,28.91
2959,31.44
2960,30.08
2961,29.18
2962,28.82
2963,28.43
2964,28.14
2965,28.01
2966,27.68
2967,27.61
2968,28.06
2969,28.68
2970,33.69
2971,35.1
2972,39.63
2973,28.04
2974,26.5
2975,24
2976,23.84
2977,23.8
2978,23.62
2979,23.57
2980,24.25
2981,25.57
2982,29.61
2983,30.86
2984,28.59
2985,26.84
2986,26.56
2987,26.14
2988,26.67
2989,25.21
2990,24.87
2991,24.85
2992,24.99
2993,25.47
2994,25.48
2995,25.22
2996,25.18
2997,24.5
2998,23.23
2999,21.96
3000,20.48
3001,17.97
3002,15.9
3003,17.1
3004,22.84
3005,24.7
3006,26.17
3007,27.07
3008,26.97
3009,26.63
3010,26.65
3011,24
3012,24.56
3013,24.42
3014,24.24
3015,24.16
3016,23.24
3017,26.74
3018,25.64
3019,25.53
3020,25.93
3021,25.53
3022,22
3023,18.2
3024,13.95
3025,12.11
3026,11.3
3027,12.64
3028,18.41
3029,23.57
3030,25.64
3031,25.82
3032,25.52
3033,24.67
3034,24.17
3035,23.65
3036,23.61
3037,23.32
3038,23.51
3039,23.86
3040,24.32
3041,24.45
3042,24.83
3043,25.23
3044,26.01
3045,25.22
3046,23.79
3047,22.02
3048,21.51
3049,21.35
3050,21.66
3051,22.05
3052,23.11
3053,30.89
3054,30.58
3055,31.21
3056,32.58
3057,31.55
3058,30.89
3059,29.29
3060,26.79
3061,25.08
3062,25.1
3063,25.24
3064,30.07
3065,33.93
3066,33.02
3067,31.02
3068,26.64
3069,25.08
3070,22.97
3071,21.46
3072,20.04
3073,18.41
3074,15.72
3075,15.75
3076,15.66
3077,16.86
3078,18.42
3079,21.08
3080,21.11
3081,19.48
3082,19.12
3083,18.26
3084,17.77
3085,17.99
3086,18.4
3087,19.17
3088,19.89
3089,20.64
3090,19.79
3091,20.28
3092,20.95
3093,20.99
3094,19.03
3095,8.1
3096,10.32
3097,12.58
3098,11.9
3099,9.44
3100,8.39
3101,9.08
3102,9.96
3103,9.99
3104,9.95
3105,2.78
3106,2.76
3107,19.65
3108,19.16
3109,19.09
3110,18.6
3111,19.19
3112,20.56
3113,21.68
3114,23.46
3115,24.41
3116,25.28
3117,24.54
3118,23.22
3119,22.04
3120,18.35
3121,17.06
3122,19.1
3123,19.62
3124,18.62
3125,25.21
3126,23.93
3127,23.96
3128,23.83
3129,23.68
3130,23.31
3131,23.13
3132,23.06
3133,22.9
3134,22.73
3135,22.66
3136,22.68
3137,22.87
3138,22.92
3139,22.98
3140,23.23
3141,22.34
3142,20.8
3143,19.27
3144,18.57
3145,18.42
3146,17.94
3147,18.98
3148,21.54
3149,24.34
3150,37.07
3151,46.35
3152,46.04
3153,44.74
3154,41.5
3155,31.31
3156,24.1
3157,24.05
3158,23.26
3159,22.86
3160,22.65
3161,22.03
3162,22.1
3163,22.08
3164,22.44
3165,21.99
3166,21.03
3167,14.58
3168,12.47
3169,10.85
3170,10.56
3171,10.37
3172,16.91
3173,21.51
3174,23.14
3175,23.11
3176,22.94
3177,22.74
3178,22.52
3179,22.18
3180,22.04
3181,21.94
3182,21.87
3183,21.82
3184,21.94
3185,21.76
3186,21.81
3187,21.77
3188,21.96
3189,21.58
3190,20.85
3191,16.5
3192,14.63
3193,13.41
3194,12.36
3195,11.74
3196,10.38
3197,15.16
3198,18.05
3199,18.56
3200,18.95
3201,19.29
3202,19.57
3203,18.88
3204,18.41
3205,17.9
3206,17.45
3207,18.2
3208,19.25
3209,21.76
3210,22.2
3211,25.66
3212,22.5
3213,22.32
3214,21.57
3215,20.41
3216,18.87
3217,18.38
3218,18.26
3219,18.63
3220,20.37
3221,26.38
3222,22.76
3223,23.09
3224,23.33
3225,23.38
3226,23.21
3227,23
3228,22.9
3229,22.74
3230,22.66
3231,22.64
3232,22.79
3233,22.91
3234,22.84
3235,22.9
3236,22.91
3237,22.75
3238,22.3
3239,21.54
3240,21.3
3241,21.25
3242,20.64
3243,20.53
3244,20.57
3245,20.43
3246,21.19
3247,21.55
3248,21.67
3249,21.42
3250,21.29
3251,20.14
3252,18.75
3253,17.23
3254,16.31
3255,16.08
3256,17.59
3257,20.05
3258,20.92
3259,19.43
3260,19.61
3261,18.51
3262,15.68
3263,12.35
3264,7.75
3265,6.85
3266,6.57
3267,6.18
3268,3.98
3269,3.53
3270,8.57
3271,11.97
3272,13.47
3273,14.44
3274,13.41
3275,10.1
3276,5.19
3277,0.11
3278,0.11
3279,3.17
3280,12.77
3281,16.88
3282,21.24
3283,21.04
3284,21.37
3285,21.26
3286,20.08
3287,18.14
3288,18
3289,17.9
3290,17.9
3291,17.8
3292,21.51
3293,24.41
3294,32.28
3295,42.2
3296,38.98
3297,34.59
3298,34.85
3299,31.91
3300,29.9
3301,27.15
3302,26.7
3303,26.47
3304,27.06
3305,27
3306,26.21
3307,25.22
3308,24.79
3309,23.57
3310,22.47
3311,-6.72
3312,9.94
3313,17.56
3314,15.97
3315,18.58
3316,21.38
3317,24.02
3318,27.25
3319,32.08
3320,32.08
3321,30.68
3322,29.17
3323,27.04
3324,26.25
3325,25.49
3326,24.99
3327,25.04
3328,26.42
3329,26.56
3330,26.13
3331,25.53
3332,25.55
3333,24.49
3334,22.51
3335,21.38
3336,21.14
3337,21.13
3338,21.08
3339,21.26
3340,22.28
3341,28.06
3342,46.04
3343,49.25
3344,40.25
3345,41.85
3346,36.98
3347,32.91
3348,32.21
3349,32.73
3350,30.7
3351,29.07
3352,31.24
3353,33.94
3354,34.7
3355,32.92
3356,31.16
3357,27.78
3358,24.12
3359,22.67
3360,21.81
3361,21.61
3362,21.57
3363,21.65
3364,23.64
3365,30.37
3366,41.97
3367,49.97
3368,42.77
3369,40.01
3370,40.28
3371,36.09
3372,33.44
3373,31.61
3374,29.93
3375,29.62
3376,30.97
3377,34.14
3378,33.87
3379,32.52
3380,32.55
3381,27.19
3382,23.67
3383,22.3
3384,21.29
3385,20.85
3386,20.49
3387,20.58
3388,18.07
3389,28.08
3390,30.31
3391,30.43
3392,27.14
3393,26.35
3394,25.7
3395,24.03
3396,23.19
3397,22.71
3398,22
3399,21.88
3400,22.11
3401,22.04
3402,21.8
3403,21.51
3404,21.47
3405,21.13
3406,20.09
3407,17.56
3408,14.53
3409,12.74
3410,12.13
3411,11.67
3412,11.91
3413,14.97
3414,18
3415,19.92
3416,21.01
3417,21.26
3418,21.16
3419,20.48
3420,19.69
3421,19.2
3422,19
3423,18.96
3424,19.76
3425,20.36
3426,20.46
3427,20.47
3428,20.74
3429,21.1
3430,20.39
3431,20.62
3432,19.84
3433,19.06
3434,17.88
3435,17.55
3436,15.96
3437,14.94
3438,16.15
3439,18.64
3440,20.22
3441,20.8
3442,21.01
3443,20.71
3444,20.22
3445,19.41
3446,19.05
3447,19
3448,20.41
3449,20.12
3450,23.17
3451,22.79
3452,22.99
3453,22.63
3454,21.5
3455,21.1
3456,19.31
3457,17.92
3458,16.1
3459,15.91
3460,18.58
3461,20.98
3462,22.09
3463,22.94
3464,24.09
3465,23.99
3466,25.01
3467,25
3468,22.81
3469,22.46
3470,22.07
3471,21.98
3472,22.53
3473,24.2
3474,23.98
3475,23.36
3476,25.44
3477,23.93
3478,22.19
3479,22.29
3480,21.4
3481,21.04
3482,20.9
3483,20.95
3484,22.52
3485,25.62
3486,27.57
3487,30.43
3488,30.06
3489,26.84
3490,23.93
3491,23.66
3492,23.62
3493,23.27
3494,22.96
3495,22.69
3496,22.75
3497,22.52
3498,22.58
3499,22.57
3500,22.47
3501,22.42
3502,21.28
3503,20.03
3504,18.75
3505,17.68
3506,17.03
3507,17.08
3508,20.06
3509,22.04
3510,26.46
3511,28.35
3512,27.95
3513,27.79
3514,27.34
3515,26.92
3516,26.45
3517,26.21
3518,25.23
3519,24.18
3520,25.01
3521,30.9
3522,31.09
3523,31.17
3524,26.33
3525,26.35
3526,21.82
3527,20.72
3528,19.9
3529,19.2
3530,18.84
3531,18.8
3532,20.69
3533,22.67
3534,25.35
3535,26.24
3536,24.42
3537,23.88
3538,23.35
3539,23.31
3540,23.27
3541,23.1
3542,22.99
3543,22.63
3544,22.73
3545,22.59
3546,22.37
3547,22.05
3548,22.07
3549,21.56
3550,20.41
3551,18.02
3552,16.96
3553,15.33
3554,14.71
3555,15.28
3556,18.44
3557,13.86
3558,30.34
3559,30.03
3560,19.91
3561,22.87
3562,22.35
3563,21.93
3564,21.64
3565,21.36
3566,21.19
3567,21.23
3568,21.71
3569,22.04
3570,22.21
3571,22.18
3572,21.99
3573,22.33
3574,20.93
3575,18.59
3576,16.8
3577,15.32
3578,14.24
3579,12.91
3580,13.09
3581,14.53
3582,16.4
3583,19
3584,19.7
3585,19.06
3586,18.67
3587,16.94
3588,15.37
3589,15.16
3590,14.98
3591,14.51
3592,18.05
3593,19.1
3594,18.69
3595,17.85
3596,17.62
3597,18.13
3598,16.67
3599,14.53
3600,12.52
3601,11.18
3602,10
3603,8.94
3604,9.92
3605,11.72
3606,11.12
3607,13.89
3608,15.92
3609,15.55
3610,16.01
3611,14.66
3612,13.24
3613,11.15
3614,10.36
3615,10.69
3616,13.58
3617,16.22
3618,17.7
3619,17.4
3620,17.31
3621,16.88
3622,13.64
3623,12.97
3624,11.56
3625,9.83
3626,9.82
3627,10.54
3628,14.98
3629,20.01
3630,23.32
3631,23.42
3632,21.94
3633,21.68
3634,21.18
3635,21.09
3636,20.97
3637,21.18
3638,21.39
3639,21.05
3640,21.09
3641,23.09
3642,38.94
3643,37.97
3644,30.59
3645,30.15
3646,10.17
3647,16.9
3648,12.14
3649,9.99
3650,8.51
3651,8
3652,11.15
3653,18.55
3654,20.16
3655,20.26
3656,20
3657,19.94
3658,20.22
3659,18.72
3660,18.05
3661,17.46
3662,17.32
3663,17.4
3664,17.55
3665,18.16
3666,17.8
3667,17.51
3668,17
3669,15.41
3670,8.93
3671,9.04
3672,6.15
3673,5.51
3674,4.89
3675,5.77
3676,9.24
3677,17
3678,18.97
3679,19.59
3680,19.56
3681,19.45
3682,19.28
3683,19.29
3684,19.24
3685,19.1
3686,18.34
3687,17.9
3688,17.84
3689,17.96
3690,17.96
3691,18.07
3692,17.77
3693,17.07
3694,12.54
3695,13.17
3696,11.33
3697,10.81
3698,11.16
3699,14.82
3700,16.56
3701,18.78
3702,34.06
3703,31.63
3704,28.08
3705,24.99
3706,23.02
3707,21.12
3708,19.72
3709,18.73
3710,19.03
3711,20.01
3712,27.94
3713,33.61
3714,35.24
3715,31.94
3716,31.13
3717,20.04
3718,18.25
3719,15.7
3720,13.71
3721,12.43
3722,11.9
3723,12.06
3724,13.03
3725,16.99
3726,20.43
3727,22.26
3728,23.53
3729,27.75
3730,23.84
3731,22.62
3732,20.1
3733,19.29
3734,18.45
3735,17.7
3736,17.55
3737,21.91
3738,12.68
3739,16.46
3740,15.68
3741,15.26
3742,13.22
3743,9.94
3744,8.28
3745,7.36
3746,6.38
3747,5.39
3748,6.98
3749,8.04
3750,7.96
3751,14.77
3752,14.79
3753,15.44
3754,14.65
3755,13.73
3756,12.14
3757,11.12
3758,9.85
3759,9.14
3760,9.38
3761,9.93
3762,9.66
3763,9.59
3764,9.59
3765,9.5
3766,7.64
3767,4.87
3768,4.24
3769,4.02
3770,3.88
3771,3.73
3772,4.01
3773,4.25
3774,4.89
3775,8.44
3776,9.19
3777,10.1
3778,10.77
3779,9.9
3780,9.66
3781,8.36
3782,8.21
3783,8.71
3784,9.14
3785,10.6
3786,11.84
3787,12.66
3788,13.45
3789,13.79
3790,11.9
3791,10.44
3792,8.94
3793,8.37
3794,8.3
3795,9.21
3796,2.71
3797,28.73
3798,30.66
3799,41.99
3800,23.45
3801,23.79
3802,24.61
3803,23.91
3804,24.92
3805,28.25
3806,23.87
3807,21.41
3808,21.43
3809,21.46
3810,20.84
3811,18.6
3812,16.47
3813,16.46
3814,14.47
3815,14.01
3816,12.74
3817,12.62
3818,12.53
3819,12.66
3820,14.76
3821,30.85
3822,38.06
3823,40.49
3824,39.92
3825,40.33
3826,47.01
3827,44.94
3828,41.73
3829,33.38
3830,32.38
3831,32.36
3832,35.04
3833,35.06
3834,15.86
3835,15.29
3836,15.07
3837,13.95
3838,12.73
3839,14.96
3840,14.15
3841,13.22
3842,12.72
3843,12.84
3844,14.28
3845,29.98
3846,36.33
3847,41.96
3848,36.67
3849,32.42
3850,32.36
3851,31.16
3852,29.94
3853,19.67
3854,24.42
3855,8.61
3856,15.09
3857,14.91
3858,14.77
3859,14.61
3860,14.55
3861,14.2
3862,12.95
3863,9.07
3864,8.13
3865,7.4
3866,8.38
3867,9.1
3868,11.58
3869,15.76
3870,32
3871,32.24
3872,42.96
3873,40.4
3874,39.9
3875,35.21
3876,34.04
3877,32.77
3878,32.24
3879,32.24
3880,43.06
3881,36.7
3882,34.61
3883,29.98
3884,29.96
3885,14.77
3886,14.02
3887,13.09
3888,11.57
3889,10.67
3890,9.45
3891,5.56
3892,17.27
3893,32.21
3894,42.41
3895,44.92
3896,44.45
3897,41.85
3898,40.75
3899,35.15
3900,32.02
3901,30.14
3902,31.95
3903,32.18
3904,35.4
3905,40.72
3906,39.09
3907,39.12
3908,30
3909,29.91
3910,11.71
3911,8.54
3912,6.81
3913,5.79
3914,5.27
3915,4.99
3916,5.6
3917,7.56
3918,9.63
3919,27.3
3920,29.87
3921,28.91
3922,28.78
3923,26.25
3924,11.97
3925,11.46
3926,11.01
3927,11.1
3928,11.7
3929,11.74
3930,11.19
3931,11.02
3932,10.66
3933,10.63
3934,8.87
3935,8.51
3936,7.46
3937,6.38
3938,5.45
3939,4.78
3940,4.71
3941,5.68
3942,7
3943,8.53
3944,9.81
3945,10.91
3946,10.91
3947,9.89
3948,8.92
3949,8.46
3950,8.02
3951,7.46
3952,8.26
3953,9.13
3954,8.97
3955,8.69
3956,8.7
3957,8.58
3958,7.12
3959,6.07
3960,4.59
3961,4.22
3962,4.11
3963,4.4
3964,7.89
3965,12.21
3966,14.1
3967,31.82
3968,39.14
3969,38.05
3970,37.48
3971,23.38
3972,26.3
3973,29.71
3974,14.26
3975,13.66
3976,13.58
3977,13.35
3978,13.13
3979,13.01
3980,13.11
3981,12.74
3982,11.32
3983,11
3984,9.24
3985,8.13
3986,7.68
3987,7.94
3988,10.61
3989,13.83
3990,48.15
3991,50.97
3992,43.68
3993,46.77
3994,36.22
3995,31.44
3996,33.53
3997,29.84
3998,19.98
3999,17
4000,13.94
4001,13.9
4002,13.95
4003,36.31
4004,31.27
4005,34.28
4006,23.2
4007,10.96
4008,9.88
4009,8.88
4010,8.42
4011,8.3
4012,10.35
4013,28.59
4014,41.3
4015,43.21
4016,33.3
4017,30.43
4018,19.8
4019,15.89
4020,14.94
4021,14.52
4022,14.08
4023,13.7
4024,13.22
4025,13.09
4026,12.86
4027,12.56
4028,12.11
4029,11.47
4030,9.79
4031,9.29
4032,7.21
4033,5.99
4034,5.21
4035,5.29
4036,7.25
4037,11.72
4038,13.38
4039,17.1
4040,15.91
4041,14.94
4042,13.85
4043,12.95
4044,12.73
4045,12.4
4046,12.12
4047,11.76
4048,11.97
4049,11.89
4050,11.62
4051,11.19
4052,10.75
4053,10.26
4054,9.17
4055,8.17
4056,6.34
4057,4.69
4058,4.27
4059,4.06
4060,4.45
4061,10.19
4062,12.01
4063,12.7
4064,12.99
4065,13.58
4066,13.21
4067,12.98
4068,12.73
4069,12.5
4070,12.15
4071,12.04
4072,12.1
4073,12.09
4074,11.81
4075,11.52
4076,11.84
4077,11.97
4078,11.67
4079,9.61
4080,8.84
4081,8.18
4082,7.19
4083,5.84
4084,5.82
4085,8.11
4086,8.92
4087,9.75
4088,10.4
4089,10.97
4090,10.98
4091,10.44
4092,10.05
4093,9.62
4094,9.46
4095,9.48
4096,9.9
4097,10.22
4098,10.09
4099,9.79
4100,10.02
4101,10.08
4102,9.71
4103,9.8
4104,9.52
4105,9.17
4106,8.76
4107,8.39
4108,8.59
4109,9
4110,9.74
4111,20.48
4112,22.63
4113,23.77
4114,26.21
4115,23.71
4116,15.52
4117,15.53
4118,16.94
4119,15.33
4120,22.47
4121,28.99
4122,31.95
4123,32.7
4124,32.58
4125,12.95
4126,11.23
4127,11.54
4128,11.08
4129,10.62
4130,10.54
4131,10.58
4132,11.33
4133,16.06
4134,40.11
4135,43.47
4136,43.53
4137,43.72
4138,43.52
4139,38.24
4140,39.7
4141,35.31
4142,34.66
4143,33.04
4144,35.09
4145,35.59
4146,37.69
4147,38.99
4148,35.5
4149,31.04
4150,27.05
4151,12.82
4152,12.32
4153,12.07
4154,11.93
4155,11.88
4156,12.15
4157,30.46
4158,34.04
4159,42.28
4160,40.28
4161,40.42
4162,40.44
4163,32.84
4164,31
4165,30.35
4166,29.34
4167,27.51
4168,29.88
4169,29.33
4170,24.7
4171,13.24
4172,13.41
4173,12.96
4174,12.25
4175,9.91
4176,6.4
4177,5.24
4178,4.7
4179,4.25
4180,5.33
4181,11.14
4182,13.39
4183,13.67
4184,13.57
4185,13.53
4186,13.51
4187,13.5
4188,13.47
4189,13.45
4190,13.31
4191,13.06
4192,12.95
4193,13
4194,12.71
4195,12.53
4196,12.37
4197,11.61
4198,11
4199,8.26
4200,6.61
4201,5.1
4202,4.86
4203,5.21
4204,6.88
4205,11.51
4206,16.35
4207,16.85
4208,21.86
4209,38.89
4210,30.36
4211,18.01
4212,19.9
4213,17.65
4214,16.71
4215,16.16
4216,23.86
4217,34.48
4218,32.1
4219,14.04
4220,13.68
4221,12.24
4222,11.24
4223,12.71
4224,12.4
4225,12.15
4226,12.02
4227,12.02
4228,12.38
4229,30.69
4230,44.51
4231,45.05
4232,41.33
4233,37.91
4234,36.97
4235,35.98
4236,35.44
4237,33.93
4238,34.17
4239,34.27
4240,38.61
4241,41.26
4242,41.03
4243,36.95
4244,31.82
4245,30.24
4246,12.99
4247,16.24
4248,15.13
4249,14.32
4250,13.85
4251,13.36
4252,13.48
4253,25.13
4254,26.08
4255,33.21
4256,35.48
4257,34.91
4258,34.13
4259,32.34
4260,28.14
4261,26.43
4262,25.05
4263,25.06
4264,27.01
4265,29.41
4266,24.2
4267,16.24
4268,15.78
4269,15.72
4270,14.35
4271,14.19
4272,13.47
4273,13.12
4274,12.71
4275,12.12
4276,12.13
4277,12.74
4278,13.4
4279,14.37
4280,15.56
4281,15.04
4282,16.07
4283,15.23
4284,14.94
4285,14.3
4286,14.68
4287,15.55
4288,17.42
4289,28.72
4290,32.87
4291,32.84
4292,30.6
4293,24.31
4294,15.54
4295,13.71
4296,12.94
4297,11.79
4298,11.48
4299,11.48
4300,13.95
4301,17.22
4302,36.3
4303,47.62
4304,43.93
4305,41.55
4306,40.02
4307,34.55
4308,32.62
4309,31.69
4310,32.17
4311,34.5
4312,39.46
4313,39.13
4314,32.03
4315,29.86
4316,23.58
4317,17.04
4318,14.05
4319,13.66
4320,12.18
4321,11.61
4322,11.38
4323,11.49
4324,13.63
4325,36.07
4326,42.55
4327,42.61
4328,37.93
4329,36.07
4330,35.72
4331,32.91
4332,31.88
4333,31.23
4334,31.97
4335,33.92
4336,40.02
4337,43.9
4338,46.79
4339,44.54
4340,41.16
4341,36.93
4342,30.46
4343,13.43
4344,12.85
4345,12.29
4346,11.92
4347,12
4348,13.27
4349,29.17
4350,39.78
4351,41.54
4352,36.9
4353,34.22
4354,31.99
4355,30.04
4356,28.77
4357,29.43
4358,29.99
4359,29.83
4360,32.36
4361,19.94
4362,17.43
4363,15.17
4364,14.21
4365,13.4
4366,12.4
4367,10.57
4368,9
4369,7.31
4370,6.62
4371,6.49
4372,9.23
4373,12.25
4374,13.44
4375,14.02
4376,14.09
4377,14.12
4378,13.83
4379,13.42
4380,13.07
4381,12.92
4382,12.11
4383,11.69
4384,12.08
4385,12.58
4386,12.65
4387,12.6
4388,11.58
4389,10.8
4390,8.73
4391,4.86
4392,4.72
4393,4.33
4394,4.19
4395,4.27
4396,5.07
4397,10.03
4398,13.02
4399,41.9
4400,41.28
4401,41.32
4402,41.29
4403,35.22
4404,33.95
4405,35.34
4406,35.24
4407,47.43
4408,60
4409,58.94
4410,57.34
4411,39.91
4412,37.86
4413,41.3
4414,34.55
4415,37.04
4416,31.76
4417,31
4418,32.09
4419,29.74
4420,28.46
4421,27.58
4422,30.82
4423,35.03
4424,38.94
4425,31.35
4426,28.68
4427,28.15
4428,28.12
4429,27.67
4430,28.68
4431,30.91
4432,39.29
4433,43.99
4434,44.14
4435,40.05
4436,38.99
4437,39.89
4438,28.84
4439,10.28
4440,10.05
4441,9.53
4442,9.14
4443,8.94
4444,8.82
4445,9.82
4446,25.58
4447,26.08
4448,26.1
4449,24.77
4450,24.01
4451,24.36
4452,23.08
4453,22.72
4454,24.02
4455,24.74
4456,28.65
4457,32.56
4458,33.6
4459,33.57
4460,11.83
4461,11.64
4462,10.81
4463,10.74
4464,9.4
4465,8.59
4466,7.14
4467,6.07
4468,7.88
4469,10.19
4470,11.57
4471,12.15
4472,12.49
4473,12.56
4474,12.2
4475,11.83
4476,11.56
4477,11.12
4478,10.55
4479,9.97
4480,10.15
4481,10.15
4482,10.23
4483,10.21
4484,10.27
4485,10.19
4486,9.39
4487,5.64
4488,5.85
4489,5.09
4490,5.03
4491,4.74
4492,7.64
4493,9.95
4494,47.08
4495,47.14
4496,47.17
4497,50.1
4498,57.42
4499,46.35
4500,35.77
4501,35.67
4502,19.91
4503,19.95
4504,47.05
4505,30.98
4506,29.52
4507,12.06
4508,11.78
4509,11.31
4510,10.7
4511,8.15
4512,6.98
4513,6.21
4514,5.37
4515,4.97
4516,6.05
4517,8.42
4518,9.29
4519,10.17
4520,10.57
4521,10.93
4522,10.32
4523,9.89
4524,9.65
4525,9.45
4526,8.84
4527,8.32
4528,8.07
4529,8.41
4530,7.7
4531,7.25
4532,6.77
4533,6.99
4534,5.1
4535,4.35
4536,3.96
4537,3.58
4538,3.27
4539,3.25
4540,3.72
4541,4.89
4542,6.07
4543,6.85
4544,7.54
4545,8.01
4546,7.86
4547,7.55
4548,7.12
4549,7.14
4550,6.23
4551,6.14
4552,6.51
4553,6.13
4554,5.78
4555,5.56
4556,5.21
4557,4.99
4558,4.43
4559,3.74
4560,3.43
4561,3.22
4562,3.01
4563,2.91
4564,3.26
4565,4.39
4566,5.24
4567,5.7
4568,6.32
4569,6.61
4570,6.62
4571,6.21
4572,5.94
4573,5.63
4574,5.43
4575,5.47
4576,5.84
4577,5.95
4578,6.14
4579,6.77
4580,6.74
4581,7.62
4582,7.78
4583,7.26
4584,6.88
4585,6.66
4586,6.43
4587,6.03
4588,6.43
4589,6.66
4590,27.67
4591,32.49
4592,30.71
4593,28.64
4594,29.88
4595,29.91
4596,28.56
4597,27.46
4598,27.1
4599,27.49
4600,30.4
4601,36.82
4602,39.79
4603,37.08
4604,19.93
4605,14.94
4606,8.74
4607,8.09
4608,7.43
4609,6.57
4610,6.08
4611,5.61
4612,5.64
4613,6.01
4614,6.83
4615,7.93
4616,23.44
4617,21.06
4618,22.98
4619,9.77
4620,9.29
4621,8.82
4622,8.68
4623,8.93
4624,9.71
4625,10.07
4626,10.58
4627,10.19
4628,9.84
4629,9.31
4630,8.59
4631,8.23
4632,7.8
4633,7.38
4634,7.05
4635,6.95
4636,7.8
4637,10.25
4638,42.51
4639,45.84
4640,40.59
4641,40.64
4642,40.57
4643,27.65
4644,27.61
4645,19.92
4646,13.35
4647,12.56
4648,19.68
4649,23.49
4650,12.19
4651,11.63
4652,11.29
4653,10.71
4654,9.48
4655,8.75
4656,8.1
4657,7.59
4658,7.29
4659,7.64
4660,8.5
4661,28.86
4662,47.29
4663,28.92
4664,29.02
4665,29
4666,29.56
4667,29.41
4668,27.63
4669,23.84
4670,13.09
4671,12.98
4672,12.87
4673,12.63
4674,12.42
4675,11.78
4676,11.16
4677,10.48
4678,8.85
4679,7.88
4680,6.54
4681,5.86
4682,5.59
4683,5.52
4684,5.78
4685,8.35
4686,10.75
4687,11.6
4688,12.29
4689,12.07
4690,12.14
4691,11.86
4692,11.45
4693,11.12
4694,10.77
4695,10.99
4696,11.21
4697,11.61
4698,11.39
4699,11.63
4700,11.25
4701,10.92
4702,10.1
4703,9.53
4704,8.56
4705,8.04
4706,7.76
4707,7.09
4708,8.31
4709,10.31
4710,28.55
4711,29.17
4712,53.88
4713,52.5
4714,52.06
4715,45.98
4716,42.91
4717,42.01
4718,42.07
4719,42.05
4720,47.29
4721,56.14
4722,55.63
4723,53.45
4724,18.55
4725,21.92
4726,10.41
4727,9.53
4728,8.62
4729,7.64
4730,7.23
4731,6.66
4732,7.68
4733,10.02
4734,11.64
4735,14.99
4736,12.51
4737,12.59
4738,12.28
4739,11.63
4740,11.06
4741,10.78
4742,10.06
4743,10.16
4744,10.58
4745,10.37
4746,9.85
4747,9.07
4748,8.78
4749,8.58
4750,8.36
4751,7.6
4752,7.03
4753,6.61
4754,6.2
4755,5.29
4756,5.66
4757,6.44
4758,6.76
4759,7.52
4760,7.85
4761,7.85
4762,7.09
4763,6.43
4764,5.75
4765,5.05
4766,4.93
4767,4.84
4768,5.46
4769,5.85
4770,6.04
4771,6.5
4772,6.73
4773,7.6
4774,7.28
4775,7.19
4776,6.65
4777,6.26
4778,5.58
4779,5.06
4780,5.73
4781,6.95
4782,7.36
4783,8.59
4784,9.62
4785,10.09
4786,10.17
4787,10.14
4788,9.95
4789,10.06
4790,10.13
4791,10.41
4792,10.8
4793,11.35
4794,11.18
4795,10.9
4796,10.42
4797,10.15
4798,9.43
4799,9
4800,8.48
4801,8.05
4802,7.56
4803,7.29
4804,7.63
4805,8.01
4806,8.87
4807,10.06
4808,10.07
4809,10.18
4810,10.08
4811,9.78
4812,9.68
4813,9.51
4814,9.38
4815,9.34
4816,10.2
4817,19.98
4818,30.02
4819,29.97
4820,19.94
4821,19.95
4822,10.36
4823,9.5
4824,8.74
4825,8.01
4826,7.34
4827,6.37
4828,7.01
4829,8.42
4830,8.64
4831,9.21
4832,9.61
4833,9.64
4834,9.47
4835,9.1
4836,8.88
4837,8.7
4838,8.45
4839,8.46
4840,8.76
4841,9.05
4842,9.1
4843,9.29
4844,9.18
4845,9.39
4846,9.11
4847,8.83
4848,8.3
4849,7.88
4850,7.58
4851,7.18
4852,7.87
4853,9.3
4854,9.94
4855,10.44
4856,10.65
4857,10.95
4858,10.66
4859,10.5
4860,10.39
4861,10.28
4862,10.2
4863,10.24
4864,11.47
4865,14.95
4866,29.86
4867,29.4
4868,19.99
4869,23.43
4870,9.99
4871,-6.79
4872,0.06
4873,7.8
4874,7.19
4875,7.04
4876,7.86
4877,9.06
4878,9.34
4879,9.82
4880,10.02
4881,10.24
4882,10.14
4883,10
4884,9.82
4885,9.6
4886,9.44
4887,9.46
4888,9.6
4889,9.77
4890,9.81
4891,9.72
4892,9.83
4893,9.84
4894,9.44
4895,9.16
4896,8.7
4897,8.28
4898,8.08
4899,8
4900,8.25
4901,9.24
4902,23.57
4903,36.21
4904,39.67
4905,35.15
4906,29.85
4907,29.58
4908,23.47
4909,14.93
4910,11.42
4911,14.92
4912,49.6
4913,35.12
4914,29.83
4915,29.42
4916,9.59
4917,9.52
4918,9.22
4919,7.93
4920,7.29
4921,6.34
4922,5.63
4923,4.86
4924,4.24
4925,4.07
4926,4.83
4927,6.03
4928,6.88
4929,7.44
4930,7.32
4931,7.06
4932,6.65
4933,6.1
4934,5.57
4935,7
4936,7.59
4937,7.74
4938,7.67
4939,7.51
4940,7.15
4941,6.74
4942,5.89
4943,-0.09
4944,-5.31
4945,0.05
4946,0.01
4947,0.03
4948,0.03
4949,1.15
4950,1.66
4951,2.12
4952,2.18
4953,2.28
4954,2.52
4955,2.07
4956,0.1
4957,0.1
4958,4.37
4959,3.47
4960,4.31
4961,6.03
4962,7.19
4963,7.66
4964,7.93
4965,8.08
4966,7.63
4967,7.64
4968,7.07
4969,6.74
4970,6.66
4971,6.81
4972,7.72
4973,8.83
4974,11.42
4975,26.32
4976,23.58
4977,11.5
4978,10.85
4979,10.63
4980,10.42
4981,10.29
4982,10
4983,9.92
4984,9.96
4985,9.97
4986,9.79
4987,9.61
4988,9.55
4989,9.26
4990,8.6
4991,8.29
4992,7.62
4993,7.37
4994,7.25
4995,7.14
4996,7.39
4997,8.53
4998,9.57
4999,14.94
5000,23.77
5001,23.68
5002,11.43
5003,10.97
5004,10.15
5005,9.94
5006,9.76
5007,9.65
5008,9.72
5009,9.66
5010,9.57
5011,9.29
5012,9.17
5013,9.19
5014,8.49
5015,7.53
5016,6.19
5017,5.09
5018,4.9
5019,4.86
5020,5.01
5021,7.34
5022,7.75
5023,8.8
5024,9.31
5025,9.53
5026,9.45
5027,9.1
5028,8.87
5029,8.5
5030,8.07
5031,7.92
5032,7.96
5033,8.22
5034,8.23
5035,7.99
5036,7.96
5037,7.92
5038,6.92
5039,7.03
5040,5.56
5041,4.89
5042,4.81
5043,4.78
5044,4.92
5045,6.02
5046,9.48
5047,9.69
5048,11.49
5049,13.48
5050,9.77
5051,9.44
5052,9.03
5053,8.69
5054,7.8
5055,7.4
5056,7.3
5057,7.33
5058,7.18
5059,7.01
5060,6.76
5061,6.57
5062,5.53
5063,4.09
5064,3.47
5065,3.14
5066,2.98
5067,2.98
5068,3.49
5069,4.81
5070,6.67
5071,7.44
5072,7.9
5073,8
5074,7.71
5075,7.53
5076,7.3
5077,7.04
5078,6.66
5079,6.5
5080,6.83
5081,7.36
5082,7.38
5083,7.32
5084,8.06
5085,8.77
5086,8.65
5087,6.32
5088,5.85
5089,5.73
5090,5.72
5091,5.63
5092,5.54
5093,4.87
5094,9.96
5095,23.51
5096,23.49
5097,17.07
5098,16.18
5099,15.35
5100,12.76
5101,12.78
5102,9.95
5103,16.02
5104,25.01
5105,30.03
5106,32.86
5107,23.8
5108,10.4
5109,9.03
5110,8.45
5111,9.09
5112,8.15
5113,7.18
5114,5.58
5115,5.45
5116,4.82
5117,6.43
5118,8.47
5119,9.34
5120,14.16
5121,12.71
5122,13.89
5123,11.5
5124,10.03
5125,9.2
5126,9.66
5127,12.06
5128,15.05
5129,22.36
5130,27.98
5131,30.01
5132,33.02
5133,11.82
5134,9.6
5135,7.83
5136,6.58
5137,5.65
5138,5.25
5139,5.16
5140,6.49
5141,9.24
5142,10.74
5143,28.66
5144,36.1
5145,33.48
5146,30.64
5147,22.62
5148,12.11
5149,11.01
5150,10.43
5151,10.09
5152,10.16
5153,10.04
5154,9.76
5155,8.7
5156,8.21
5157,7.68
5158,6.41
5159,4.42
5160,3.82
5161,3.59
5162,3.63
5163,3.89
5164,4.83
5165,7.65
5166,10.36
5167,27.94
5168,35.45
5169,35.94
5170,35.1
5171,28.62
5172,21.92
5173,11.33
5174,10.68
5175,10.43
5176,10.34
5177,10.05
5178,9.29
5179,8.94
5180,8.96
5181,8.58
5182,7.59
5183,4.41
5184,3.55
5185,3.38
5186,3.57
5187,3.69
5188,4.91
5189,8.24
5190,28.69
5191,32.28
5192,40.04
5193,38.74
5194,36.9
5195,30.66
5196,29.58
5197,29.55
5198,29.2
5199,29.8
5200,37.54
5201,38.75
5202,38.77
5203,41.35
5204,27.99
5205,14.99
5206,8
5207,6.18
5208,5.23
5209,4.84
5210,4.64
5211,4.63
5212,5.24
5213,7.79
5214,9.89
5215,34.16
5216,37.5
5217,36.91
5218,34.58
5219,29.76
5220,28.33
5221,24.03
5222,15.92
5223,9.89
5224,10.02
5225,9.88
5226,9.32
5227,8.91
5228,8.82
5229,8.32
5230,6.75
5231,5.42
5232,5.47
5233,5.01
5234,4.92
5235,4.95
5236,7.71
5237,29.61
5238,38.68
5239,39.82
5240,38.93
5241,38.82
5242,36.95
5243,32.56
5244,29.32
5245,28.87
5246,29.14
5247,30.99
5248,38.96
5249,42.3
5250,31.98
5251,29.63
5252,28.25
5253,26.29
5254,9.18
5255,9.29
5256,8.07
5257,7.58
5258,6.21
5259,4.66
5260,8.54
5261,9.59
5262,8.86
5263,9.37
5264,9.67
5265,9.81
5266,9.69
5267,9.5
5268,9.05
5269,8.27
5270,7.89
5271,7.95
5272,8.91
5273,9.13
5274,8.88
5275,9.79
5276,9.77
5277,9.7
5278,9.63
5279,9.81
5280,9.63
5281,9.53
5282,10.06
5283,10.07
5284,10.09
5285,11.47
5286,9.62
5287,9.54
5288,9.92
5289,9.99
5290,9.94
5291,9.9
5292,9.87
5293,9.86
5294,9.93
5295,10.05
5296,28.12
5297,25.52
5298,19.95
5299,36.46
5300,11.45
5301,10.12
5302,9.59
5303,9.72
5304,8.9
5305,8.55
5306,7.99
5307,8.66
5308,10.75
5309,37.57
5310,42.74
5311,72.18
5312,74.91
5313,74.93
5314,74.95
5315,72.2
5316,72.2
5317,60.39
5318,72.09
5319,60.32
5320,39.9
5321,39.92
5322,39.92
5323,36.97
5324,36.91
5325,31.83
5326,28.79
5327,10.53
5328,9.77
5329,8.64
5330,8.34
5331,8.69
5332,29.54
5333,37.01
5334,46.38
5335,46.45
5336,45.67
5337,51.72
5338,51.71
5339,51.69
5340,51.7
5341,51.68
5342,36.98
5343,38.88
5344,43.98
5345,51.67
5346,44.98
5347,44.29
5348,45.09
5349,42.48
5350,32.58
5351,29.98
5352,28.7
5353,27.94
5354,26.94
5355,27.21
5356,29.06
5357,37.02
5358,45.29
5359,42.85
5360,43.09
5361,42.1
5362,44.11
5363,40.41
5364,37.94
5365,36.99
5366,37.16
5367,39.3
5368,42.77
5369,42.02
5370,42.44
5371,37.99
5372,43.95
5373,33.34
5374,10.03
5375,10.59
5376,9.45
5377,9.02
5378,9.07
5379,10.61
5380,25.02
5381,33.09
5382,40.95
5383,50.94
5384,68.75
5385,77.05
5386,77.05
5387,75.85
5388,60.73
5389,52.04
5390,48.02
5391,33.05
5392,40.13
5393,42.02
5394,41.98
5395,39.92
5396,22.47
5397,11.91
5398,11.38
5399,0.09
5400,8.81
5401,8.1
5402,7.67
5403,7.8
5404,8.56
5405,9.9
5406,11.97
5407,12.73
5408,12.92
5409,12.81
5410,12.66
5411,12.39
5412,11.8
5413,10.65
5414,10.06
5415,9.72
5416,9.52
5417,9.51
5418,9.87
5419,9.47
5420,9.54
5421,9.17
5422,8.5
5423,9.53
5424,8.78
5425,8.49
5426,8.42
5427,8.59
5428,9.44
5429,9.83
5430,27.06
5431,30.43
5432,33.42
5433,36.44
5434,35.83
5435,36.24
5436,34.89
5437,30.04
5438,27.94
5439,30.32
5440,36
5441,37.47
5442,38.99
5443,37.98
5444,13.06
5445,13.27
5446,11.59
5447,10.73
5448,10.4
5449,10.31
5450,10.28
5451,10.31
5452,10.39
5453,10.91
5454,11.14
5455,11.19
5456,12.08
5457,32.7
5458,37.98
5459,26.37
5460,14.95
5461,11.48
5462,11.11
5463,11.24
5464,11.47
5465,11.62
5466,12.15
5467,12.15
5468,12.26
5469,11.89
5470,10.84
5471,9.61
5472,8.38
5473,8.01
5474,7.92
5475,8.12
5476,9.46
5477,10.33
5478,12.96
5479,13.97
5480,13.93
5481,13.91
5482,13.7
5483,13.22
5484,12.91
5485,12.63
5486,12.2
5487,11.84
5488,12.6
5489,12.43
5490,12.18
5491,11.94
5492,11.94
5493,11
5494,9.24
5495,9.38
5496,8.96
5497,8.46
5498,8.4
5499,8.93
5500,9.29
5501,11.29
5502,13.86
5503,13.89
5504,13.89
5505,14.14
5506,13.92
5507,13.57
5508,13.36
5509,13.12
5510,12.35
5511,12.6
5512,13.14
5513,13.14
5514,13.07
5515,13.05
5516,13.5
5517,13.12
5518,11.49
5519,12.92
5520,12.54
5521,12.28
5522,12.34
5523,12.53
5524,12.82
5525,17.06
5526,41.05
5527,45.66
5528,45.96
5529,45.45
5530,45.98
5531,43.57
5532,41.91
5533,40.47
5534,40.92
5535,40.92
5536,42.05
5537,40.79
5538,32.94
5539,30.64
5540,27.6
5541,20.72
5542,14.48
5543,19.79
5544,18.99
5545,18.77
5546,19.28
5547,20.27
5548,22.17
5549,33.54
5550,40.98
5551,43.12
5552,44.1
5553,44.17
5554,44.57
5555,42
5556,40.7
5557,39.32
5558,39.32
5559,37.91
5560,40.29
5561,41.07
5562,41.62
5563,34.39
5564,38.61
5565,33.13
5566,23.05
5567,20.28
5568,18.31
5569,17.37
5570,15.82
5571,17.37
5572,19.85
5573,22.02
5574,35.33
5575,39.56
5576,39.47
5577,37.62
5578,35.23
5579,28.06
5580,26.97
5581,25.76
5582,26.57
5583,23.31
5584,34
5585,32.7
5586,21.96
5587,21.25
5588,21.33
5589,20.53
5590,16.34
5591,17.24
5592,16.94
5593,16.84
5594,16.83
5595,16.92
5596,17.18
5597,17.31
5598,18.41
5599,30.74
5600,30.08
5601,24.61
5602,22
5603,20
5604,17.55
5605,16.88
5606,17.63
5607,18.68
5608,23.7
5609,22.02
5610,21.65
5611,21.38
5612,20.98
5613,19.3
5614,17.55
5615,17.09
5616,16.73
5617,16.73
5618,15.35
5619,15.04
5620,14.41
5621,14.79
5622,16.07
5623,17.13
5624,17.21
5625,16.43
5626,14.52
5627,14.03
5628,13.48
5629,13.36
5630,13.28
5631,11.72
5632,16.02
5633,17.29
5634,16.17
5635,16.43
5636,16.47
5637,15.98
5638,14.74
5639,14.32
5640,13.63
5641,13.46
5642,13.45
5643,13.73
5644,13.64
5645,14.73
5646,23.68
5647,26.39
5648,33.77
5649,33.92
5650,32.37
5651,31.77
5652,26.82
5653,24.56
5654,24.05
5655,23.65
5656,31.93
5657,24.46
5658,24.05
5659,24.25
5660,23.23
5661,20.31
5662,16.15
5663,14.86
5664,13.19
5665,12.84
5666,11.56
5667,12.28
5668,16.13
5669,20.52
5670,33.82
5671,37.2
5672,33.17
5673,27.74
5674,23.98
5675,21.62
5676,21.12
5677,21.48
5678,22.75
5679,21.01
5680,20.48
5681,19.92
5682,19.6
5683,19.96
5684,20.17
5685,14.16
5686,13.73
5687,13.27
5688,12.17
5689,11.75
5690,11.85
5691,12.51
5692,13.74
5693,18.79
5694,27.05
5695,33.14
5696,32.93
5697,29.97
5698,28.51
5699,25.56
5700,25.06
5701,24.99
5702,25.29
5703,28.27
5704,32.02
5705,38.04
5706,39.83
5707,31.65
5708,24.19
5709,19.56
5710,16.92
5711,11.97
5712,10.76
5713,9.37
5714,9.31
5715,9.97
5716,10.6
5717,17.51
5718,20.45
5719,28.26
5720,26.01
5721,22.12
5722,20.45
5723,19.61
5724,19.51
5725,19.37
5726,19.17
5727,18.5
5728,18.82
5729,18.61
5730,18.44
5731,18.77
5732,18.83
5733,18.33
5734,17.35
5735,14
5736,13.19
5737,12.61
5738,12.59
5739,13.79
5740,14.13
5741,18.14
5742,24.79
5743,45.55
5744,42.79
5745,42.78
5746,31.92
5747,21.7
5748,19.08
5749,18.8
5750,18.3
5751,17.64
5752,17.9
5753,36.36
5754,48
5755,42.87
5756,48.51
5757,37.38
5758,15.91
5759,0.07
5760,11.2
5761,11.35
5762,11.33
5763,12.09
5764,13.87
5765,14.47
5766,16.83
5767,17.05
5768,18.29
5769,24.9
5770,22.02
5771,20.05
5772,18.29
5773,17.48
5774,17.92
5775,23.48
5776,29.3
5777,40.7
5778,43.2
5779,43.09
5780,37.61
5781,29.96
5782,17.76
5783,19.05
5784,18.38
5785,24.51
5786,23.92
5787,24.03
5788,24.19
5789,24.14
5790,24.93
5791,27.14
5792,25.55
5793,24.02
5794,22.26
5795,18.23
5796,17.75
5797,18.03
5798,19.17
5799,19.98
5800,24.27
5801,34.8
5802,38.8
5803,40.98
5804,39.09
5805,34.89
5806,26.46
5807,18.91
5808,18.37
5809,18.15
5810,18.27
5811,18.62
5812,19.51
5813,42.98
5814,46.86
5815,48.07
5816,55.81
5817,55.52
5818,45.08
5819,32.51
5820,32.32
5821,31.02
5822,29.34
5823,32.08
5824,40.8
5825,43.92
5826,32.35
5827,28.47
5828,22.41
5829,11.91
5830,10.26
5831,10.17
5832,9.58
5833,9.58
5834,10.81
5835,11.2
5836,10.88
5837,23.33
5838,49.61
5839,49.93
5840,48.08
5841,46.9
5842,45.83
5843,42.46
5844,40.21
5845,39.94
5846,40.94
5847,35
5848,37.33
5849,31.67
5850,21.94
5851,11.34
5852,11.04
5853,10.64
5854,7.61
5855,10.43
5856,8.75
5857,6.69
5858,6.6
5859,6.65
5860,7.46
5861,10.93
5862,14.92
5863,22.64
5864,13.85
5865,13.24
5866,12.43
5867,11.59
5868,11.55
5869,11.39
5870,10.86
5871,10.82
5872,11.52
5873,12.22
5874,12.14
5875,13.17
5876,12.82
5877,11.26
5878,8.6
5879,10.59
5880,9.85
5881,9.43
5882,9.6
5883,10.33
5884,9.16
5885,9.79
5886,15
5887,47.47
5888,26.3
5889,14.91
5890,10.52
5891,10.44
5892,10.65
5893,10.56
5894,10.47
5895,10.67
5896,44.03
5897,44.93
5898,48.53
5899,48.01
5900,45.23
5901,40.23
5902,26.22
5903,9.98
5904,9.78
5905,9.42
5906,10
5907,10.57
5908,21.34
5909,37.94
5910,46.72
5911,47.98
5912,44.97
5913,40.76
5914,34.9
5915,28.62
5916,27.76
5917,27.18
5918,26.99
5919,26.21
5920,30.94
5921,38.15
5922,39.89
5923,30.75
5924,26.72
5925,21.97
5926,19.75
5927,19.41
5928,19.03
5929,14.92
5930,12.18
5931,11.73
5932,11.03
5933,10.41
5934,10.31
5935,11.07
5936,11.86
5937,11.84
5938,11.32
5939,10.54
5940,7.98
5941,6.19
5942,6.14
5943,6.24
5944,10.84
5945,11.03
5946,11.02
5947,11.43
5948,11.05
5949,7.66
5950,5.11
5951,0.07
5952,0
5953,-0.09
5954,-0.09
5955,-1.87
5956,-2.19
5957,-2.33
5958,0.01
5959,3.74
5960,3.2
5961,0.11
5962,0.13
5963,2.74
5964,2.78
5965,2.79
5966,4.91
5967,1.71
5968,5.24
5969,15.97
5970,20.98
5971,21.03
5972,16.29
5973,15.91
5974,14.36
5975,14.89
5976,14.58
5977,14.53
5978,15.69
5979,13.8
5980,18.13
5981,21.32
5982,32.49
5983,42.43
5984,41.27
5985,39.92
5986,42.08
5987,37.03
5988,32.52
5989,31.82
5990,26.44
5991,27.06
5992,31.95
5993,32.44
5994,41.48
5995,26.77
5996,26.83
5997,22.42
5998,19.92
5999,18.57
6000,17.67
6001,17.18
6002,17.98
6003,18.41
6004,19.95
6005,23.22
6006,45.92
6007,46.34
6008,40.98
6009,37.9
6010,34.99
6011,32.46
6012,32.44
6013,33.27
6014,31.56
6015,31.04
6016,32.55
6017,38.58
6018,37.9
6019,43.21
6020,32.49
6021,26.77
6022,21.72
6023,20.82
6024,20.7
6025,20.44
6026,20.56
6027,20.67
6028,20.97
6029,32.56
6030,44.96
6031,46.43
6032,44.25
6033,38.61
6034,33.97
6035,31.17
6036,29.96
6037,29.1
6038,29.51
6039,29.9
6040,37.94
6041,43.18
6042,44.01
6043,45.06
6044,38.93
6045,29.68
6046,21.3
6047,21.35
6048,20.57
6049,20.38
6050,20.9
6051,21.37
6052,21.81
6053,32.66
6054,45.78
6055,47.03
6056,43.99
6057,37.4
6058,32.38
6059,29.02
6060,29.02
6061,29.04
6062,32.05
6063,31.94
6064,35.71
6065,40.99
6066,32.59
6067,32.58
6068,29.94
6069,23.43
6070,21.71
6071,20.67
6072,19.96
6073,19.14
6074,12.55
6075,12.52
6076,14.93
6077,23.25
6078,33.81
6079,40.7
6080,35.07
6081,32.58
6082,26.51
6083,25.84
6084,14.5
6085,12.24
6086,11.81
6087,12.1
6088,12.19
6089,12.17
6090,12.37
6091,13.26
6092,13
6093,12.28
6094,11.82
6095,12.82
6096,12.67
6097,12.56
6098,12.58
6099,12.52
6100,13.45
6101,13.52
6102,21.46
6103,22
6104,22.41
6105,22.57
6106,23.91
6107,9.54
6108,12.01
6109,12.64
6110,12.62
6111,13.4
6112,13.65
6113,13.98
6114,13.58
6115,13.6
6116,13.5
6117,12.39
6118,11.41
6119,12.32
6120,12.11
6121,12
6122,11.98
6123,12.05
6124,12.28
6125,13.16
6126,13.45
6127,14.04
6128,21.81
6129,22.06
6130,22.55
6131,22.1
6132,22.09
6133,21.91
6134,21.91
6135,22.31
6136,26.17
6137,31.35
6138,23.19
6139,23.38
6140,22.64
6141,21.54
6142,20.34
6143,12.74
6144,12.36
6145,12.18
6146,12.04
6147,12.01
6148,12.23
6149,14.27
6150,15.79
6151,22.04
6152,22.13
6153,22.26
6154,22.27
6155,22.3
6156,22.91
6157,22.95
6158,22.92
6159,22
6160,22.58
6161,22.29
6162,22.48
6163,22.62
6164,21.94
6165,20.21
6166,14.14
6167,11.96
6168,10.25
6169,10.37
6170,10.03
6171,10.08
6172,10.06
6173,13.34
6174,15.61
6175,16.09
6176,16.08
6177,15.75
6178,15.45
6179,15.37
6180,15.45
6181,15.33
6182,15.13
6183,21.65
6184,22.04
6185,21.95
6186,22.29
6187,22.5
6188,19.92
6189,12.7
6190,11.55
6191,10.06
6192,8.97
6193,8.68
6194,8.96
6195,9.64
6196,10.28
6197,13.11
6198,29.69
6199,31.45
6200,31.45
6201,31.47
6202,31.46
6203,31.43
6204,31.43
6205,29.45
6206,26.11
6207,25.83
6208,25.84
6209,20.8
6210,14.54
6211,14.26
6212,13.73
6213,12.15
6214,10.3
6215,12.29
6216,10.65
6217,8.96
6218,8.48
6219,9.82
6220,6.78
6221,20.2
6222,22.48
6223,23.35
6224,22.9
6225,22.52
6226,15.59
6227,15.43
6228,15.36
6229,15.26
6230,15.11
6231,15.19
6232,15.39
6233,15.39
6234,15.37
6235,15.42
6236,15.2
6237,14.35
6238,12.59
6239,2.72
6240,4.08
6241,3.67
6242,3.49
6243,3.94
6244,5.48
6245,13.47
6246,15.07
6247,20.94
6248,21.09
6249,21.58
6250,21.52
6251,18.52
6252,14.65
6253,14.13
6254,18.54
6255,20.13
6256,20.96
6257,21.7
6258,22.09
6259,21.2
6260,20.11
6261,18.4
6262,13.15
6263,7.92
6264,6.51
6265,5.83
6266,5.87
6267,6.29
6268,8.15
6269,11.84
6270,14.81
6271,19.92
6272,32.99
6273,30.06
6274,21.13
6275,20.69
6276,19.92
6277,19.47
6278,19.27
6279,18.72
6280,18.89
6281,19.73
6282,20.08
6283,20.06
6284,18.18
6285,17.25
6286,15.46
6287,0.09
6288,9.96
6289,9.42
6290,9.37
6291,9.81
6292,10.07
6293,12.51
6294,16.24
6295,18.99
6296,19.73
6297,19.38
6298,19.95
6299,18.36
6300,15.72
6301,15.91
6302,16.03
6303,16.04
6304,21.06
6305,22.19
6306,22.95
6307,23.31
6308,22.6
6309,21.33
6310,19.59
6311,19.51
6312,18.5
6313,18.18
6314,18.88
6315,19.91
6316,21.53
6317,39.07
6318,49.54
6319,50.55
6320,46.93
6321,42.01
6322,38.99
6323,34.75
6324,30.65
6325,29.88
6326,32.24
6327,36.63
6328,40.68
6329,47.77
6330,52.45
6331,31.25
6332,27.52
6333,22.19
6334,14.94
6335,13.24
6336,12.16
6337,11.96
6338,11.74
6339,12.09
6340,12.18
6341,21.05
6342,22.84
6343,23.43
6344,23.14
6345,23.04
6346,22.88
6347,22.71
6348,22.76
6349,22.79
6350,22.87
6351,31.92
6352,39.21
6353,42.06
6354,25.83
6355,23.35
6356,21.91
6357,19.74
6358,14.14
6359,14.5
6360,12.61
6361,12.74
6362,12.79
6363,13.21
6364,19.15
6365,45.47
6366,47.98
6367,59.39
6368,55.55
6369,54.9
6370,55.61
6371,51.3
6372,49.91
6373,48.81
6374,46.96
6375,47.03
6376,47.92
6377,46.81
6378,50.07
6379,29.52
6380,21.74
6381,19.02
6382,12.62
6383,13.05
6384,12.36
6385,11.98
6386,11.74
6387,12.37
6388,12.88
6389,26.73
6390,26.57
6391,23.8
6392,21.88
6393,21.66
6394,21.05
6395,20.79
6396,20.61
6397,20.38
6398,20.32
6399,19.95
6400,20.27
6401,20.41
6402,20.38
6403,14.6
6404,14.09
6405,13.14
6406,12.44
6407,11.97
6408,11.56
6409,11.26
6410,11.17
6411,11.75
6412,12.42
6413,18.26
6414,19.38
6415,20.05
6416,20.08
6417,19.95
6418,19.48
6419,15.77
6420,14.94
6421,14.56
6422,14.13
6423,14.33
6424,15.17
6425,16.57
6426,17.15
6427,16.59
6428,15.11
6429,13.28
6430,12.21
6431,13.41
6432,12.66
6433,12.38
6434,12.24
6435,12.39
6436,6.77
6437,20.5
6438,14.96
6439,15.76
6440,16.31
6441,16.17
6442,16.07
6443,14.96
6444,13.99
6445,13.28
6446,12.78
6447,13.05
6448,14.37
6449,15.27
6450,15.85
6451,15.67
6452,15.2
6453,14.35
6454,13.24
6455,14.01
6456,12.71
6457,12.25
6458,12.2
6459,12.34
6460,12.83
6461,13.56
6462,14.22
6463,14.59
6464,22.16
6465,23.33
6466,19.05
6467,15.96
6468,15.09
6469,14.31
6470,14.5
6471,15
6472,26.29
6473,26.78
6474,26.88
6475,26.35
6476,16.8
6477,15.28
6478,14.35
6479,13.52
6480,12.56
6481,12.4
6482,13.02
6483,14.32
6484,16.06
6485,43.25
6486,53.33
6487,54.42
6488,42.59
6489,35.85
6490,28.58
6491,26.87
6492,26.72
6493,26.71
6494,29.04
6495,32.06
6496,42.42
6497,46.95
6498,41.93
6499,30.03
6500,26.27
6501,18.42
6502,15.06
6503,15.82
6504,15.02
6505,14.08
6506,14.3
6507,15.85
6508,16.36
6509,40.02
6510,50.94
6511,55.44
6512,39.6
6513,33.77
6514,28.39
6515,26.98
6516,27.48
6517,27.71
6518,28.33
6519,29.02
6520,34.04
6521,43.36
6522,51.64
6523,31.14
6524,26.34
6525,14
6526,12.96
6527,11.5
6528,10.76
6529,10.57
6530,10.69
6531,12.13
6532,12.76
6533,41.05
6534,53.78
6535,55.5
6536,40
6537,37.09
6538,32.14
6539,28.13
6540,29.25
6541,30.07
6542,31.7
6543,33.28
6544,38.43
6545,47.16
6546,27.47
6547,16.23
6548,14.67
6549,14.04
6550,12.58
6551,11.99
6552,10.98
6553,10.01
6554,10.06
6555,10.97
6556,11.89
6557,13.46
6558,31.96
6559,34.5
6560,43.25
6561,34.45
6562,30.44
6563,29.14
6564,30.02
6565,28.81
6566,27.9
6567,13.42
6568,27.59
6569,31.78
6570,14.12
6571,13.9
6572,13.11
6573,12.07
6574,11.05
6575,8.91
6576,9.52
6577,8.47
6578,6.89
6579,7.25
6580,7.08
6581,26.21
6582,48.51
6583,53.38
6584,44.02
6585,36.16
6586,32.01
6587,30.07
6588,28.65
6589,26.37
6590,10.74
6591,29.98
6592,38.41
6593,27.74
6594,11.85
6595,11.78
6596,11.95
6597,11.53
6598,10.85
6599,11.05
6600,11.01
6601,11.03
6602,11.1
6603,11.17
6604,11.52
6605,11.85
6606,12.4
6607,27.54
6608,26.4
6609,24.67
6610,24.63
6611,23.53
6612,20.24
6613,21.94
6614,23.52
6615,24.05
6616,31.88
6617,40.3
6618,47.01
6619,39.18
6620,32.09
6621,27.02
6622,11.59
6623,12.76
6624,12.5
6625,12.4
6626,12.36
6627,12.42
6628,12.61
6629,12.73
6630,12.74
6631,21.85
6632,26.2
6633,30.53
6634,31.62
6635,29.24
6636,27.09
6637,26.06
6638,26.01
6639,25.44
6640,31.8
6641,40.48
6642,46.99
6643,44.9
6644,40.95
6645,37.39
6646,13.01
6647,13.21
6648,12.89
6649,12.72
6650,12.84
6651,13.22
6652,14.15
6653,42.17
6654,52
6655,55.07
6656,53.01
6657,51.56
6658,49.08
6659,42.17
6660,40.4
6661,38.84
6662,40.97
6663,35.04
6664,44.61
6665,33.01
6666,31.84
6667,16.03
6668,14.78
6669,13.67
6670,12.22
6671,12.32
6672,11.51
6673,11.19
6674,11.18
6675,11.69
6676,12.17
6677,13.08
6678,15.28
6679,15.92
6680,15.44
6681,14.88
6682,14.13
6683,13.93
6684,13.79
6685,13.6
6686,13.51
6687,13.37
6688,13.6
6689,13.93
6690,14.14
6691,13.81
6692,13.26
6693,12.39
6694,9.83
6695,11.03
6696,11.09
6697,11.41
6698,11.67
6699,12.22
6700,12.32
6701,13.95
6702,15.76
6703,16.02
6704,15.97
6705,15.76
6706,15.48
6707,15.62
6708,15.55
6709,15.49
6710,15.22
6711,15.22
6712,15.91
6713,16.11
6714,16.34
6715,15.95
6716,15.18
6717,14.37
6718,13.65
6719,14.99
6720,15
6721,15.23
6722,15.39
6723,15.57
6724,16.09
6725,17.61
6726,19.6
6727,20.15
6728,20.07
6729,20.03
6730,19.8
6731,19.28
6732,25.86
6733,25.9
6734,21.64
6735,19.05
6736,40.65
6737,26.36
6738,21.18
6739,19.62
6740,18.52
6741,17.74
6742,16.92
6743,18.9
6744,18.67
6745,18.57
6746,18.63
6747,18.71
6748,19.15
6749,25.94
6750,53.73
6751,56.75
6752,56.7
6753,51.42
6754,39.95
6755,34.36
6756,47.8
6757,46.8
6758,26.18
6759,26.2
6760,46.66
6761,44.8
6762,29.91
6763,25.93
6764,20.06
6765,19.66
6766,18.94
6767,19.86
6768,19.82
6769,19.66
6770,19.72
6771,19.74
6772,19.85
6773,19.94
6774,20.31
6775,20.86
6776,21.38
6777,21.56
6778,21.36
6779,21.16
6780,20.95
6781,20.77
6782,20.71
6783,20.88
6784,21.4
6785,21.82
6786,21.74
6787,21.11
6788,20.64
6789,20.18
6790,19.84
6791,19.71
6792,18.94
6793,19.03
6794,19.21
6795,19.45
6796,19.01
6797,19.03
6798,19.52
6799,20.32
6800,20.62
6801,20.2
6802,19.99
6803,19.82
6804,19.75
6805,19.64
6806,19.63
6807,16.57
6808,23.35
6809,22.92
6810,22.21
6811,21.82
6812,21.42
6813,20.87
6814,20.04
6815,20.21
6816,19.6
6817,19.78
6818,19.47
6819,19.64
6820,20.71
6821,21.75
6822,24.8
6823,31.64
6824,31.97
6825,29.72
6826,27.38
6827,25.32
6828,25.34
6829,25.83
6830,25.56
6831,25.47
6832,25.41
6833,42.99
6834,26.87
6835,22.94
6836,21.91
6837,21.52
6838,20.84
6839,20.68
6840,20.35
6841,20.29
6842,20.34
6843,20.7
6844,21.07
6845,22.37
6846,36.35
6847,42.99
6848,39.04
6849,39.9
6850,36.38
6851,25.97
6852,25.1
6853,23.29
6854,22.88
6855,22.89
6856,24.32
6857,32.95
6858,24.93
6859,22.88
6860,22.23
6861,21.43
6862,20.62
6863,20.72
6864,20.46
6865,20.44
6866,20.49
6867,20.88
6868,21.31
6869,22.5
6870,29.94
6871,36.4
6872,33.13
6873,28.68
6874,25.03
6875,23.77
6876,23.7
6877,22.95
6878,22.61
6879,22.67
6880,22.92
6881,23.49
6882,23.37
6883,22.79
6884,22.22
6885,21.58
6886,20.78
6887,21.15
6888,21.1
6889,20.95
6890,20.94
6891,21.23
6892,21.87
6893,23.59
6894,25.7
6895,26.34
6896,26.16
6897,25.65
6898,25.02
6899,24.62
6900,24.31
6901,24.03
6902,23.88
6903,23.97
6904,24.48
6905,24.88
6906,24.73
6907,23.98
6908,23.04
6909,22.12
6910,21.25
6911,21.71
6912,21.64
6913,21.59
6914,21.67
6915,22.17
6916,23.18
6917,23.97
6918,25.85
6919,26.58
6920,26.22
6921,24.92
6922,24.26
6923,24.19
6924,24.06
6925,23.99
6926,23.79
6927,23.76
6928,24.2
6929,25.3
6930,25.15
6931,24.04
6932,23.72
6933,23.3
6934,22.8
6935,22.77
6936,22.47
6937,22.38
6938,22.37
6939,22.47
6940,22.81
6941,23.04
6942,23.37
6943,23.6
6944,23.9
6945,23.84
6946,23.76
6947,23.51
6948,23.27
6949,23.17
6950,23.12
6951,23.31
6952,23.86
6953,25.09
6954,24.73
6955,23.86
6956,23.7
6957,23.46
6958,23.09
6959,23.12
6960,22.87
6961,22.74
6962,22.73
6963,22.85
6964,23.06
6965,23.23
6966,23.48
6967,23.66
6968,24
6969,24.3
6970,24.27
6971,24.02
6972,23.96
6973,23.8
6974,23.72
6975,23.84
6976,26.58
6977,36.31
6978,28.28
6979,25.43
6980,24.82
6981,24.31
6982,23.63
6983,23.27
6984,23.26
6985,23.27
6986,23.38
6987,23.7
6988,24.04
6989,25.81
6990,43.89
6991,51.76
6992,50.01
6993,52.66
6994,50.61
6995,47.97
6996,41.95
6997,46.31
6998,45.08
6999,42.26
7000,50.49
7001,58.73
7002,53.26
7003,50.85
7004,39.34
7005,28.32
7006,24.52
7007,24.57
7008,24.27
7009,24.2
7010,24.28
7011,24.89
7012,25.64
7013,43.4
7014,57.78
7015,63.99
7016,63.19
7017,60.52
7018,58.7
7019,54.65
7020,39.9
7021,35.21
7022,34.42
7023,32.65
7024,52.95
7025,57.89
7026,65.37
7027,49.82
7028,25.77
7029,24.8
7030,24.08
7031,23.77
7032,23.64
7033,23.5
7034,23.56
7035,23.96
7036,24.75
7037,25.41
7038,33.76
7039,39.87
7040,48.95
7041,44.3
7042,27.18
7043,26.54
7044,26.22
7045,26.04
7046,25.54
7047,25.3
7048,25.73
7049,25.89
7050,25.29
7051,24.41
7052,23.49
7053,22.47
7054,21.29
7055,21.24
7056,21.33
7057,21.1
7058,21.37
7059,22.05
7060,22.8
7061,23.99
7062,25.74
7063,26.22
7064,25.94
7065,25.62
7066,25.23
7067,24.86
7068,24.83
7069,24.72
7070,24.49
7071,24.32
7072,24.73
7073,24.93
7074,24.66
7075,23.9
7076,23.3
7077,22.56
7078,21.28
7079,19.83
7080,17.9
7081,16.04
7082,16.56
7083,20.81
7084,22.4
7085,23.37
7086,24.35
7087,24.93
7088,24.94
7089,24.94
7090,24.53
7091,24.25
7092,24.15
7093,24.2
7094,24.38
7095,24.7
7096,25.42
7097,29.99
7098,26.22
7099,25.47
7100,25.16
7101,24.8
7102,23.82
7103,23.85
7104,23.52
7105,23.25
7106,23.18
7107,23.23
7108,23.57
7109,23.83
7110,23.81
7111,24.04
7112,24.56
7113,24.75
7114,24.74
7115,24.6
7116,24.28
7117,24
7118,23.96
7119,24.26
7120,24.84
7121,25
7122,24.71
7123,23.85
7124,23.42
7125,22.92
7126,22.38
7127,22.39
7128,21.54
7129,20.82
7130,20.77
7131,20.11
7132,20.95
7133,22.03
7134,22.11
7135,22.39
7136,22.93
7137,23.31
7138,23.51
7139,23.36
7140,22.99
7141,22.87
7142,22.93
7143,23.23
7144,24.06
7145,24.98
7146,25.35
7147,25.17
7148,24.88
7149,24.57
7150,24.44
7151,24.19
7152,24.35
7153,24.05
7154,24.08
7155,24.4
7156,25.14
7157,25.49
7158,27.91
7159,51.83
7160,52.18
7161,49.11
7162,41.03
7163,40.03
7164,35.53
7165,32.88
7166,36.09
7167,36.1
7168,48.59
7169,53.74
7170,55
7171,34.3
7172,26.19
7173,25.46
7174,25.02
7175,24.02
7176,23.98
7177,23.5
7178,23.35
7179,23.7
7180,24.49
7181,25.11
7182,27.2
7183,34.43
7184,46.49
7185,36.55
7186,46.36
7187,35.9
7188,30.81
7189,30.12
7190,29.67
7191,29.43
7192,30.72
7193,52.8
7194,37.95
7195,29.9
7196,26.47
7197,26.24
7198,25.6
7199,24.82
7200,24.83
7201,24.51
7202,24.05
7203,24.14
7204,24.68
7205,24.85
7206,25.58
7207,28.86
7208,29.43
7209,28.86
7210,28.85
7211,28.5
7212,28.44
7213,27.32
7214,26.87
7215,27.65
7216,28.93
7217,30.97
7218,30.55
7219,28.9
7220,26.58
7221,25.97
7222,25.4
7223,24.9
7224,25.06
7225,24.93
7226,24.91
7227,25.14
7228,25.87
7229,27.89
7230,45.02
7231,53.42
7232,56.03
7233,56.88
7234,56.19
7235,55.51
7236,53.91
7237,54.24
7238,55.17
7239,55.29
7240,54.85
7241,64.51
7242,71.66
7243,53.04
7244,32.58
7245,31
7246,28.11
7247,26.84
7248,25.87
7249,25.55
7250,25.42
7251,25.61
7252,27.64
7253,29.43
7254,36.02
7255,52.05
7256,53.68
7257,54
7258,52
7259,49.36
7260,44.55
7261,43.87
7262,43.6
7263,30.97
7264,46.37
7265,30.95
7266,29.39
7267,26.62
7268,25.89
7269,25.64
7270,25.29
7271,24.8
7272,24.56
7273,24.36
7274,24.16
7275,24.05
7276,24.16
7277,24.32
7278,24.09
7279,24.31
7280,24.58
7281,25
7282,25.27
7283,25.33
7284,25.26
7285,25.11
7286,25.1
7287,25.39
7288,25.87
7289,26.48
7290,26.21
7291,25.74
7292,25.15
7293,24.68
7294,24.5
7295,24.14
7296,23.56
7297,23.33
7298,23.26
7299,23.22
7300,23.26
7301,23.54
7302,23.77
7303,23.92
7304,24.35
7305,24.75
7306,25.2
7307,25.24
7308,25.19
7309,25.09
7310,25.08
7311,25.2
7312,26.54
7313,32.65
7314,33.64
7315,31.38
7316,26.71
7317,25.14
7318,24.85
7319,24.49
7320,23.68
7321,23.38
7322,23.31
7323,22.24
7324,23.8
7325,24.64
7326,25.36
7327,45.93
7328,45.93
7329,45.54
7330,37.75
7331,32.82
7332,31.24
7333,31.23
7334,31.9
7335,31.22
7336,45.53
7337,48.94
7338,49.36
7339,31.23
7340,28.02
7341,25.54
7342,25.05
7343,24.31
7344,23.34
7345,23.04
7346,23.07
7347,23.26
7348,23.91
7349,24.61
7350,25.45
7351,39.84
7352,38.47
7353,38.37
7354,38.38
7355,36.1
7356,33.08
7357,34.94
7358,37.11
7359,27.98
7360,47.7
7361,55.93
7362,51.8
7363,39.94
7364,25.93
7365,25.53
7366,25.05
7367,24.32
7368,23.51
7369,23.16
7370,23.08
7371,23.2
7372,23.67
7373,24.69
7374,25.35
7375,38.12
7376,38.09
7377,36.39
7378,36.37
7379,30.27
7380,27.33
7381,29.95
7382,29.93
7383,29.95
7384,39.9
7385,48.83
7386,42.15
7387,28.32
7388,25.95
7389,25.25
7390,24.83
7391,24.05
7392,23.82
7393,23.33
7394,23.2
7395,23.66
7396,24.24
7397,24.6
7398,25.03
7399,28.55
7400,29.45
7401,28.03
7402,28.09
7403,27.14
7404,26.41
7405,26.22
7406,26.21
7407,27.47
7408,30
7409,43.81
7410,31.43
7411,27.4
7412,25.92
7413,25.3
7414,24.9
7415,24.3
7416,23.61
7417,23.06
7418,22.88
7419,23.08
7420,23.94
7421,24.44
7422,25.11
7423,28.18
7424,28.48
7425,28.2
7426,28.16
7427,27.53
7428,26.71
7429,26.36
7430,25.57
7431,25.4
7432,27.6
7433,29.55
7434,28.27
7435,25.82
7436,25.16
7437,24.76
7438,24.37
7439,23.55
7440,22.86
7441,22.08
7442,21.66
7443,20.43
7444,21.29
7445,22.07
7446,21.92
7447,22.63
7448,22.96
7449,23.75
7450,24.17
7451,24.34
7452,24.33
7453,24.3
7454,24.2
7455,24.37
7456,24.85
7457,25.17
7458,24.89
7459,24.38
7460,23.37
7461,22.09
7462,21.65
7463,11.93
7464,-13.38
7465,-13.42
7466,-16.06
7467,-10.07
7468,1.93
7469,12.94
7470,13.11
7471,17.31
7472,22.93
7473,22.61
7474,23.26
7475,23.66
7476,23.86
7477,24.17
7478,24.39
7479,24.66
7480,25.22
7481,27.55
7482,26.39
7483,25.49
7484,24.97
7485,24.57
7486,23.65
7487,22.54
7488,17.94
7489,17.09
7490,14.5
7491,12.81
7492,13.33
7493,19.31
7494,26.18
7495,27.59
7496,25.7
7497,25.15
7498,25.05
7499,24.77
7500,24.46
7501,24.4
7502,24.27
7503,24.29
7504,24.66
7505,25.08
7506,24.47
7507,24.18
7508,24
7509,24.42
7510,20.94
7511,9.5
7512,11.6
7513,10.66
7514,4.49
7515,15.09
7516,18.95
7517,15.11
7518,28.32
7519,24.8
7520,24.88
7521,24.76
7522,24.84
7523,24.47
7524,24.33
7525,24.23
7526,24.27
7527,24.38
7528,24.68
7529,26.03
7530,25.38
7531,24.51
7532,24.18
7533,23.93
7534,23.21
7535,21.63
7536,21.03
7537,20.65
7538,20.55
7539,20.84
7540,21.46
7541,22.74
7542,23.75
7543,24.62
7544,25.88
7545,25.4
7546,25.98
7547,25.27
7548,24.82
7549,24.96
7550,24.99
7551,25.26
7552,26.92
7553,31.15
7554,27.65
7555,25.55
7556,24.62
7557,24.24
7558,23.62
7559,22.56
7560,21.62
7561,21.23
7562,21.06
7563,21.02
7564,21.94
7565,22.2
7566,23.55
7567,24.52
7568,24.99
7569,24.63
7570,24.6
7571,24.42
7572,24.18
7573,24.41
7574,24.77
7575,25.18
7576,26.37
7577,28.42
7578,28.35
7579,27.28
7580,26.1
7581,25.51
7582,24.05
7583,23.43
7584,23.05
7585,22.15
7586,21.89
7587,21.88
7588,22.27
7589,22.58
7590,23.64
7591,24.43
7592,24.65
7593,24.21
7594,24.06
7595,23.93
7596,23.91
7597,23.8
7598,23.81
7599,23.88
7600,24.14
7601,24.72
7602,24.47
7603,23.92
7604,23.3
7605,23.01
7606,24.69
7607,16.39
7608,18.4
7609,16.48
7610,15
7611,15.75
7612,16.39
7613,18.38
7614,19.46
7615,20.55
7616,21.07
7617,21.28
7618,21.59
7619,21.51
7620,21.34
7621,21.08
7622,21.07
7623,22.65
7624,23.62
7625,23.9
7626,23.79
7627,23.36
7628,22.68
7629,22.5
7630,21.63
7631,21.49
7632,21.95
7633,21.18
7634,20.72
7635,20.03
7636,20.15
7637,20.63
7638,21.12
7639,21.34
7640,21.64
7641,22.72
7642,23.17
7643,23.26
7644,23.33
7645,23.03
7646,23.23
7647,20.39
7648,24.05
7649,29.64
7650,25.55
7651,25
7652,24.32
7653,24.01
7654,23.81
7655,23.34
7656,23.24
7657,22.44
7658,21.51
7659,20.9
7660,21.74
7661,23.06
7662,24.33
7663,25.26
7664,25.74
7665,25.27
7666,25.16
7667,24.83
7668,24.52
7669,24.27
7670,24.19
7671,24.36
7672,24.81
7673,25.21
7674,24.82
7675,24.18
7676,23.79
7677,23.53
7678,22.71
7679,21.32
7680,21.89
7681,21.52
7682,21.4
7683,21.37
7684,22.5
7685,23.07
7686,24.48
7687,26.6
7688,27.55
7689,26.76
7690,26.33
7691,25.82
7692,25.41
7693,25.29
7694,25.23
7695,25.62
7696,27.01
7697,32.79
7698,28.12
7699,25.85
7700,24.91
7701,24.7
7702,23.49
7703,21.74
7704,21.76
7705,21.38
7706,21.21
7707,21.45
7708,21.97
7709,22.47
7710,22.73
7711,27.04
7712,26.97
7713,25.52
7714,25.42
7715,25.54
7716,24.9
7717,24.92
7718,24.96
7719,25.23
7720,25.59
7721,26.18
7722,25.9
7723,25.42
7724,26.24
7725,24.43
7726,21.14
7727,22.01
7728,12.36
7729,11.03
7730,5.15
7731,5.76
7732,10.81
7733,15.15
7734,25.08
7735,32.17
7736,26.41
7737,25.84
7738,25.23
7739,25.24
7740,25.09
7741,25.32
7742,25.81
7743,26.02
7744,26.97
7745,28.14
7746,27.08
7747,26.13
7748,25.62
7749,25.17
7750,24.97
7751,22.83
7752,24.96
7753,23.71
7754,22.89
7755,23.25
7756,24.02
7757,24.96
7758,25.91
7759,30.06
7760,31.2
7761,31.15
7762,31.18
7763,31.17
7764,29.72
7765,28
7766,27.33
7767,27.96
7768,30.72
7769,32.97
7770,28.89
7771,26.46
7772,25.47
7773,25.08
7774,24.67
7775,24.14
7776,24.33
7777,23.97
7778,23.04
7779,22.38
7780,22.25
7781,22.61
7782,22.04
7783,25.63
7784,24.97
7785,25.22
7786,25.4
7787,25.4
7788,25.32
7789,25.19
7790,25.25
7791,25.71
7792,26.94
7793,28.4
7794,27.07
7795,26
7796,25.47
7797,25.3
7798,24.93
7799,24.35
7800,24.46
7801,23.93
7802,23.87
7803,22.7
7804,22.35
7805,22.59
7806,22.67
7807,22.87
7808,23.15
7809,24.02
7810,24.77
7811,24.89
7812,24.84
7813,24.01
7814,22.93
7815,22.88
7816,25.56
7817,28.27
7818,26.39
7819,25.91
7820,25.39
7821,25.18
7822,24.93
7823,24.57
7824,23.65
7825,24.52
7826,24.73
7827,25.02
7828,25.57
7829,26.44
7830,38.95
7831,66.14
7832,71.92
7833,68.19
7834,59.91
7835,55.01
7836,50.95
7837,55.07
7838,60.04
7839,62.9
7840,70.82
7841,99.77
7842,67.12
7843,51.91
7844,30.19
7845,26.57
7846,25.17
7847,24.35
7848,23.94
7849,23.56
7850,23.24
7851,23.26
7852,23.69
7853,24.06
7854,24.82
7855,26.39
7856,26.94
7857,26.99
7858,26.57
7859,26.11
7860,25.86
7861,25.73
7862,25.73
7863,26.16
7864,26.97
7865,28
7866,27.1
7867,26.07
7868,25.27
7869,24.86
7870,24.26
7871,23.66
7872,23.71
7873,23.19
7874,23.12
7875,23.53
7876,24.32
7877,25.36
7878,26.25
7879,34.5
7880,38.01
7881,34.41
7882,36.87
7883,36.9
7884,36.05
7885,36.03
7886,36.09
7887,38.99
7888,50.35
7889,52.49
7890,44.64
7891,32.31
7892,27.72
7893,26.28
7894,25.39
7895,24.38
7896,23.44
7897,23.17
7898,23.05
7899,23.18
7900,23.63
7901,24.7
7902,25.71
7903,42.12
7904,44.1
7905,33.14
7906,37.23
7907,37.17
7908,34.47
7909,34.42
7910,34.47
7911,51.95
7912,56.68
7913,58.03
7914,41.99
7915,28.97
7916,25.4
7917,24.58
7918,23.55
7919,22.81
7920,21.67
7921,20.91
7922,20.25
7923,20.38
7924,21.07
7925,22.1
7926,23.07
7927,23.9
7928,24.34
7929,24.06
7930,23.84
7931,23.63
7932,23.52
7933,23.43
7934,23.34
7935,23.4
7936,23.6
7937,23.6
7938,23.37
7939,23.07
7940,22.43
7941,22.1
7942,20.95
7943,19.73
7944,18.34
7945,17.28
7946,16.9
7947,16.93
7948,17.52
7949,18.76
7950,19.61
7951,20.67
7952,21.48
7953,21.85
7954,22.09
7955,22.14
7956,22.13
7957,22.09
7958,22.15
7959,22.42
7960,23.11
7961,23.37
7962,22.91
7963,22.26
7964,22.06
7965,20.52
7966,20.22
7967,10.92
7968,-0.04
7969,-0.97
7970,-0.9
7971,-0.77
7972,0
7973,0.05
7974,0.08
7975,10.06
7976,14.93
7977,16.47
7978,18.98
7979,20.76
7980,20.79
7981,20.38
7982,17.11
7983,21.1
7984,21.58
7985,21.84
7986,21.75
7987,21.38
7988,20.97
7989,20.76
7990,18.58
7991,0.1
7992,10.04
7993,-0.09
7994,-0.94
7995,-0.99
7996,-0.04
7997,10.78
7998,21.85
7999,23.7
8000,23.88
8001,23.81
8002,23.77
8003,23.53
8004,23.47
8005,23.48
8006,23.63
8007,24.1
8008,24.86
8009,25.6
8010,24.89
8011,24.3
8012,23.76
8013,23.43
8014,25.02
8015,18.52
8016,20.17
8017,17.41
8018,16.08
8019,17.48
8020,20.48
8021,21.95
8022,22.97
8023,23.86
8024,24.5
8025,24.4
8026,24.7
8027,24.59
8028,24.26
8029,24.33
8030,24.8
8031,25.52
8032,27.76
8033,34.99
8034,28.67
8035,25.99
8036,24.66
8037,23.73
8038,22.93
8039,22.24
8040,22.99
8041,22.52
8042,21.72
8043,21.79
8044,23.06
8045,23.38
8046,24.17
8047,25.55
8048,26.16
8049,25.85
8050,25.51
8051,25.12
8052,25.15
8053,25.04
8054,24.71
8055,24.96
8056,25.02
8057,25.01
8058,24.4
8059,23.83
8060,23.38
8061,23.09
8062,22.19
8063,21.22
8064,20.76
8065,20.32
8066,20.26
8067,20.58
8068,21.48
8069,22.32
8070,23.21
8071,29.68
8072,41.76
8073,31.37
8074,29.56
8075,26.36
8076,25.44
8077,25.08
8078,25.09
8079,26.32
8080,31.35
8081,33.08
8082,25.65
8083,24.64
8084,23.59
8085,22.93
8086,22.29
8087,21.22
8088,19.49
8089,18.69
8090,17.37
8091,16.83
8092,17.19
8093,19.37
8094,20.77
8095,21.9
8096,22.19
8097,22
8098,21.95
8099,21.91
8100,21.79
8101,21.71
8102,21.69
8103,21.73
8104,21.85
8105,21.88
8106,21.78
8107,21.48
8108,20.8
8109,20.45
8110,19.71
8111,18.29
8112,16.28
8113,14.94
8114,13.51
8115,13.13
8116,13.39
8117,14.03
8118,15.46
8119,15.61
8120,15.39
8121,15.27
8122,15.74
8123,15.81
8124,15.52
8125,15.2
8126,15.17
8127,15.76
8128,16.78
8129,17.52
8130,16.55
8131,15.91
8132,15.85
8133,15
8134,14.66
8135,13.05
8136,7.72
8137,4.69
8138,4.13
8139,3.64
8140,3.96
8141,4.49
8142,4.47
8143,9.25
8144,12.02
8145,12.09
8146,12.82
8147,13.19
8148,12.66
8149,11.95
8150,14.05
8151,16.26
8152,17.34
8153,17.87
8154,17.15
8155,16.47
8156,15
8157,14.57
8158,13.63
8159,11.62
8160,14.49
8161,13.38
8162,13.19
8163,13.47
8164,14.57
8165,16.43
8166,19.83
8167,21.98
8168,22.96
8169,22.74
8170,22.79
8171,23.12
8172,23.41
8173,23.92
8174,25.82
8175,32.63
8176,44.05
8177,44
8178,36.37
8179,27.06
8180,23.6
8181,22.01
8182,20.51
8183,19.5
8184,19.58
8185,19.19
8186,19.04
8187,19.05
8188,19.36
8189,20.08
8190,22.22
8191,23.15
8192,24.11
8193,22.89
8194,22.74
8195,22.58
8196,22.33
8197,22.42
8198,22.33
8199,22.45
8200,22.74
8201,22.84
8202,22.46
8203,22.11
8204,21.17
8205,20.62
8206,19.67
8207,17.44
8208,16.36
8209,15.22
8210,14.86
8211,14.87
8212,16.47
8213,17.9
8214,19.59
8215,21.07
8216,21.75
8217,21.11
8218,21.08
8219,20.95
8220,21.02
8221,20.94
8222,20.79
8223,21.2
8224,21.51
8225,21.8
8226,21.29
8227,20.56
8228,20.23
8229,19.65
8230,18
8231,15.65
8232,14.22
8233,12.1
8234,10.44
8235,10.59
8236,13.75
8237,15.24
8238,19.06
8239,20.17
8240,20.29
8241,20.28
8242,20.12
8243,19.96
8244,19.96
8245,19.91
8246,19.97
8247,20.22
8248,20.5
8249,20.73
8250,20.47
8251,20.19
8252,19.86
8253,19.47
8254,18.86
8255,16.72
8256,16.28
8257,15.48
8258,15.5
8259,15.85
8260,17.27
8261,18.53
8262,20.49
8263,21.09
8264,21.73
8265,21.56
8266,21.49
8267,21.25
8268,21.04
8269,20.92
8270,20.91
8271,21.04
8272,21.79
8273,21.76
8274,21.45
8275,20.8
8276,20.47
8277,20.09
8278,19.71
8279,16.51
8280,18.02
8281,16.98
8282,16.6
8283,15.98
8284,16.65
8285,18.02
8286,18.85
8287,19.02
8288,20.33
8289,20.35
8290,20.49
8291,20.49
8292,20.41
8293,20.28
8294,20.27
8295,20.64
8296,21.22
8297,21.8
8298,21.73
8299,21.36
8300,20.97
8301,20.7
8302,20.74
8303,20.36
8304,12.51
8305,18.5
8306,18.93
8307,18.98
8308,18.98
8309,19.28
8310,19.37
8311,19.35
8312,19.37
8313,21.92
8314,21.96
8315,22.48
8316,22.38
8317,22.37
8318,22.57
8319,23.66
8320,27
8321,42.86
8322,41.67
8323,28.02
8324,27.64
8325,24.45
8326,22.37
8327,21.55
8328,22.33
8329,21.55
8330,21.36
8331,21.07
8332,21.87
8333,24.62
8334,33.25
8335,53.46
8336,56.7
8337,51.5
8338,47.96
8339,45.64
8340,43.05
8341,46.64
8342,46.92
8343,50.04
8344,50.78
8345,61.25
8346,50.77
8347,45.81
8348,33.91
8349,28.78
8350,22.04
8351,20.92
8352,20.47
8353,20.16
8354,19.99
8355,20.16
8356,20.61
8357,21.1
8358,26.49
8359,49.99
8360,53.71
8361,53.35
8362,51.08
8363,51.39
8364,50.71
8365,50.47
8366,49.6
8367,50.04
8368,50.96
8369,55.25
8370,52.15
8371,44.3
8372,28.57
8373,24.44
8374,21.06
8375,20.32
8376,20.65
8377,20
8378,19.75
8379,19.86
8380,20.44
8381,23.45
8382,31.06
8383,45.64
8384,45.44
8385,41.82
8386,41.78
8387,41.79
8388,41.69
8389,41.71
8390,40.2
8391,41.37
8392,41.67
8393,45.47
8394,43.23
8395,38.82
8396,33.75
8397,29.74
8398,24.66
8399,20.84
8400,19.68
8401,19.19
8402,18.97
8403,18.92
8404,19.59
8405,20.17
8406,25.2
8407,39.01
8408,40.3
8409,40.25
8410,35.85
8411,37.58
8412,35.24
8413,34.49
8414,33.91
8415,35.2
8416,35.24
8417,37.53
8418,35.19
8419,28.29
8420,20.97
8421,20.35
8422,19.7
8423,18.86
8424,17.34
8425,16.76
8426,16.32
8427,16.36
8428,16.98
8429,17.51
8430,18.53
8431,19.8
8432,20.29
8433,20.14
8434,19.97
8435,19.68
8436,19.17
8437,18.73
8438,18.59
8439,18.64
8440,18.84
8441,18.88
8442,18.56
8443,18.13
8444,17.66
8445,17.58
8446,16.65
8447,15.46
8448,6.64
8449,13.82
8450,13.37
8451,13.2
8452,13.6
8453,14.08
8454,14.91
8455,15.46
8456,15.54
8457,15.93
8458,16.24
8459,16.21
8460,16.02
8461,15.97
8462,16.23
8463,16.75
8464,17.25
8465,17.41
8466,17.08
8467,16.62
8468,15.99
8469,15.56
8470,15.25
8471,14.78
8472,12.53
8473,10.92
8474,10.06
8475,9.26
8476,9.4
8477,7.75
8478,9.64
8479,10.85
8480,12.72
8481,13.88
8482,14.34
8483,14.39
8484,14.29
8485,14.31
8486,14.45
8487,14.84
8488,15.51
8489,15.62
8490,15.41
8491,14.79
8492,14.36
8493,14.16
8494,13.36
8495,10.75
8496,8.71
8497,6.4
8498,5.31
8499,6.02
8500,9.48
8501,13.46
8502,14.44
8503,16.41
8504,16.55
8505,16.35
8506,16.23
8507,15.86
8508,15.73
8509,15.71
8510,15.71
8511,16.1
8512,16.29
8513,16.29
8514,16.03
8515,15.14
8516,14.2
8517,13.85
8518,12.03
8519,-0.01
8520,-12.13
8521,-13.31
8522,-10.05
8523,0.07
8524,7.84
8525,12.43
8526,14.86
8527,15.67
8528,15.84
8529,15.39
8530,15.59
8531,15.48
8532,15.35
8533,15.25
8534,15.35
8535,15.83
8536,15.96
8537,15.92
8538,15.28
8539,14.92
8540,14.67
8541,14.66
8542,14.09
8543,11.36
8544,10.05
8545,7.93
8546,3.04
8547,0.83
8548,1.89
8549,7.8
8550,12.21
8551,13.82
8552,14.22
8553,14.21
8554,14.12
8555,13.98
8556,13.68
8557,13.48
8558,13.42
8559,13.7
8560,14.06
8561,14.14
8562,13.89
8563,13.45
8564,13.33
8565,13.23
8566,12.83
8567,11.31
8568,9.92
8569,9.14
8570,8.73
8571,8.57
8572,8.72
8573,9.6
8574,10.07
8575,10.48
8576,11.34
8577,12.2
8578,12.33
8579,12.16
8580,11.4
8581,10.9
8582,11.22
8583,11.45
8584,12.25
8585,11.62
8586,10.47
8587,10.46
8588,8.49
8589,4.04
8590,7.34
8591,0.9
8592,0.01
8593,-0.96
8594,0.02
8595,0.09
8596,3.04
8597,4.08
8598,4.01
8599,4.44
8600,9.59
8601,10.11
8602,10.55
8603,10.68
8604,10.64
8605,10.59
8606,10.72
8607,10.99
8608,12.41
8609,12.86
8610,12.96
8611,12.86
8612,12.47
8613,12.47
8614,12.17
8615,11.48
8616,8.5
8617,5.83
8618,6.36
8619,5.77
8620,7.09
8621,8.61
8622,10.14
8623,10.57
8624,11.4
8625,12.03
8626,12.62
8627,12.57
8628,12.71
8629,11.64
8630,11.16
8631,12.24
8632,14.93
8633,15.35
8634,14.39
8635,13.85
8636,13.32
8637,12.72
8638,11.33
8639,10.57
8640,10.6
8641,8.65
8642,7.29
8643,6.29
8644,3.46
8645,0.11
8646,0.04
8647,0.11
8648,9.8
8649,10.03
8650,9.84
8651,10.79
8652,10.42
8653,10.18
8654,11.21
8655,12.33
8656,15.2
8657,15.52
8658,15.92
8659,15.76
8660,15.29
8661,14.48
8662,14
8663,13.81
8664,15.42
8665,15.41
8666,15.49
8667,15.63
8668,16.57
8669,17.7
8670,18.29
8671,19.89
8672,21.09
8673,23.9
8674,24.21
8675,21.25
8676,20.51
8677,19.71
8678,18.97
8679,18.8
8680,19.23
8681,18.69
8682,18.06
8683,16.44
8684,12.92
8685,12.68
8686,12.31
8687,11.81
8688,14.53
8689,14.37
8690,14.26
8691,13.9
8692,14.02
8693,14.31
8694,14.46
8695,14.44
8696,14.52
8697,14.64
8698,14.64
8699,14.65
8700,14.86
8701,14.9
8702,14.98
8703,14.85
8704,15.72
8705,16.52
8706,16.16
8707,15.95
8708,15.92
8709,15.97
8710,14.88
8711,14.5
8712,15.04
8713,14.38
8714,14.02
8715,14.02
8716,14.72
8717,14.93
8718,15.45
8719,15.98
8720,16.47
8721,16.5
8722,16.62
8723,16.51
8724,16.35
8725,16.26
8726,16.24
8727,16.45
8728,16.73
8729,16.75
8730,16.46
8731,16.04
8732,15.67
8733,15.43
8734,15
8735,13.71
8736,13.48
8737,12.56
8738,10.46
8739,4.17
8740,1.64
8741,3.68
8742,6.68
8743,12.9
8744,15.06
8745,15.48
8746,15.86
8747,16.06
8748,16.1
8749,16.15
8750,16.37
8751,16.86
8752,17.67
8753,17.9
8754,17.6
8755,16.84
8756,16.32
8757,16.29
8758,16.19
8759,15.91
8760,16.39
8761,16.04
8762,15.74
8763,15.57
8764,15.47
8765,15.75
8766,15.36
8767,15.37
8768,15.19
8769,15.39
8770,15.78
8771,16.15
8772,16.5
8773,16.72
8774,17.17
8775,18
8776,18.53
8777,19.11
8778,18.68
8779,17.93
8780,17.69
8781,17.33
8782,16.75
8783,16.25
8784,0.67
8785,9.9
8786,15.03
8787,12.77
8788,11.27
8789,11.91
8790,12.62
8791,13.83
8792,16.12
8793,15.72
8794,15.97
8795,15.98
8796,15.87
8797,15.98
8798,15.99
8799,15.99
8800,16.22
8801,16.51
8802,16.37
8803,16.08
8804,16.15
8805,15.83
8806,15.82
8807,15.31
8808,6.99
8809,-0.01
8810,0.23
8811,4.51
8812,4.12
8813,6.76
8814,0.75
8815,4.27
8816,9.11
8817,15.92
8818,16.7
8819,16.49
8820,16.37
8821,16.35
8822,16.35
8823,16.3
8824,16.45
8825,17.22
8826,16.83
8827,16.48
8828,16.43
8829,16.43
8830,17.03
8831,14.43
8832,13.78
8833,12.77
8834,10.56
8835,3.87
8836,3.2
8837,8.67
8838,18.01
8839,19.54
8840,20.49
8841,20.49
8842,20.47
8843,20.14
8844,19.85
8845,19.83
8846,19.88
8847,20.09
8848,20.79
8849,21.07
8850,20.54
8851,19.77
8852,19.05
8853,18.5
8854,17.71
8855,17.03
8856,17.68
8857,17.33
8858,17.24
8859,17.32
8860,17.66
8861,17.92
8862,18.8
8863,20.51
8864,22.58
8865,21.73
8866,21.78
8867,21.64
8868,20.91
8869,20.61
8870,20.63
8871,20.71
8872,20.96
8873,21.23
8874,20.68
8875,20.48
8876,19.89
8877,19.39
8878,18.73
8879,17.97
8880,20.02
8881,19.63
8882,19.33
8883,19.35
8884,19.51
8885,19.81
8886,20.5
8887,22.06
8888,25.19
8889,28.24
8890,34.97
8891,37.95
8892,37.37
8893,36.61
8894,29.75
8895,28.17
8896,28.23
8897,29.6
8898,28.19
8899,26.87
8900,24.87
8901,22.06
8902,20.47
8903,19.37
8904,21.94
8905,21.75
8906,21.5
8907,21.52
8908,21.6
8909,21.62
8910,22.16
8911,27.8
8912,30.48
8913,29.34
8914,29.27
8915,27.04
8916,28.44
8917,26.08
8918,24.85
8919,23.6
8920,23
8921,24.82
8922,22.9
8923,21.71
8924,21.25
8925,21.47
8926,21.22
8927,20.26
8928,12.12
8929,17.23
8930,13.9
8931,12.11
8932,12.99
8933,16.98
8934,22.02
8935,27.99
8936,27.98
8937,26.6
8938,25.55
8939,25.76
8940,25.13
8941,25.58
8942,27.6
8943,30.81
8944,35.97
8945,43.56
8946,45.47
8947,38.81
8948,28.57
8949,25.09
8950,24.32
8951,22.66
8952,24.51
8953,23.44
8954,22.79
8955,22.49
8956,21.96
8957,22.25
8958,22.39
8959,22.97
8960,23.95
8961,24.7
8962,26.49
8963,26.93
8964,26.32
8965,25.32
8966,24.85
8967,26.13
8968,27.87
8969,29.09
8970,27.87
8971,24.63
8972,23.13
8973,22.57
8974,22.07
8975,21.26
8976,15.58
8977,19.05
8978,19.65
8979,19.43
8980,19.25
8981,19.39
8982,19.33
8983,19.57
8984,19.49
8985,20.15
8986,20.6
8987,21.59
8988,21.83
8989,21.33
8990,20.78
8991,21.45
8992,23.92
8993,25.96
8994,24.92
8995,24.34
8996,23.79
8997,23.04
8998,22.34
8999,21.69
9000,21.37
9001,20.04
9002,19.78
9003,19.36
9004,19.56
9005,21.67
9006,24.24
9007,40.28
9008,45.93
9009,44
9010,41.94
9011,40.62
9012,41.31
9013,41.09
9014,38.6
9015,37.5
9016,37.95
9017,44.69
9018,42.88
9019,38.72
9020,27.87
9021,25.45
9022,23.05
9023,21.68
9024,21.11
9025,19.81
9026,19.1
9027,18.41
9028,19
9029,20.19
9030,23.66
9031,34.77
9032,39.53
9033,41
9034,38.66
9035,36.46
9036,35
9037,33.3
9038,32.21
9039,33
9040,36.08
9041,41.94
9042,40.33
9043,29.69
9044,26.05
9045,24.76
9046,23.3
9047,21.51
9048,21
9049,19.66
9050,18.6
9051,18.66
9052,18.05
9053,20.83
9054,23.52
9055,27.5
9056,29.98
9057,30.73
9058,31.45
9059,33.56
9060,33.99
9061,34.09
9062,34.02
9063,37.44
9064,39.58
9065,43
9066,42.22
9067,38.86
9068,29.62
9069,26.97
9070,25.42
9071,22.95
9072,23.51
9073,22.58
9074,22.22
9075,22.03
9076,22.53
9077,23.9
9078,28.88
9079,31.96
9080,44.99
9081,41.39
9082,34.95
9083,33.18
9084,31.17
9085,33.52
9086,30.43
9087,28.69
9088,29.44
9089,36.41
9090,40.2
9091,31.4
9092,29.67
9093,29.1
9094,26.61
9095,25.11
9096,18.5
9097,24.04
9098,23.28
9099,22.87
9100,22.94
9101,22.98
9102,26.35
9103,26.65
9104,41.94
9105,42.94
9106,43.13
9107,46.95
9108,43.15
9109,42.05
9110,39.99
9111,36.03
9112,38
9113,45.26
9114,46.5
9115,43.33
9116,33.69
9117,29.34
9118,27.17
9119,24.96
9120,26.49
9121,25.7
9122,24.84
9123,24.34
9124,24.03
9125,24.71
9126,24.18
9127,24.43
9128,26.58
9129,31.63
9130,33.39
9131,33.23
9132,29.16
9133,26.31
9134,25.47
9135,25.6
9136,30.12
9137,38.5
9138,38.75
9139,30.29
9140,26.18
9141,25.07
9142,24.72
9143,23.54
9144,20.86
9145,20.25
9146,20.76
9147,20.97
9148,20.89
9149,20.94
9150,20.12
9151,22.35
9152,23.52
9153,24.58
9154,26.44
9155,27.26
9156,25.96
9157,25.97
9158,25.56
9159,26.42
9160,31.94
9161,39.49
9162,42.8
9163,37.98
9164,32.23
9165,26.18
9166,25.6
9167,24.39
9168,21.18
9169,23.47
9170,23.56
9171,23.46
9172,23.51
9173,24.25
9174,26.95
9175,46.01
9176,49.98
9177,50.54
9178,49.91
9179,48.44
9180,45.42
9181,44.83
9182,43.65
9183,47.75
9184,48.07
9185,60.55
9186,55.8
9187,42.64
9188,32.93
9189,26.04
9190,24.82
9191,23.73
9192,0.01
9193,3.09
9194,23.32
9195,23.78
9196,24.41
9197,25.89
9198,31.9
9199,32.76
9200,64.9
9201,65.35
9202,61.31
9203,61.43
9204,58.98
9205,58.53
9206,55.81
9207,55.5
9208,54.42
9209,70.07
9210,74.97
9211,57.56
9212,48.24
9213,37.7
9214,32.86
9215,29.08
9216,26.05
9217,25.55
9218,25.77
9219,24.79
9220,25.76
9221,26.54
9222,32.7
9223,55.08
9224,61.08
9225,58.43
9226,58.97
9227,56.14
9228,58.6
9229,57.58
9230,54.95
9231,52.42
9232,72.01
9233,92.75
9234,79.09
9235,70.03
9236,50.1
9237,40.06
9238,33.52
9239,29.63
9240,29.65
9241,27.82
9242,26.65
9243,26.96
9244,27.47
9245,29.09
9246,40.78
9247,70.01
9248,85.05
9249,83.54
9250,74.94
9251,70.12
9252,59.91
9253,57.69
9254,57.99
9255,61.05
9256,57.43
9257,77.13
9258,86.01
9259,58.21
9260,47.04
9261,35.04
9262,28.6
9263,26.56
9264,23.95
9265,23.99
9266,23.89
9267,23.82
9268,23.82
9269,23.87
9270,26.71
9271,32.83
9272,50.82
9273,48.34
9274,37.9
9275,30.59
9276,28.75
9277,27.64
9278,25.95
9279,24.48
9280,24.49
9281,25.96
9282,24.47
9283,23.87
9284,22.98
9285,22.9
9286,22.65
9287,22.43
9288,21.94
9289,21.75
9290,21.64
9291,21.78
9292,21.95
9293,21.9
9294,21.46
9295,22.6
9296,23.42
9297,24.43
9298,25.63
9299,25.94
9300,25.88
9301,24.85
9302,24.51
9303,24.6
9304,26.03
9305,27.33
9306,26.5
9307,25.35
9308,24.53
9309,23.29
9310,22.54
9311,22.71
9312,21.78
9313,20.94
9314,20.71
9315,20.58
9316,20.68
9317,21.08
9318,20.9
9319,21.4
9320,22.02
9321,21.94
9322,22.43
9323,22.63
9324,22.47
9325,22.25
9326,22.2
9327,22.59
9328,23.93
9329,25.46
9330,25.35
9331,24.1
9332,22.99
9333,22.36
9334,21.97
9335,21.72
9336,20.07
9337,19.65
9338,19.68
9339,19.98
9340,20.33
9341,21.32
9342,23.77
9343,30.07
9344,33.88
9345,27.47
9346,33.53
9347,28.76
9348,24.93
9349,28.02
9350,25.08
9351,24.88
9352,25.36
9353,25.98
9354,24.42
9355,22.67
9356,21.95
9357,21.28
9358,19.3
9359,18.11
9360,16.96
9361,16.42
9362,15.9
9363,15.91
9364,16.42
9365,16.96
9366,18.04
9367,18.82
9368,19.37
9369,19.36
9370,19.37
9371,19.31
9372,19.15
9373,19.11
9374,19.12
9375,19.17
9376,19.45
9377,19.67
9378,19.35
9379,18.76
9380,18.45
9381,18.18
9382,20.08
9383,13.43
9384,10.97
9385,3.18
9386,0.05
9387,0.13
9388,8.82
9389,13.3
9390,17.33
9391,19.12
9392,17.96
9393,17.85
9394,17.89
9395,17.71
9396,17.59
9397,17.66
9398,17.66
9399,17.62
9400,17.83
9401,18.1
9402,17.89
9403,17.59
9404,17.29
9405,17.12
9406,16.34
9407,13.96
9408,14.5
9409,12.83
9410,12.88
9411,12.14
9412,13.2
9413,16.25
9414,17.16
9415,17.57
9416,17.89
9417,17.8
9418,17.78
9419,17.66
9420,17.55
9421,17.57
9422,17.52
9423,17.59
9424,17.75
9425,18.18
9426,17.86
9427,17.54
9428,17.21
9429,17.07
9430,16.5
9431,16.02
9432,16.06
9433,15.61
9434,15.35
9435,15.5
9436,15.62
9437,16.31
9438,16.98
9439,17.52
9440,17.79
9441,17.65
9442,17.5
9443,17.3
9444,17.04
9445,16.72
9446,16.51
9447,16.2
9448,16.36
9449,16.74
9450,16.62
9451,16.14
9452,15.4
9453,15.2
9454,14.6
9455,10.29
9456,14.08
9457,8.4
9458,0.79
9459,0
9460,-0.02
9461,-0.04
9462,-2.97
9463,8.51
9464,12.42
9465,13.78
9466,15.19
9467,15.01
9468,14.27
9469,14.6
9470,14.28
9471,15.37
9472,16.03
9473,18.2
9474,17.57
9475,17.19
9476,16.79
9477,16.21
9478,15.49
9479,12
9480,8.43
9481,3.04
9482,5.09
9483,0.85
9484,-0.27
9485,0.03
9486,0.08
9487,6.04
9488,8.33
9489,10.59
9490,11.91
9491,14.68
9492,16.18
9493,12.5
9494,13.96
9495,14.33
9496,16.08
9497,21.44
9498,18.47
9499,18.35
9500,18.03
9501,17.61
9502,17.48
9503,16.45
9504,16.31
9505,15.43
9506,15.57
9507,15.74
9508,13.87
9509,14.26
9510,23.78
9511,26.3
9512,35.1
9513,21.24
9514,19.71
9515,18.9
9516,18.59
9517,18.39
9518,18.17
9519,17.97
9520,18.09
9521,18.44
9522,18.12
9523,17.77
9524,17.35
9525,14.63
9526,14.16
9527,8.44
9528,4.06
9529,0.3
9530,-2.66
9531,-1.92
9532,0.09
9533,9.52
9534,15.68
9535,18.98
9536,18.33
9537,18.18
9538,18.09
9539,17.99
9540,17.82
9541,17.85
9542,17.79
9543,17.9
9544,18.26
9545,18.61
9546,18.47
9547,17.93
9548,17.53
9549,16.95
9550,14.18
9551,9.53
9552,13.75
9553,11.58
9554,8.09
9555,6.93
9556,9.04
9557,13.74
9558,19.99
9559,18.77
9560,19.3
9561,19.19
9562,19.07
9563,18.91
9564,18.64
9565,18.6
9566,18.52
9567,18.36
9568,18.59
9569,19.02
9570,18.85
9571,18.46
9572,18
9573,17.51
9574,17.08
9575,16.61
9576,16.76
9577,16.38
9578,15.99
9579,15.29
9580,13.93
9581,17.01
9582,17.93
9583,20.08
9584,19.71
9585,19.55
9586,19.5
9587,19.04
9588,18.73
9589,18.59
9590,18.54
9591,18.62
9592,18.94
9593,19.99
9594,19.97
9595,19.4
9596,18.87
9597,18.46
9598,18.02
9599,17.54
9600,17.73
9601,17.6
9602,17.58
9603,17.84
9604,18.12
9605,18.43
9606,19.44
9607,25.31
9608,36.49
9609,30.2
9610,25.51
9611,20.9
9612,20.37
9613,19.88
9614,19.74
9615,19.7
9616,19.88
9617,21.05
9618,20.41
9619,19.71
9620,19.12
9621,18.41
9622,17.89
9623,17.35
9624,9.97
9625,15.55
9626,16.01
9627,14.33
9628,13.78
9629,13.98
9630,15.05
9631,16.08
9632,16.32
9633,16.58
9634,16.74
9635,16.5
9636,16.09
9637,15.48
9638,15.37
9639,15.29
9640,16.85
9641,17.93
9642,17.81
9643,17.19
9644,16.07
9645,12.71
9646,15.04
9647,11.74
9648,5.01
9649,5.98
9650,5.62
9651,3.05
9652,0.93
9653,0.08
9654,0.05
9655,1.13
9656,5.74
9657,8.01
9658,12.92
9659,13.79
9660,13.84
9661,12.19
9662,11.76
9663,10.01
9664,13.32
9665,16.64
9666,17.18
9667,16.8
9668,16.24
9669,13.79
9670,15.04
9671,9.29
9672,10.02
9673,7.99
9674,5.24
9675,1.16
9676,1.4
9677,7.32
9678,12.32
9679,16.17
9680,16.55
9681,16.41
9682,16.56
9683,16.61
9684,16.35
9685,16.1
9686,16.15
9687,16.35
9688,15.94
9689,17.81
9690,17.3
9691,17.95
9692,15.24
9693,15.22
9694,12.95
9695,9.72
9696,-2.65
9697,-0.71
9698,-0.73
9699,-0.02
9700,0.04
9701,2.79
9702,16.98
9703,17.81
9704,17.97
9705,17.86
9706,17.73
9707,17.61
9708,17.55
9709,17.68
9710,17.74
9711,18.02
9712,18.29
9713,18.86
9714,18.8
9715,18.65
9716,18.48
9717,18.18
9718,18.33
9719,15.99
9720,16.39
9721,16.03
9722,16.03
9723,16.02
9724,16.15
9725,16.2
9726,18.85
9727,19.64
9728,19.99
9729,20.1
9730,21.75
9731,21.21
9732,19.85
9733,19.7
9734,19.98
9735,19.67
9736,20.83
9737,31.33
9738,28.71
9739,19.96
9740,19.42
9741,18.84
9742,17.94
9743,17.21
9744,17.72
9745,17.46
9746,16.91
9747,16.97
9748,17.66
9749,18.1
9750,19.53
9751,23.87
9752,24.73
9753,20.97
9754,20.61
9755,20.3
9756,20.08
9757,20.04
9758,19.93
9759,19.87
9760,20.1
9761,29.3
9762,35.98
9763,20.44
9764,19.93
9765,19.36
9766,18.5
9767,17.89
9768,17.93
9769,17.73
9770,17.63
9771,17.76
9772,18
9773,18.43
9774,19.69
9775,29.08
9776,36.1
9777,33.85
9778,33.59
9779,24.43
9780,21.69
9781,24.44
9782,20.08
9783,19.87
9784,20.3
9785,34.56
9786,40.36
9787,35.56
9788,19.6
9789,19.05
9790,18.5
9791,18
9792,18.42
9793,18.07
9794,17.79
9795,17.84
9796,17.92
9797,18.13
9798,17.91
9799,18.22
9800,18.34
9801,18.97
9802,19.15
9803,19.11
9804,18.87
9805,18.6
9806,18.55
9807,18.52
9808,19.21
9809,20.49
9810,20.52
9811,19.63
9812,19.11
9813,18.55
9814,18.47
9815,16.88
9816,13.06
9817,16.77
9818,16.55
9819,16.49
9820,16.62
9821,16.83
9822,16.94
9823,16.91
9824,17.13
9825,17.55
9826,17.51
9827,18.01
9828,17.69
9829,17.34
9830,16.27
9831,15.13
9832,16.96
9833,21.21
9834,19.06
9835,18.71
9836,18.28
9837,17.95
9838,17.79
9839,17.52
9840,16.57
9841,16
9842,15.97
9843,16.23
9844,12.68
9845,14.65
9846,18.56
9847,29.93
9848,29.47
9849,31.67
9850,30.16
9851,21.92
9852,20.61
9853,20.13
9854,19.6
9855,19.39
9856,20.25
9857,27.77
9858,29.44
9859,22.19
9860,19.74
9861,18.91
9862,18.47
9863,17.84
9864,18.22
9865,18.14
9866,18.09
9867,18.26
9868,18.65
9869,18.93
9870,23.86
9871,39.46
9872,42.08
9873,42.42
9874,37.23
9875,34.86
9876,31.04
9877,28.59
9878,26.21
9879,23.9
9880,25.39
9881,39.46
9882,26.93
9883,22.18
9884,19.67
9885,18.78
9886,18.25
9887,17.54
9888,14.99
9889,17.19
9890,17
9891,17.15
9892,17.52
9893,17.85
9894,18.39
9895,19.56
9896,20.66
9897,20.04
9898,19.81
9899,19.2
9900,18.9
9901,18.82
9902,18.69
9903,18.68
9904,18.75
9905,19.5
9906,19.76
9907,18.94
9908,18.49
9909,18.22
9910,17.84
9911,17.45
9912,17.94
9913,18.09
9914,18.1
9915,18.37
9916,19.02
9917,19.61
9918,20.61
9919,34.67
9920,38.6
9921,33.23
9922,25.6
9923,24.34
9924,23.77
9925,23.82
9926,22.51
9927,21.87
9928,22.72
9929,25.72
9930,25.69
9931,22.74
9932,20.26
9933,19.82
9934,19.11
9935,18.16
9936,18.49
9937,18.16
9938,18.13
9939,18.56
9940,19.07
9941,18.99
9942,20.33
9943,24.38
9944,35.68
9945,25.7
9946,24.26
9947,21.43
9948,20.88
9949,20.42
9950,20.21
9951,19.9
9952,19.82
9953,20.2
9954,20.3
9955,19.91
9956,19.04
9957,18.25
9958,17.68
9959,17.05
9960,4.04
9961,16.82
9962,11.54
9963,9.69
9964,9.52
9965,5.01
9966,5.06
9967,9.09
9968,8.69
9969,13.43
9970,16.36
9971,17
9972,16.96
9973,15.94
9974,15.77
9975,16.05
9976,16.15
9977,18.99
9978,18.56
9979,18.25
9980,18.96
9981,13.92
9982,11.79
9983,8.03
9984,9.37
9985,6.52
9986,5.09
9987,3.14
9988,0.46
9989,0.13
9990,-0.05
9991,0.13
9992,5.62
9993,10.81
9994,13.07
9995,14.94
9996,14.95
9997,10.6
9998,7.71
9999,4.95
10000,7.69
10001,17.31
10002,18.61
10003,18.2
10004,15.55
10005,16.5
10006,13.94
10007,9.31
10008,0.1
10009,0.02
10010,-0.92
10011,-0.06
10012,0.04
10013,7.63
10014,18.05
10015,20.16
10016,20.53
10017,20.4
10018,20.17
10019,19.91
10020,19.58
10021,19.28
10022,19.07
10023,19.23
10024,19.57
10025,20.27
10026,20.42
10027,20.11
10028,19.34
10029,18.75
10030,18.2
10031,17.68
10032,17.81
10033,14.28
10034,17.23
10035,17.47
10036,17.83
10037,19.09
10038,19.9
10039,21.06
10040,21.82
10041,21.21
10042,20.93
10043,20.74
10044,20.7
10045,20.63
10046,20.43
10047,20.24
10048,20.37
10049,20.96
10050,21.34
10051,20.79
10052,20.23
10053,19.5
10054,18.9
10055,17.9
10056,18.04
10057,17.06
10058,16.99
10059,17.09
10060,17.86
10061,18.92
10062,20
10063,21.29
10064,21.62
10065,21.44
10066,21.27
10067,21.04
10068,20.85
10069,20.61
10070,20.52
10071,20.52
10072,20.68
10073,21.34
10074,22.03
10075,21.41
10076,21.1
10077,20.46
10078,19.53
10079,18.83
10080,15
10081,18.86
10082,18.82
10083,19.03
10084,19.46
10085,20.82
10086,21.56
10087,35.18
10088,38.25
10089,34.44
10090,31.35
10091,29.71
10092,25.92
10093,25.39
10094,23.83
10095,23.77
10096,23.8
10097,31.16
10098,38.95
10099,35.08
10100,23.64
10101,21.2
10102,20.26
10103,19.15
10104,2.75
10105,18.46
10106,18.43
10107,18.6
10108,19.34
10109,20.29
10110,20.97
10111,26.61
10112,35.11
10113,32.41
10114,28.38
10115,23.44
10116,21.53
10117,21.03
10118,20.77
10119,20.56
10120,20.76
10121,23.7
10122,33.54
10123,22.11
10124,20.83
10125,20.26
10126,19.69
10127,19.07
10128,19.68
10129,19.42
10130,19.24
10131,19.13
10132,19.19
10133,19.52
10134,19.61
10135,19.7
10136,19.91
10137,19.94
10138,20.02
10139,19.84
10140,19.49
10141,19.18
10142,19.05
10143,19.09
10144,19.4
10145,19.86
10146,20.34
10147,19.98
10148,19.68
10149,19.32
10150,19.2
10151,18.79
10152,19.42
10153,18.39
10154,18.01
10155,17.96
10156,17.88
10157,18.03
10158,18.09
10159,18.16
10160,18.4
10161,19.02
10162,19.04
10163,19.02
10164,18.32
10165,18.19
10166,18.04
10167,17.94
10168,15.87
10169,19.11
10170,24
10171,22.01
10172,20.67
10173,19.72
10174,19.79
10175,19.54
10176,19.12
10177,17.77
10178,18.03
10179,18.01
10180,17.01
10181,18.49
10182,24.28
10183,34.56
10184,32.96
10185,27.99
10186,24.92
10187,23.48
10188,22.22
10189,21.62
10190,21.09
10191,20.96
10192,20.96
10193,23.12
10194,24.3
10195,22.08
10196,21.21
10197,20.01
10198,19.65
10199,18.83
10200,19.27
10201,19.05
10202,18.97
10203,19.03
10204,19.32
10205,19.77
10206,19.99
10207,23.5
10208,24.85
10209,21.98
10210,21
10211,20.33
10212,19.98
10213,19.86
10214,19.76
10215,19.65
10216,19.65
10217,19.86
10218,19.97
10219,19.78
10220,19.48
10221,19.09
10222,18.39
10223,17.06
10224,10.58
10225,13.56
10226,17
10227,17.04
10228,14.89
10229,15.85
10230,21.45
10231,23.08
10232,23.78
10233,23.82
10234,23.74
10235,23.74
10236,24.61
10237,25.17
10238,25.09
10239,23.75
10240,22.12
10241,26.93
10242,28.83
10243,26.45
10244,23.07
10245,20.59
10246,19.87
10247,19.32
10248,17.47
10249,19.1
10250,18.64
10251,17.98
10252,18.26
10253,19.38
10254,22.39
10255,25.48
10256,30.05
10257,25.96
10258,24.3
10259,23.48
10260,23.87
10261,23.41
10262,23.05
10263,22.59
10264,22.27
10265,24.64
10266,27.96
10267,22.73
10268,21.48
10269,21.05
10270,20.53
10271,19.78
10272,19.91
10273,19.55
10274,19.28
10275,19.19
10276,18.99
10277,20.18
10278,21.44
10279,26.24
10280,32.89
10281,29.32
10282,26.69
10283,23.78
10284,22.48
10285,21.78
10286,21.39
10287,21.36
10288,21.28
10289,21.89
10290,22.06
10291,21.34
10292,21.04
10293,20.67
10294,20.14
10295,19.73
10296,2.95
10297,19.17
10298,19.04
10299,18.96
10300,18.88
10301,19.01
10302,19.12
10303,19.83
10304,20.32
10305,20.88
10306,21.07
10307,20.99
10308,20.78
10309,20.23
10310,19.93
10311,19.91
10312,20.52
10313,20.96
10314,21.36
10315,21.11
10316,20.61
10317,20.41
10318,19.93
10319,19.52
10320,20.03
10321,19.46
10322,19.13
10323,18.69
10324,18.58
10325,18.83
10326,18.65
10327,18.78
10328,19.28
10329,19.99
10330,20.26
10331,20.51
10332,20.02
10333,19.14
10334,18.84
10335,18.83
10336,18.73
10337,20.57
10338,22.83
10339,21.87
10340,21.13
10341,20.94
10342,20.3
10343,19.59
10344,19.93
10345,19.74
10346,19.63
10347,19.51
10348,19.79
10349,21.01
10350,21.49
10351,24.18
10352,25.71
10353,28.65
10354,27.57
10355,25.68
10356,25.18
10357,24.91
10358,24.22
10359,22.9
10360,23.34
10361,26.87
10362,29.98
10363,26.29
10364,23.33
10365,21.78
10366,21.22
10367,20.82
10368,21.01
10369,20.62
10370,20.58
10371,20.66
10372,20.98
10373,21.55
10374,23.64
10375,32.3
10376,37.75
10377,34.14
10378,28.61
10379,25.42
10380,25
10381,24.64
10382,24.21
10383,24.49
10384,23.66
10385,29.77
10386,35.03
10387,32.54
10388,23.9
10389,22.97
10390,21.38
10391,20.7
10392,21.04
10393,20.59
10394,20.27
10395,20.08
10396,20.01
10397,21.14
10398,22.27
10399,24.83
10400,29.2
10401,25.03
10402,23.43
10403,23.85
10404,22.28
10405,21.96
10406,22.16
10407,22.5
10408,23.06
10409,24.44
10410,27.71
10411,24.72
10412,23.37
10413,22.27
10414,21.58
10415,21.01
10416,19.72
10417,20.17
10418,20.04
10419,20.16
10420,20.94
10421,21.6
10422,23.48
10423,25.56
10424,31.23
10425,29.33
10426,24.95
10427,24.38
10428,24.67
10429,24.38
10430,24.06
10431,24.03
10432,24.03
10433,24.75
10434,26.78
10435,25.47
10436,24.23
10437,23.36
10438,22.17
10439,21.23
10440,21.5
10441,20.85
10442,21.03
10443,21.06
10444,21.75
10445,22.39
10446,24.48
10447,34.47
10448,38.34
10449,36.69
10450,32.91
10451,31.98
10452,29.81
10453,26.38
10454,24.74
10455,24.32
10456,24.28
10457,27.23
10458,32.55
10459,32.43
10460,24.34
10461,24.42
10462,23.23
10463,22.07
10464,22.47
10465,22.33
10466,22.28
10467,22.28
10468,22.4
10469,22.67
10470,22.72
10471,22.86
10472,23.47
10473,24.79
10474,24.79
10475,24.29
10476,23.03
10477,22.48
10478,22.28
10479,22.23
10480,22.38
10481,23.95
10482,25.94
10483,24.36
10484,22.73
10485,22.67
10486,22.62
10487,22.39
10488,22.46
10489,22.11
10490,21.67
10491,21.05
10492,21.12
10493,21.47
10494,21.33
10495,21.6
10496,21.84
10497,22.08
10498,22.17
10499,22.09
10500,21.59
10501,20.91
10502,20.75
10503,20.74
10504,21.23
10505,21.17
10506,24.25
10507,23.88
10508,22.8
10509,22.44
10510,22.36
10511,22.08
10512,21.17
10513,20.59
10514,20.22
10515,20.25
10516,20.36
10517,21.92
10518,23.18
10519,24.5
10520,26.55
10521,24.52
10522,28.82
10523,23.97
10524,23.26
10525,22.84
10526,22.55
10527,22.49
10528,22.38
10529,24.45
10530,24.44
10531,23.51
10532,22.51
10533,22.25
10534,22.02
10535,21.1
10536,20.6
10537,20.26
10538,20.33
10539,20.24
10540,20.86
10541,21.86
10542,22.4
10543,23.92
10544,24.3
10545,24.09
10546,24.06
10547,23.91
10548,23.32
10549,22.95
10550,22.56
10551,22.33
10552,22.25
10553,23
10554,24.04
10555,24.01
10556,22.73
10557,22.29
10558,21.92
10559,20.95
10560,20.71
10561,20.42
10562,20.27
10563,20.06
10564,20.49
10565,21.59
10566,22.38
10567,23.25
10568,23.97
10569,23.77
10570,22.48
10571,22.43
10572,22.16
10573,21.85
10574,21.9
10575,21.79
10576,21.96
10577,23.62
10578,25.63
10579,24.98
10580,22.27
10581,21.99
10582,21.37
10583,20.58
10584,20.69
10585,20.17
10586,20.28
10587,20.56
10588,21.09
10589,22.06
10590,22.4
10591,23.7
10592,25.07
10593,24.38
10594,23.11
10595,22.87
10596,22.38
10597,22.2
10598,22.15
10599,22.07
10600,22.16
10601,22.37
10602,22.74
10603,22.65
10604,22.29
10605,22.11
10606,21.62
10607,20.92
10608,20.31
10609,19.47
10610,19.49
10611,19.67
10612,20.14
10613,21.58
10614,22.16
10615,22.82
10616,23.35
10617,22.96
10618,22.43
10619,22.37
10620,22.18
10621,22.01
10622,22.02
10623,22.02
10624,22.07
10625,22.26
10626,22.65
10627,22.69
10628,22.38
10629,22.13
10630,21.75
10631,21.12
10632,21.31
10633,21.16
10634,21.14
10635,21.26
10636,21.3
10637,21.52
10638,21.59
10639,21.76
10640,21.84
10641,22.28
10642,22.13
10643,21.89
10644,21.45
10645,21.13
10646,20.65
10647,20.42
10648,20.79
10649,21.7
10650,22.2
10651,22.2
10652,21.72
10653,21.53
10654,21.31
10655,20.71
10656,17.73
10657,17.04
10658,18.63
10659,19.25
10660,19.36
10661,19.64
10662,19.74
10663,19.69
10664,19.92
10665,20.3
10666,20.59
10667,20.66
10668,20.52
10669,20.21
10670,20.15
10671,20.14
10672,20.05
10673,19.02
10674,23.54
10675,22.19
10676,21.86
10677,21.54
10678,21.27
10679,20.33
10680,20.29
10681,19.9
10682,19.79
10683,19.9
10684,20.4
10685,21.33
10686,21.68
10687,22.11
10688,22.32
10689,22.22
10690,22.16
10691,22
10692,21.84
10693,21.72
10694,21.57
10695,21.55
10696,21.56
10697,21.88
10698,22.19
10699,22.25
10700,22.07
10701,21.85
10702,21.58
10703,20.9
10704,20.28
10705,20.08
10706,20.05
10707,20.47
10708,21
10709,21.49
10710,21.71
10711,22.24
10712,24.1
10713,24.06
10714,24.05
10715,23.09
10716,21.73
10717,22.32
10718,22.08
10719,22.13
10720,21.76
10721,21.96
10722,22.17
10723,22.23
10724,22.12
10725,21.93
10726,21.41
10727,20.91
10728,20.89
10729,20.51
10730,20.26
10731,20.56
10732,20.87
10733,21.23
10734,21.6
10735,21.94
10736,22.22
10737,22.06
10738,21.98
10739,21.89
10740,21.72
10741,21.64
10742,21.57
10743,21.51
10744,21.55
10745,21.76
10746,22.28
10747,23.23
10748,22.31
10749,21.87
10750,21.59
10751,21.14
10752,21.35
10753,20.99
10754,20.7
10755,20.86
10756,21.23
10757,21.82
10758,21.67
10759,21.8
10760,22.09
10761,21.91
10762,21.75
10763,21.6
10764,21.3
10765,21.01
10766,20.8
10767,20.68
10768,20.69
10769,20.87
10770,21.05
10771,21.14
10772,21.08
10773,20.84
10774,20.53
10775,20.3
10776,20.7
10777,20.28
10778,20.25
10779,19.99
10780,20.01
10781,20.3
10782,20.26
10783,20.39
10784,20.82
10785,21.05
10786,21.05
10787,20.9
10788,20.75
10789,20.42
10790,20.31
10791,20.28
10792,20.36
10793,20.47
10794,20.83
10795,21.01
10796,20.8
10797,20.54
10798,20.45
10799,20.15
10800,20.82
10801,20.54
10802,20.43
10803,20
10804,20
10805,20.01
10806,20.01
10807,20.47
10808,20.88
10809,21.11
10810,20.91
10811,19.97
10812,19.06
10813,18.26
10814,16.29
10815,15.75
10816,15.85
10817,19.39
10818,20.12
10819,20.09
10820,19.94
10821,17.99
10822,17.91
10823,14.66
10824,7.33
10825,3.04
10826,6.1
10827,
10828,
10829,0.91
10830,4.63
10831,7.5
10832,8.91
10833,17.31
10834,17.36
10835,16.81
10836,16.02
10837,15.43
10838,15.52
10839,15.98
10840,17.03
10841,17.54
10842,19.6
10843,20.43
10844,19.87
10845,19.5
10846,18.5
10847,12.88
10848,8.28
10849,7.43
10850,6.5
10851,5.27
10852,6.28
10853,5.86
10854,5.96
10855,3.99
10856,3.41
10857,2.68
10858,0.07
10859,-0.77
10860,-12.17
10861,-13.37
10862,-13.45
10863,-13.44
10864,-4.2
10865,7.45
10866,11.79
10867,17.02
10868,11.47
10869,16.29
10870,12.98
10871,11.51
10872,9.14
10873,11.95
10874,9.23
10875,8.3
10876,13.49
10877,23.65
10878,22.56
10879,21.37
10880,21.37
10881,21.24
10882,21.06
10883,20.43
10884,19.99
10885,19.83
10886,19.72
10887,19.14
10888,21.48
10889,21.2
10890,21.34
10891,21.4
10892,21.14
10893,20.5
10894,20.08
10895,20.3
10896,20.13
10897,20.2
10898,19.92
10899,20.18
10900,21.08
10901,21.67
10902,22.21
10903,23.14
10904,22.53
10905,21.99
10906,21.83
10907,21.64
10908,21.58
10909,21.51
10910,21.39
10911,21.34
10912,21.51
10913,21.69
10914,21.88
10915,21.9
10916,21.69
10917,21.35
10918,21.04
10919,20.55
10920,20.24
10921,20.16
10922,20.22
10923,20.61
10924,21.54
10925,22.28
10926,24.08
10927,24.9
10928,24.93
10929,24.13
10930,24.05
10931,22.02
10932,23.49
10933,19.94
10934,21.52
10935,21.39
10936,21.47
10937,21.57
10938,21.67
10939,21.78
10940,21.69
10941,21.29
10942,20.43
10943,20.69
10944,20.31
10945,20.34
10946,20.14
10947,20.62
10948,21.26
10949,22.06
10950,24.27
10951,26.67
10952,33.42
10953,32.06
10954,28.98
10955,25.17
10956,21.93
10957,21.74
10958,21.62
10959,21.57
10960,21.69
10961,25.9
10962,21.89
10963,21.93
10964,21.76
10965,21.5
10966,21.06
10967,19.26
10968,20.8
10969,20.6
10970,19.84
10971,19.91
10972,20.09
10973,20.19
10974,20.79
10975,21.14
10976,21.33
10977,20.81
10978,20.08
10979,19.77
10980,19.76
10981,19.36
10982,19.28
10983,18.96
10984,20.12
10985,22.31
10986,21.72
10987,21.55
10988,21.38
10989,21.17
10990,20.92
10991,19.59
10992,18.07
10993,18.56
10994,18.52
10995,18.29
10996,18.4
10997,18.43
10998,18.57
10999,19.03
11000,19.41
11001,19.72
11002,19.83
11003,19.29
11004,19.18
11005,19.15
11006,19.58
11007,20.12
11008,19.29
11009,21.19
11010,23.15
11011,22.02
11012,21.68
11013,21.38
11014,20.71
11015,20.5
11016,19.59
11017,19.16
11018,19.15
11019,19.34
11020,20.39
11021,22.35
11022,23.98
11023,27.04
11024,31.4
11025,28.67
11026,24.3
11027,22.81
11028,23.26
11029,23.09
11030,22.49
11031,22.48
11032,22.7
11033,22.91
11034,22.92
11035,23.5
11036,22.71
11037,22.02
11038,21.23
11039,20.21
11040,20.04
11041,20.02
11042,19.82
11043,20.08
11044,21.26
11045,22.87
11046,31.98
11047,34.41
11048,34.08
11049,33.28
11050,32.14
11051,26.46
11052,25.94
11053,24.15
11054,23.61
11055,23.39
11056,25.26
11057,23.6
11058,24.81
11059,24.29
11060,23.06
11061,22.35
11062,21.27
11063,20
11064,19.2
11065,19.06
11066,18.95
11067,19.02
11068,20
11069,21.6
11070,22.89
11071,23.32
11072,22.91
11073,22.68
11074,21.97
11075,21.25
11076,20.72
11077,20.62
11078,20.21
11079,20.09
11080,21.59
11081,21.7
11082,21.88
11083,21.98
11084,21.46
11085,20.15
11086,19.01
11087,16.42
11088,16
11089,15.94
11090,15.42
11091,16.82
11092,17.37
11093,22.25
11094,21.62
11095,22.03
11096,21.93
11097,21.55
11098,21.46
11099,21.35
11100,21.26
11101,21.19
11102,20.96
11103,21.07
11104,21.23
11105,21.47
11106,21.85
11107,21.87
11108,21.49
11109,20.96
11110,20.03
11111,19.55
11112,19.29
11113,19.24
11114,19.3
11115,19.64
11116,20.32
11117,21.28
11118,22.63
11119,23.79
11120,23.83
11121,23.52
11122,22.99
11123,22.87
11124,22.61
11125,22.29
11126,21.67
11127,21.69
11128,21.85
11129,22.25
11130,22.18
11131,22.05
11132,22.03
11133,21.46
11134,20.96
11135,21.2
11136,20.83
11137,20.71
11138,20.79
11139,20.77
11140,21.02
11141,21.36
11142,21.4
11143,22.11
11144,22.51
11145,22.4
11146,22.25
11147,21.83
11148,20.81
11149,20.2
11150,20.35
11151,20.3
11152,22.27
11153,22.58
11154,22.52
11155,22.36
11156,22.14
11157,21.74
11158,21.25
11159,21.13
11160,20.03
11161,19.73
11162,19.59
11163,19.6
11164,19.5
11165,19.55
11166,19.66
11167,20.22
11168,20.97
11169,21.05
11170,21.06
11171,20.28
11172,20.12
11173,20.03
11174,20.07
11175,20.45
11176,20.79
11177,20.78
11178,22.44
11179,21.96
11180,21.89
11181,21.84
11182,19.57
11183,20.02
11184,19.4
11185,19.33
11186,19.54
11187,20.3
11188,18.55
11189,24.99
11190,24.76
11191,28.98
11192,26.55
11193,24.04
11194,22.96
11195,22.52
11196,22.36
11197,22.12
11198,21.83
11199,22.06
11200,22.35
11201,22.39
11202,22.45
11203,22.63
11204,22.37
11205,21.83
11206,21.17
11207,20.74
11208,20.42
11209,20.37
11210,20.37
11211,20.65
11212,21.45
11213,22.25
11214,23.39
11215,24.99
11216,24.49
11217,22.93
11218,22.62
11219,22.44
11220,22.41
11221,22.32
11222,22.21
11223,22.14
11224,22.25
11225,22.3
11226,22.44
11227,22.57
11228,22.5
11229,22.05
11230,21.54
11231,21.76
11232,21.26
11233,21.2
11234,21.28
11235,21.7
11236,22.26
11237,22.99
11238,27.59
11239,34.94
11240,32.14
11241,28.73
11242,26.76
11243,25.05
11244,24.55
11245,24.22
11246,23.33
11247,23.08
11248,23.48
11249,23.55
11250,23.55
11251,23.83
11252,23.48
11253,22.94
11254,22.5
11255,21.84
11256,21.4
11257,21.18
11258,20.94
11259,21.06
11260,21.74
11261,23.58
11262,31.27
11263,37.28
11264,34.59
11265,30.91
11266,28.08
11267,26.4
11268,25.05
11269,23.83
11270,23.44
11271,23.22
11272,23.62
11273,24.32
11274,23.67
11275,23.47
11276,22.98
11277,22.74
11278,22.23
11279,21.35
11280,20.8
11281,20.45
11282,20.14
11283,20.34
11284,21.08
11285,22.96
11286,23.45
11287,24.59
11288,23.97
11289,23.74
11290,23.24
11291,23.08
11292,22.93
11293,22.81
11294,21.73
11295,21.37
11296,22.51
11297,22.66
11298,22.65
11299,22.69
11300,22.69
11301,22.56
11302,21.92
11303,21.3
11304,19.7
11305,19.88
11306,19.4
11307,19.42
11308,19.54
11309,19.94
11310,20.43
11311,21.14
11312,21.64
11313,21.36
11314,21.24
11315,20.9
11316,20.56
11317,20.37
11318,20.15
11319,20.36
11320,20.59
11321,20.19
11322,22.05
11323,21.72
11324,21.59
11325,21.22
11326,20.33
11327,19.33
11328,17.74
11329,15.85
11330,15.13
11331,15.15
11332,14.57
11333,14.82
11334,14.57
11335,16.48
11336,18.69
11337,18.69
11338,18.94
11339,18.16
11340,16.16
11341,13.82
11342,12.52
11343,13.52
11344,16.16
11345,19.35
11346,20.51
11347,21.2
11348,21.29
11349,20.64
11350,19.93
11351,19.84
11352,19.61
11353,19.1
11354,18.9
11355,19
11356,20.54
11357,21.44
11358,22.46
11359,22.71
11360,22.46
11361,22.12
11362,21.85
11363,21.14
11364,20.7
11365,20.65
11366,20.49
11367,20.31
11368,20.7
11369,20.72
11370,20.67
11371,21.04
11372,20.92
11373,19.77
11374,19.09
11375,18.85
11376,17.15
11377,14.93
11378,15.5
11379,18.44
11380,19.27
11381,20.59
11382,22.06
11383,22.49
11384,21.96
11385,20.94
11386,20.42
11387,17.79
11388,15.62
11389,13.6
11390,13.68
11391,15.02
11392,19.24
11393,20.76
11394,20.89
11395,21.18
11396,21.17
11397,20.13
11398,19.33
11399,19.14
11400,18.85
11401,16.5
11402,17.49
11403,18.63
11404,20
11405,21.63
11406,23.13
11407,23.37
11408,23.28
11409,23.02
11410,22.43
11411,21.69
11412,21.56
11413,21.52
11414,21.57
11415,21.59
11416,22.16
11417,22.54
11418,22.93
11419,23.1
11420,23.22
11421,22.92
11422,21.69
11423,21.13
11424,20.5
11425,19.93
11426,19.58
11427,19.84
11428,21.11
11429,21.89
11430,22.95
11431,23.29
11432,22.84
11433,22.64
11434,22.24
11435,21.94
11436,21.84
11437,21.76
11438,21.55
11439,21.34
11440,21.3
11441,21.26
11442,21.24
11443,21.39
11444,21.49
11445,20.88
11446,20.12
11447,19.64
11448,19.07
11449,18.96
11450,18.89
11451,19.33
11452,20.95
11453,21.5
11454,22.63
11455,22.89
11456,22.87
11457,22.86
11458,22.73
11459,22.57
11460,22.25
11461,21.94
11462,21.68
11463,21.52
11464,21.68
11465,21.73
11466,21.82
11467,21.89
11468,22.04
11469,21.79
11470,21.41
11471,21.59
11472,21.35
11473,21.01
11474,20.99
11475,20.99
11476,20.9
11477,21.05
11478,21.48
11479,22.42
11480,23.22
11481,23.32
11482,23.2
11483,22.66
11484,21.36
11485,20.45
11486,20.25
11487,20.34
11488,20.45
11489,21.07
11490,22.46
11491,23.23
11492,23.24
11493,22.98
11494,22.01
11495,18.21
11496,20.46
11497,20.42
11498,20.52
11499,20.62
11500,20.76
11501,20.51
11502,21
11503,21.3
11504,21.54
11505,21.39
11506,21.28
11507,21.22
11508,21.04
11509,20.91
11510,20.77
11511,20.83
11512,20.98
11513,21.01
11514,21.96
11515,23.35
11516,23.53
11517,23.32
11518,23.03
11519,22.56
11520,21.46
11521,20.82
11522,20.64
11523,20.92
11524,21.1
11525,25.83
11526,27.54
11527,30.06
11528,27.89
11529,27.05
11530,25.82
11531,25.35
11532,25.44
11533,24.39
11534,23.75
11535,23.78
11536,24.44
11537,24.27
11538,24.46
11539,24.95
11540,25.53
11541,24.19
11542,22.97
11543,21.81
11544,20.9
11545,20.96
11546,20.62
11547,21.07
11548,22.73
11549,24.38
11550,25.98
11551,28.04
11552,26.8
11553,25.83
11554,25.1
11555,25.12
11556,25.03
11557,24.74
11558,24.46
11559,24.15
11560,24.48
11561,24.45
11562,24.4
11563,24.48
11564,24.83
11565,24.37
11566,23.22
11567,22.27
11568,21.7
11569,21.67
11570,21.34
11571,21.64
11572,23.01
11573,23.71
11574,25.95
11575,29.3
11576,27.93
11577,25.65
11578,24.91
11579,24.21
11580,24.14
11581,23.56
11582,23.42
11583,23.53
11584,24.03
11585,24.92
11586,24.54
11587,24.14
11588,24.75
11589,24.37
11590,23.55
11591,22.67
11592,22.47
11593,22.48
11594,22.54
11595,23.16
11596,24.26
11597,24.51
11598,29.81
11599,37.08
11600,34.1
11601,29.93
11602,28.68
11603,26.16
11604,24.98
11605,25.76
11606,24.48
11607,24.33
11608,24.32
11609,24.12
11610,24.12
11611,24.27
11612,24.41
11613,24.2
11614,23.72
11615,22.32
11616,21.7
11617,21.46
11618,21.5
11619,21.63
11620,22.3
11621,22.88
11622,25.79
11623,27.94
11624,22.39
11625,21.89
11626,20.05
11627,19.09
11628,20.14
11629,20.86
11630,21.94
11631,22.08
11632,22.34
11633,22.55
11634,22.57
11635,22.53
11636,22.44
11637,22.16
11638,21.88
11639,22.22
11640,21.98
11641,21.89
11642,21.96
11643,21.98
11644,21.89
11645,21.58
11646,22.58
11647,22.75
11648,23.79
11649,23.95
11650,23.47
11651,22.44
11652,22.01
11653,21.48
11654,21.17
11655,21.54
11656,22.34
11657,23.9
11658,23.79
11659,23.75
11660,24
11661,23.75
11662,23.3
11663,20.1
11664,20.47
11665,20.02
11666,20.06
11667,20.06
11668,20.04
11669,20.03
11670,20.65
11671,21
11672,21.57
11673,22.23
11674,22.26
11675,21.74
11676,21.2
11677,20.94
11678,20.79
11679,20.81
11680,21.18
11681,21.35
11682,23.57
11683,25.08
11684,25.13
11685,24.7
11686,23.89
11687,21.45
11688,20.23
11689,20.03
11690,20.43
11691,20.08
11692,23.47
11693,25.27
11694,34.56
11695,34.96
11696,31.35
11697,28.29
11698,26.91
11699,25.29
11700,25.07
11701,24.62
11702,24.57
11703,24.26
11704,24.15
11705,24
11706,24.13
11707,23.97
11708,24.1
11709,23.63
11710,22.54
11711,21.75
11712,21.11
11713,21.04
11714,20.8
11715,21.16
11716,22.51
11717,23.76
11718,26.94
11719,29.53
11720,28.18
11721,27.67
11722,27.6
11723,25.72
11724,25.02
11725,24.32
11726,24.1
11727,23.91
11728,24.37
11729,24.42
11730,24.55
11731,24.47
11732,24.95
11733,24.44
11734,23.73
11735,22.29
11736,21.46
11737,21.25
11738,21.17
11739,21.61
11740,23.59
11741,25
11742,33.93
11743,35.97
11744,32.46
11745,28.51
11746,27.14
11747,25.43
11748,24.37
11749,24.01
11750,23.64
11751,23.88
11752,25.1
11753,27.83
11754,28.48
11755,27.85
11756,27.78
11757,24.34
11758,23.82
11759,23.12
11760,21.86
11761,21.26
11762,20.26
11763,19.79
11764,20.27
11765,20.44
11766,20.73
11767,21.27
11768,21.39
11769,21.3
11770,21.11
11771,20.9
11772,20.55
11773,20.11
11774,19.67
11775,19.71
11776,20.37
11777,20.67
11778,24.13
11779,23.31
11780,23.64
11781,23.52
11782,21.62
11783,20.73
11784,19.08
11785,18.46
11786,18.24
11787,19.11
11788,20
11789,24.11
11790,23.87
11791,25.09
11792,25.41
11793,23.99
11794,22.58
11795,22.26
11796,21.96
11797,21.57
11798,20.87
11799,20.66
11800,21.85
11801,22.88
11802,22.76
11803,22.28
11804,22.09
11805,21.8
11806,20.91
11807,19.73
11808,16.9
11809,14.95
11810,14.64
11811,14.96
11812,15.2
11813,16.27
11814,19.32
11815,19.94
11816,20.1
11817,20.27
11818,19.98
11819,19.93
11820,19.39
11821,18.72
11822,18.55
11823,18.15
11824,19.26
11825,19.92
11826,21.42
11827,19.93
11828,19.81
11829,19.72
11830,18.22
11831,15.17
11832,13.99
11833,11.51
11834,7.63
11835,7.03
11836,6.01
11837,7.6
11838,13.95
11839,16.94
11840,18.59
11841,20.02
11842,19.73
11843,19.23
11844,18.48
11845,18.02
11846,17.63
11847,17.18
11848,17.72
11849,17.93
11850,19.35
11851,19.4
11852,20.02
11853,20.12
11854,18.66
11855,15.75
11856,13.1
11857,12.49
11858,12.39
11859,12.72
11860,14.18
11861,28.07
11862,28.02
11863,28.26
11864,28.01
11865,24.23
11866,22.69
11867,22.38
11868,22.2
11869,22.03
11870,22.02
11871,21.95
11872,22.76
11873,22.87
11874,22.81
11875,22.43
11876,22.7
11877,22.13
11878,21.31
11879,21.09
11880,20.42
11881,19.61
11882,19.33
11883,19.87
11884,21.56
11885,22.77
11886,26.14
11887,32.94
11888,31.26
11889,29.21
11890,24.92
11891,23.46
11892,23.34
11893,23.41
11894,23.49
11895,23.1
11896,23.2
11897,22.89
11898,22.69
11899,22.48
11900,22.46
11901,22.23
11902,21.61
11903,21.08
11904,20.05
11905,19.62
11906,19.11
11907,19.87
11908,21.71
11909,23.93
11910,35.27
11911,39.6
11912,34.94
11913,29.41
11914,24.58
11915,23.66
11916,23.47
11917,23.22
11918,23.04
11919,22.92
11920,23.36
11921,23.62
11922,23.45
11923,23.33
11924,23.31
11925,22.23
11926,20.69
11927,19.5
11928,18.02
11929,17.28
11930,17.79
11931,18.68
11932,18.9
11933,24.08
11934,30.19
11935,34.05
11936,30.96
11937,28.93
11938,26.95
11939,25.39
11940,24.75
11941,24.75
11942,25.07
11943,25.14
11944,27.47
11945,29.79
11946,28.15
11947,25.41
11948,24.83
11949,24.03
11950,23.26
11951,22.3
11952,21.41
11953,21.04
11954,20.55
11955,21.13
11956,22.81
11957,24.12
11958,35.27
11959,40.21
11960,38.23
11961,34.8
11962,29.94
11963,27.9
11964,26.44
11965,24.68
11966,23.8
11967,23.53
11968,23.58
11969,23.87
11970,23.81
11971,23.67
11972,23.5
11973,23.22
11974,22.28
11975,13.76
11976,13.1
11977,19.22
11978,18.96
11979,18.45
11980,18.79
11981,18.46
11982,20
11983,20.43
11984,21.5
11985,21.7
11986,21.58
11987,21.14
11988,20.73
11989,20.3
11990,20.04
11991,20.03
11992,20.32
11993,20.5
11994,20.71
11995,20.46
11996,19.3
11997,23.6
11998,20.52
11999,20.42
12000,19.51
12001,18.99
12002,18.73
12003,18.08
12004,18.05
12005,17.9
12006,18.56
12007,19.3
12008,20.26
12009,20.58
12010,20.54
12011,20.24
12012,20.04
12013,19.85
12014,19.74
12015,19.92
12016,20.23
12017,20.47
12018,21.41
12019,21.69
12020,22.21
12021,22.17
12022,21.74
12023,17.85
12024,16.86
12025,18.67
12026,18.52
12027,18.48
12028,19.78
12029,21.33
12030,22.03
12031,22.54
12032,22.91
12033,23.11
12034,23.35
12035,22.9
12036,22.67
12037,22.38
12038,22
12039,22.14
12040,22.18
12041,23.8
12042,23.86
12043,23.9
12044,23.92
12045,23.7
12046,22.9
12047,23.05
12048,22.55
12049,22.09
12050,21.6
12051,21.73
12052,22.91
12053,23.96
12054,24.3
12055,24.48
12056,24.71
12057,24.52
12058,24.16
12059,23.91
12060,24.02
12061,23.95
12062,23.88
12063,23.88
12064,23.97
12065,24.1
12066,24.18
12067,24.35
12068,24.62
12069,25.89
12070,24.16
12071,23.73
12072,23.47
12073,23.12
12074,22.37
12075,22.75
12076,23.98
12077,27.78
12078,28.93
12079,28.99
12080,28.98
12081,28.93
12082,28.69
12083,27.41
12084,28.39
12085,28.3
12086,27.27
12087,29.62
12088,31.69
12089,33.05
12090,34.1
12091,33
12092,32.95
12093,30.41
12094,26.54
12095,24.48
12096,22.91
12097,22.23
12098,21.95
12099,22.29
12100,23.9
12101,30.82
12102,39.4
12103,46
12104,44.13
12105,45
12106,44.91
12107,40.07
12108,38.96
12109,35
12110,33.06
12111,31.91
12112,32.35
12113,33.18
12114,34.44
12115,30.66
12116,30.78
12117,29.36
12118,25.04
12119,23.94
12120,23.09
12121,21.5
12122,21.34
12123,21.52
12124,23.23
12125,26.36
12126,30.37
12127,29.34
12128,28.87
12129,26.24
12130,25.98
12131,24.8
12132,24.3
12133,24.22
12134,24.2
12135,24.35
12136,24.96
12137,24.66
12138,24.72
12139,24.54
12140,24.69
12141,24.49
12142,23.97
12143,24.03
12144,23.49
12145,22.6
12146,21.75
12147,21.48
12148,21.01
12149,21.6
12150,23.07
12151,23.49
12152,23.48
12153,23.48
12154,23.35
12155,22.87
12156,22.32
12157,21.94
12158,21.85
12159,21.69
12160,21.43
12161,23.9
12162,24.34
12163,23.92
12164,23.9
12165,23.87
12166,23.42
12167,17.79
12168,21.01
12169,20.3
12170,20.43
12171,20.52
12172,19.92
12173,19.82
12174,20.79
12175,21.86
12176,22.69
12177,22.69
12178,22.97
12179,22.97
12180,22.77
12181,22.49
12182,22.18
12183,22.17
12184,21.84
12185,21.33
12186,23.65
12187,23.81
12188,23.85
12189,23.84
12190,22.9
12191,22.07
12192,20.82
12193,19.51
12194,18.91
12195,19.46
12196,20.69
12197,25.67
12198,25.91
12199,26.78
12200,27.04
12201,27.23
12202,26.72
12203,25.73
12204,26.42
12205,25.99
12206,25.79
12207,25.04
12208,25.77
12209,25.5
12210,24.09
12211,24.03
12212,24.05
12213,23.88
12214,22.71
12215,21.47
12216,21.06
12217,19.99
12218,19.62
12219,20.3
12220,22.11
12221,23.96
12222,25.12
12223,25.77
12224,25.77
12225,24.67
12226,24.63
12227,24.74
12228,24.65
12229,25.93
12230,25.7
12231,25.19
12232,25.59
12233,25.38
12234,24.32
12235,24.48
12236,24.41
12237,23.99
12238,23.24
12239,21.64
12240,21.11
12241,20.88
12242,20.38
12243,20.94
12244,22.25
12245,24.26
12246,25.55
12247,25.96
12248,25.91
12249,25.72
12250,25.6
12251,25
12252,24.56
12253,24.06
12254,23.87
12255,23.84
12256,23.9
12257,23.64
12258,23.59
12259,23.57
12260,24.16
12261,23.23
12262,22.64
12263,24.53
12264,22.51
12265,22.46
12266,22.46
12267,22.58
12268,23.22
12269,25.53
12270,26.66
12271,28.46
12272,27.94
12273,25.57
12274,24.79
12275,25.46
12276,24.71
12277,24.69
12278,25.16
12279,25.76
12280,27.39
12281,26.89
12282,26.22
12283,25.97
12284,25.95
12285,25.85
12286,24.27
12287,23.65
12288,22.85
12289,21.95
12290,20.61
12291,21.69
12292,23.45
12293,25.71
12294,28.13
12295,34.63
12296,33.42
12297,32.16
12298,32.12
12299,29.64
12300,27.2
12301,26.64
12302,26.21
12303,26.65
12304,26.87
12305,26.17
12306,25.73
12307,25.18
12308,25.28
12309,25.69
12310,24.48
12311,23.92
12312,23.6
12313,22.79
12314,22.14
12315,21.69
12316,21.91
12317,22.56
12318,23.44
12319,25.64
12320,26.68
12321,24.46
12322,23.49
12323,22.87
12324,22.6
12325,22.08
12326,21.9
12327,21.3
12328,22.01
12329,25.57
12330,24.26
12331,23.78
12332,23.66
12333,23.37
12334,22.31
12335,20.73
12336,20.09
12337,18.36
12338,17.34
12339,17.05
12340,15.56
12341,16.35
12342,19.22
12343,21.79
12344,22.28
12345,22.68
12346,22.68
12347,22.72
12348,22.51
12349,21.96
12350,21.3
12351,21.43
12352,22.25
12353,22.58
12354,22.56
12355,22.77
12356,23.04
12357,23.1
12358,19.73
12359,18.07
12360,14.17
12361,12.57
12362,11.28
12363,11.86
12364,18.01
12365,24.46
12366,25.25
12367,24.56
12368,24.62
12369,24.6
12370,24.48
12371,24.36
12372,24.29
12373,24.15
12374,24.02
12375,23.95
12376,24.07
12377,24.01
12378,23.93
12379,23.88
12380,23.92
12381,23.4
12382,21.94
12383,21.17
12384,19.25
12385,16.44
12386,16.09
12387,17.31
12388,20.98
12389,24.14
12390,24.63
12391,29.86
12392,30.68
12393,29.13
12394,30.02
12395,28.09
12396,30.42
12397,29.95
12398,28.82
12399,29.26
12400,31.6
12401,32.95
12402,30.76
12403,29.67
12404,29.32
12405,28.05
12406,24.53
12407,23.42
12408,21.82
12409,21.07
12410,20.08
12411,20.18
12412,23.1
12413,29.37
12414,37.49
12415,40.87
12416,41
12417,40.44
12418,40.51
12419,36.64
12420,32.11
12421,30.9
12422,28.96
12423,28.12
12424,30.11
12425,32.66
12426,32.92
12427,30.95
12428,29.57
12429,30.16
12430,26
12431,21.96
12432,20.75
12433,20.06
12434,20
12435,20
12436,22.37
12437,29.03
12438,37.97
12439,39.54
12440,37.98
12441,37.09
12442,36.37
12443,32.08
12444,28.67
12445,26.68
12446,25.95
12447,25.92
12448,28.22
12449,31.84
12450,32.96
12451,31.96
12452,29.46
12453,29.16
12454,24.59
12455,23.74
12456,21.68
12457,21.22
12458,20.64
12459,20.9
12460,22.5
12461,27.46
12462,35.45
12463,40.08
12464,39.93
12465,36.44
12466,35.64
12467,30.92
12468,27.77
12469,25.28
12470,25.26
12471,25.49
12472,28
12473,31.82
12474,32.8
12475,31.22
12476,29.93
12477,30.63
12478,28.25
12479,23.72
12480,23.21
12481,21.63
12482,21.29
12483,21.26
12484,21.3
12485,21.53
12486,23.5
12487,27.49
12488,28.98
12489,26.56
12490,26.91
12491,25.73
12492,22.78
12493,21.58
12494,21.41
12495,21.53
12496,25.29
12497,28.19
12498,30.07
12499,29.87
12500,29.88
12501,30.24
12502,28.88
12503,24.43
12504,22
12505,20.57
12506,19.74
12507,19.9
12508,18.79
12509,20.17
12510,20.84
12511,20.15
12512,21.52
12513,21.77
12514,21.21
12515,21.53
12516,21.5
12517,21.54
12518,21.53
12519,21.32
12520,21.81
12521,23.91
12522,26.92
12523,28.85
12524,29.14
12525,30.74
12526,27.93
12527,24.59
12528,22.76
12529,21.87
12530,21.54
12531,21.15
12532,22.71
12533,29.98
12534,36.16
12535,37.82
12536,34.94
12537,32.57
12538,31.93
12539,28.63
12540,28.08
12541,28.78
12542,29.63
12543,30.99
12544,34.68
12545,38.76
12546,41.06
12547,37.31
12548,34.2
12549,33.81
12550,28.79
12551,24.85
12552,23.34
12553,22.59
12554,21.58
12555,21.67
12556,22.09
12557,29.68
12558,35.82
12559,39.48
12560,34.49
12561,29.15
12562,28.8
12563,25.94
12564,25.59
12565,25.18
12566,26.41
12567,27.53
12568,32.13
12569,36.02
12570,38.48
12571,34.9
12572,32.97
12573,32.59
12574,27.54
12575,25.98
12576,23.89
12577,22.83
12578,21.68
12579,21.54
12580,23.38
12581,28.21
12582,31.88
12583,35.6
12584,33.47
12585,33.74
12586,32.99
12587,28.52
12588,27.6
12589,27.18
12590,26.37
12591,26
12592,28.24
12593,30.68
12594,32.52
12595,31.35
12596,30.97
12597,30.16
12598,26.5
12599,23.67
12600,21.87
12601,20.81
12602,20.58
12603,21.11
12604,23.06
12605,28.03
12606,33.97
12607,43.08
12608,44
12609,42.89
12610,41.4
12611,34.99
12612,33.93
12613,30.2
12614,27.34
12615,27.01
12616,28.84
12617,27.05
12618,25.45
12619,24.66
12620,24.35
12621,24.19
12622,23.91
12623,23.55
12624,21.57
12625,21.03
12626,19.98
12627,19.16
12628,20.97
12629,27.25
12630,24.19
12631,24.9
12632,24.98
12633,24.68
12634,24.47
12635,24.31
12636,24.32
12637,24.19
12638,23.88
12639,23.09
12640,26.29
12641,29.66
12642,32.85
12643,32.06
12644,31.67
12645,32.86
12646,29.45
12647,26.14
12648,24.2
12649,23.09
12650,23.05
12651,23.16
12652,23.35
12653,23.66
12654,22.85
12655,26.06
12656,29.47
12657,29.46
12658,30.03
12659,28.49
12660,25.69
12661,24.03
12662,23.8
12663,24.06
12664,27.92
12665,30.23
12666,31.47
12667,31.85
12668,29.47
12669,30.94
12670,27.73
12671,22.74
12672,23.86
12673,23.39
12674,23.16
12675,23.55
12676,23.28
12677,23.58
12678,23.34
12679,23.86
12680,23.77
12681,24.14
12682,25.3
12683,23.44
12684,24.17
12685,23.91
12686,23.89
12687,23.97
12688,24.21
12689,27.52
12690,29.78
12691,31.33
12692,29.4
12693,29.81
12694,23.24
12695,24.79
12696,24.04
12697,23.57
12698,23.05
12699,23.14
12700,21.41
12701,27.31
12702,33.49
12703,37.13
12704,39.91
12705,34.61
12706,27.06
12707,26.93
12708,26.91
12709,26.38
12710,26.18
12711,26.32
12712,30.45
12713,31.75
12714,32.97
12715,32.58
12716,29.98
12717,29.31
12718,26.14
12719,24.82
12720,22.76
12721,23.47
12722,22.99
12723,23.4
12724,23
12725,27.4
12726,35.29
12727,38.39
12728,38.44
12729,37.25
12730,35.83
12731,32
12732,29.37
12733,27.55
12734,27.38
12735,28.64
12736,32.51
12737,35.08
12738,37.5
12739,36
12740,32.01
12741,30.1
12742,26.59
12743,26.19
12744,25.97
12745,24.92
12746,24.52
12747,24.61
12748,26.32
12749,28.37
12750,35.91
12751,38.79
12752,36.2
12753,37.11
12754,35.51
12755,30.21
12756,28.29
12757,27.99
12758,27.73
12759,29.12
12760,31
12761,34.53
12762,36.91
12763,35.49
12764,33.25
12765,33.02
12766,27.33
12767,26.76
12768,25.67
12769,25.21
12770,24.32
12771,24.73
12772,25.79
12773,29.84
12774,42.11
12775,48.37
12776,49.79
12777,55.54
12778,55.5
12779,42.81
12780,42.53
12781,42.5
12782,40.93
12783,35.17
12784,34.49
12785,38.11
12786,35.2
12787,35.28
12788,33.02
12789,31.05
12790,26.62
12791,26.54
12792,25.05
12793,24.39
12794,24.11
12795,24.13
12796,23.8
12797,27.85
12798,36.17
12799,47.24
12800,48.63
12801,49.58
12802,48.91
12803,48
12804,43.56
12805,41.18
12806,36.71
12807,32.64
12808,26.55
12809,30.72
12810,32.15
12811,30.59
12812,28.16
12813,29.08
12814,26.07
12815,23.06
12816,22.45
12817,23.27
12818,22.46
12819,21.75
12820,21.68
12821,22.51
12822,23.36
12823,24.47
12824,24.78
12825,25.05
12826,23.38
12827,27.47
12828,26.77
12829,23.69
12830,24.52
12831,24.72
12832,23.38
12833,26.53
12834,27.28
12835,26.83
12836,26.97
12837,28
12838,24.48
12839,20.64
12840,15.16
12841,20.36
12842,19.09
12843,17.9
12844,18.57
12845,17.71
12846,20.12
12847,21.98
12848,23.32
12849,23.92
12850,23.79
12851,23.61
12852,23.32
12853,23.22
12854,23.13
12855,23.51
12856,24.33
12857,22.97
12858,26.95
12859,27.8
12860,29.88
12861,29.26
12862,27.14
12863,24.92
12864,21.6
12865,22.33
12866,22.44
12867,22.3
12868,19.99
12869,28.97
12870,30.41
12871,27.75
12872,27.38
12873,26.84
12874,26.95
12875,25.51
12876,25.24
12877,25.44
12878,25.49
12879,25.19
12880,27.74
12881,27.13
12882,27.56
12883,28.45
12884,30.44
12885,30.74
12886,25.38
12887,24.23
12888,23.37
12889,22.89
12890,21.75
12891,22.42
12892,23.93
12893,29.54
12894,38.73
12895,40.78
12896,42.59
12897,41.79
12898,43.73
12899,39.59
12900,37.64
12901,35.84
12902,34.16
12903,32.45
12904,33.05
12905,34.94
12906,35.91
12907,37.44
12908,34.98
12909,33.93
12910,30
12911,28.06
12912,24.95
12913,23.95
12914,23.14
12915,22.97
12916,24.06
12917,29.98
12918,40
12919,48.41
12920,44.5
12921,44.49
12922,36.62
12923,33.6
12924,30.29
12925,28.94
12926,28.93
12927,30.31
12928,33.7
12929,38.12
12930,39.8
12931,38.3
12932,37.39
12933,35.98
12934,30.35
12935,28.09
12936,25.64
12937,24.38
12938,23.34
12939,23.24
12940,24.14
12941,28.16
12942,35.91
12943,35.91
12944,34.97
12945,29.78
12946,27.95
12947,25.62
12948,25.43
12949,25.37
12950,32.41
12951,27.31
12952,31.59
12953,35.92
12954,40.06
12955,38.04
12956,32.72
12957,30.77
12958,26.99
12959,26.03
12960,24.56
12961,24.08
12962,23.36
12963,23.91
12964,26.91
12965,31.09
12966,32.98
12967,36.69
12968,34.46
12969,31.96
12970,30.74
12971,30.66
12972,29.93
12973,28.66
12974,28.38
12975,29.63
12976,31.65
12977,34.07
12978,34.01
12979,31.26
12980,31.24
12981,32.75
12982,31.28
12983,30.14
12984,28.97
12985,26.64
12986,24.28
12987,23.35
12988,23
12989,24
12990,27.59
12991,30.25
12992,32.96
12993,33.86
12994,32.95
12995,30.06
12996,27.81
12997,25.08
12998,24.43
12999,24.43
13000,27.31
13001,29.42
13002,30.53
13003,29.8
13004,28.81
13005,29.61
13006,27.02
13007,17.29
13008,21.19
13009,20.94
13010,20.57
13011,20.06
13012,19.96
13013,14.2
13014,26.76
13015,21.14
13016,21.12
13017,21.42
13018,21.66
13019,21.63
13020,21.54
13021,21.62
13022,21.58
13023,21.77
13024,29.14
13025,29.17
13026,29.19
13027,29.97
13028,29.66
13029,30.48
13030,28.12
13031,24.1
13032,20.99
13033,19.04
13034,20.47
13035,16.12
13036,19.02
13037,27.75
13038,33.07
13039,24.75
13040,24.69
13041,26.37
13042,24.82
13043,24.82
13044,25.38
13045,24.79
13046,24.76
13047,25.92
13048,28.08
13049,34.98
13050,39.05
13051,38.31
13052,36.52
13053,36.4
13054,31.69
13055,26.84
13056,24.4
13057,24.09
13058,23.13
13059,22.76
13060,24.19
13061,30
13062,40.08
13063,43.96
13064,41.98
13065,38.94
13066,37.88
13067,35.36
13068,34.08
13069,32.62
13070,31.37
13071,30.89
13072,36.04
13073,39.85
13074,41.74
13075,38.99
13076,34.56
13077,33.84
13078,28.34
13079,24.03
13080,22.14
13081,20.69
13082,19.99
13083,19.17
13084,19.99
13085,24.58
13086,32.91
13087,34.94
13088,31.82
13089,26.05
13090,24.71
13091,24.46
13092,24.51
13093,24.27
13094,23.96
13095,23.71
13096,26.54
13097,33.46
13098,38.99
13099,37.49
13100,34.98
13101,34.94
13102,29.96
13103,25.16
13104,22.6
13105,21.52
13106,20.11
13107,19.82
13108,20.89
13109,22.63
13110,23.41
13111,23.64
13112,23.81
13113,23.98
13114,26.99
13115,27.33
13116,27.63
13117,25.8
13118,26.17
13119,26.28
13120,29.77
13121,34.23
13122,38.28
13123,34.91
13124,31.11
13125,32.38
13126,27.72
13127,29.36
13128,24.69
13129,23.42
13130,21.91
13131,20.19
13132,22.44
13133,26.44
13134,31.51
13135,32.82
13136,24
13137,23.64
13138,23.26
13139,22.56
13140,22.09
13141,22.09
13142,22.22
13143,22.35
13144,22.79
13145,23.03
13146,23.26
13147,24.73
13148,24.77
13149,24.77
13150,22.41
13151,22.03
13152,20.38
13153,19.4
13154,17.09
13155,16.79
13156,16.58
13157,17.99
13158,20.05
13159,21.41
13160,23.71
13161,22.04
13162,22.03
13163,21.87
13164,20.86
13165,19.4
13166,18.52
13167,17.95
13168,19.96
13169,23.11
13170,25.33
13171,25.48
13172,25.03
13173,25.75
13174,22.4
13175,18.07
13176,9.32
13177,7.88
13178,6.97
13179,12.22
13180,12.14
13181,14.96
13182,18.03
13183,18.22
13184,20
13185,21.54
13186,21.74
13187,21.5
13188,21.23
13189,20.6
13190,20.33
13191,18.29
13192,18.08
13193,22.02
13194,26.76
13195,27.97
13196,30.49
13197,31.63
13198,29.37
13199,25.73
13200,22.73
13201,22.26
13202,21.65
13203,21.69
13204,23.37
13205,31.93
13206,35.19
13207,37.93
13208,33.54
13209,32.91
13210,31.68
13211,29.98
13212,29.33
13213,29.75
13214,29.26
13215,30.47
13216,32.9
13217,35.98
13218,38.41
13219,38.65
13220,35.56
13221,34.96
13222,33.98
13223,29.93
13224,27
13225,25.46
13226,23.88
13227,23.43
13228,25.31
13229,30.28
13230,34.94
13231,36.46
13232,35.05
13233,32.54
13234,31.46
13235,28.6
13236,26.52
13237,24.34
13238,22.28
13239,22.14
13240,23.01
13241,24.6
13242,27.57
13243,26.9
13244,23.95
13245,22.89
13246,18.96
13247,8.18
13248,9.26
13249,9.96
13250,13.23
13251,12.19
13252,13.11
13253,20.09
13254,24.54
13255,24.15
13256,20.53
13257,22.02
13258,21.51
13259,21.37
13260,22.05
13261,24.87
13262,18.06
13263,20.3
13264,17.7
13265,23.32
13266,21.49
13267,21.58
13268,21.49
13269,21.43
13270,21
13271,22.24
13272,22.02
13273,21.94
13274,21.4
13275,21.83
13276,22.07
13277,22.3
13278,22.8
13279,23.16
13280,23.4
13281,23.36
13282,23.26
13283,23.13
13284,23.31
13285,23.24
13286,22.95
13287,22.94
13288,22.98
13289,22.96
13290,22.87
13291,22.88
13292,22.88
13293,22.86
13294,22.68
13295,27.93
13296,26.31
13297,25.04
13298,23.46
13299,23.18
13300,25.02
13301,30
13302,34.15
13303,37.69
13304,35.26
13305,33.36
13306,32.93
13307,30.15
13308,27.91
13309,26.53
13310,25.91
13311,26.94
13312,27.38
13313,28.54
13314,29.79
13315,28.1
13316,26.91
13317,28.08
13318,24.61
13319,20.7
13320,18.61
13321,22.13
13322,21.68
13323,19.94
13324,20.82
13325,21.55
13326,22.32
13327,21.99
13328,22.3
13329,22.51
13330,22.35
13331,22.08
13332,21.94
13333,21.68
13334,21.57
13335,16.9
13336,22
13337,27.92
13338,29.95
13339,29.89
13340,29.86
13341,30.37
13342,28
13343,23.17
13344,18.54
13345,21.74
13346,20.77
13347,20.36
13348,19.96
13349,20.86
13350,21.69
13351,21.05
13352,22.01
13353,22.37
13354,22.41
13355,22.32
13356,22.28
13357,22.21
13358,21.9
13359,21.95
13360,21.25
13361,24.18
13362,29.93
13363,30.91
13364,30.92
13365,31.49
13366,29.81
13367,20.6
13368,20.56
13369,21.08
13370,20.45
13371,19.77
13372,22.1
13373,27.67
13374,30.27
13375,32.15
13376,29.95
13377,26.28
13378,24.91
13379,22.09
13380,20.63
13381,21.88
13382,20.34
13383,22.23
13384,24.43
13385,22.71
13386,22.69
13387,22.69
13388,22.62
13389,22.51
13390,22.41
13391,22.35
13392,22.2
13393,22.14
13394,21.86
13395,21.86
13396,22.26
13397,22.35
13398,22.98
13399,27.61
13400,31.98
13401,31.96
13402,32.7
13403,31.44
13404,28.41
13405,28.04
13406,28.12
13407,28.29
13408,31.69
13409,32.51
13410,32.81
13411,32.26
13412,32.74
13413,32.57
13414,30.84
13415,27.95
13416,27.16
13417,26.05
13418,25
13419,25.1
13420,26.18
13421,31.85
13422,34.94
13423,40.42
13424,40.62
13425,39.36
13426,39.66
13427,36.03
13428,36.05
13429,35.36
13430,32.87
13431,27.38
13432,32.94
13433,31.58
13434,31.52
13435,30.84
13436,30.81
13437,30.83
13438,27.21
13439,23.46
13440,23.24
13441,22.1
13442,21.83
13443,21.06
13444,22.05
13445,24.06
13446,29.42
13447,32.05
13448,31.02
13449,29.8
13450,30.43
13451,27.58
13452,25.06
13453,22.61
13454,22.76
13455,22.43
13456,22.09
13457,25.74
13458,28.95
13459,27.93
13460,25.65
13461,25.56
13462,21.85
13463,18.92
13464,21.46
13465,21.05
13466,20.32
13467,20.27
13468,18.88
13469,23.44
13470,29.08
13471,30.08
13472,31.82
13473,29.94
13474,29.73
13475,27.39
13476,23.8
13477,22.93
13478,22.02
13479,22.82
13480,24.23
13481,24.17
13482,24.2
13483,24.13
13484,24.1
13485,23.07
13486,22.85
13487,23.93
13488,23.06
13489,22.41
13490,22
13491,21.91
13492,21.79
13493,22.01
13494,22.31
13495,23.34
13496,22.96
13497,22.61
13498,22.99
13499,22.94
13500,22.62
13501,22.48
13502,22.21
13503,23.36
13504,24.57
13505,24.66
13506,24.64
13507,24.62
13508,24.58
13509,24.72
13510,24.58
13511,24.53
13512,21.04
13513,21.03
13514,20.17
13515,19.57
13516,19.4
13517,19.47
13518,21.48
13519,21.83
13520,22.32
13521,23.48
13522,23.9
13523,24.07
13524,22.44
13525,23.04
13526,22.13
13527,22.25
13528,23.49
13529,22.4
13530,27.37
13531,28.07
13532,30.09
13533,30.57
13534,29
13535,26.03
13536,24.05
13537,23.31
13538,22.58
13539,22.93
13540,23.81
13541,28.82
13542,32.38
13543,34.54
13544,32.98
13545,31.97
13546,30.22
13547,27.17
13548,27.92
13549,26.4
13550,26.51
13551,26.76
13552,30.8
13553,32.15
13554,32.44
13555,32.27
13556,32.4
13557,32.3
13558,30.45
13559,27.59
13560,27.09
13561,26.41
13562,25.89
13563,25.61
13564,26.14
13565,31
13566,34.48
13567,38.19
13568,35.7
13569,32.99
13570,32.91
13571,31.38
13572,30.91
13573,30.08
13574,31.28
13575,32.4
13576,35.25
13577,37.46
13578,35.08
13579,33.88
13580,34.41
13581,31.91
13582,27.91
13583,28.01
13584,26.32
13585,25.1
13586,24.79
13587,24.83
13588,25.85
13589,29.35
13590,32.71
13591,35.85
13592,33.99
13593,32.39
13594,31.43
13595,28.02
13596,26.63
13597,25.93
13598,26.43
13599,28.08
13600,31.66
13601,32.57
13602,33.16
13603,32.01
13604,31.2
13605,28.94
13606,24.64
13607,24.36
13608,23.95
13609,23.82
13610,24.05
13611,24.13
13612,23.97
13613,24.36
13614,27.66
13615,32.12
13616,33.42
13617,33.37
13618,33.98
13619,33.94
13620,33.42
13621,32.94
13622,32.68
13623,32.51
13624,33.54
13625,33.15
13626,32.82
13627,32.45
13628,32.84
13629,32.13
13630,30.87
13631,29.26
13632,27.24
13633,27.1
13634,26.56
13635,26.5
13636,28.06
13637,31.58
13638,33.89
13639,35.92
13640,36
13641,35.16
13642,34.41
13643,32.15
13644,30.78
13645,30.68
13646,31.19
13647,31.62
13648,32.48
13649,33.78
13650,33.3
13651,32.16
13652,31.5
13653,31.2
13654,29
13655,31.04
13656,30.24
13657,29.1
13658,27.02
13659,25.77
13660,25.65
13661,26.22
13662,30.32
13663,31.96
13664,32.53
13665,32.26
13666,31.97
13667,29.02
13668,25.25
13669,24.52
13670,24.97
13671,27.72
13672,30.57
13673,31.86
13674,32.81
13675,31.88
13676,31.6
13677,31.37
13678,29.07
13679,30.11
13680,28.11
13681,25.99
13682,24.93
13683,24.25
13684,23.98
13685,23.92
13686,24.79
13687,25.67
13688,25.95
13689,24.87
13690,25.13
13691,25.06
13692,24.3
13693,23.96
13694,23.61
13695,24.76
13696,26.42
13697,29.91
13698,31.82
13699,32.16
13700,32.42
13701,32.11
13702,31
13703,29.08
13704,27.32
13705,26.32
13706,25.93
13707,25.92
13708,27.8
13709,31.87
13710,32.93
13711,34.22
13712,34.91
13713,34.81
13714,34.45
13715,33.28
13716,32.95
13717,32.35
13718,32.6
13719,32.52
13720,33.31
13721,33.53
13722,33.22
13723,33.18
13724,33.15
13725,32.55
13726,30.4
13727,27.98
13728,27.5
13729,26.38
13730,25.88
13731,25.91
13732,26.53
13733,30.97
13734,32.2
13735,32.39
13736,33.52
13737,33.8
13738,32.37
13739,32.34
13740,32.16
13741,31.61
13742,29.97
13743,31.86
13744,33.01
13745,33.61
13746,33.56
13747,33.53
13748,34.21
13749,32.93
13750,30.2
13751,28.12
13752,26.95
13753,26.04
13754,25.87
13755,26
13756,26.63
13757,31.53
13758,32.4
13759,32.62
13760,32.6
13761,32.64
13762,32.6
13763,31.92
13764,31.89
13765,30.22
13766,30.16
13767,30.14
13768,30.21
13769,30.2
13770,30.16
13771,30.12
13772,26.17
13773,26.19
13774,26.27
13775,24.02
13776,23.96
13777,25.12
13778,24.8
13779,24.65
13780,25.76
13781,29.2
13782,31.19
13783,31.52
13784,31.77
13785,31.86
13786,31.72
13787,31.56
13788,31.1
13789,30.97
13790,30.81
13791,30.68
13792,31.45
13793,31.51
13794,31.45
13795,31.57
13796,31.7
13797,32.03
13798,29.92
13799,28.21
13800,27.04
13801,26.03
13802,24.58
13803,24.84
13804,25.95
13805,29.68
13806,31.59
13807,31.94
13808,32.79
13809,32.94
13810,32.41
13811,30.94
13812,29.5
13813,27.94
13814,27.37
13815,28.09
13816,29.11
13817,30.78
13818,31.59
13819,30.86
13820,28.88
13821,26.11
13822,25.52
13823,27.7
13824,25.88
13825,25.59
13826,24.56
13827,24.17
13828,24.39
13829,24.72
13830,25.46
13831,26.74
13832,28.97
13833,28.38
13834,27.93
13835,26.33
13836,24.79
13837,23.99
13838,24.04
13839,25.04
13840,26.1
13841,29.73
13842,30.64
13843,30.4
13844,30.46
13845,30.37
13846,29.43
13847,27.42
13848,25.36
13849,23.8
13850,22.56
13851,22.14
13852,21.65
13853,20.98
13854,21.99
13855,23.8
13856,25.12
13857,25.28
13858,26.77
13859,26.34
13860,25.56
13861,24.35
13862,23.32
13863,22.78
13864,25.25
13865,25.09
13866,28.23
13867,28.92
13868,30.19
13869,30.64
13870,27.78
13871,24.91
13872,23.79
13873,22.55
13874,22.14
13875,21.91
13876,23.16
13877,25.62
13878,26.06
13879,32.43
13880,32.52
13881,30.13
13882,29.8
13883,25.86
13884,25.75
13885,25.44
13886,24.22
13887,24.06
13888,25.77
13889,25.91
13890,26.05
13891,27.4
13892,30.78
13893,30.79
13894,29.38
13895,26.82
13896,25.25
13897,24.74
13898,24.63
13899,24.27
13900,25.9
13901,30.43
13902,32.73
13903,33.65
13904,34.86
13905,36.08
13906,37.04
13907,36.77
13908,35
13909,34.25
13910,33.58
13911,32.74
13912,33.94
13913,35.06
13914,34.11
13915,32.83
13916,32.4
13917,31.19
13918,28.98
13919,26.03
13920,24.53
13921,23.74
13922,22.69
13923,22.48
13924,23.66
13925,27.06
13926,28.22
13927,27.69
13928,28.17
13929,25.12
13930,23.23
13931,22.94
13932,22.89
13933,22.75
13934,22.28
13935,22.13
13936,23.05
13937,23.69
13938,23.31
13939,23.23
13940,23.15
13941,23.1
13942,22.67
13943,21.7
13944,21.42
13945,20.05
13946,19.42
13947,19.83
13948,21.43
13949,21.79
13950,22.08
13951,22.26
13952,22.14
13953,22.16
13954,22.11
13955,22.01
13956,21.97
13957,21.85
13958,21.59
13959,21.32
13960,21.54
13961,21.58
13962,21.89
13963,21.88
13964,21.84
13965,21.93
13966,21.67
13967,21.78
13968,21.68
13969,21.66
13970,22.31
13971,24.07
13972,26.24
13973,30.45
13974,33.19
13975,36.3
13976,38.69
13977,38.54
13978,38
13979,36
13980,33.96
13981,31.39
13982,28.23
13983,28.46
13984,31.29
13985,32.22
13986,29.98
13987,28.07
13988,27.82
13989,21.92
13990,21.73
13991,21.7
13992,21.59
13993,21.5
13994,21.27
13995,21.1
13996,20.87
13997,21.14
13998,21.39
13999,21.65
14000,21.79
14001,21.84
14002,21.7
14003,22.07
14004,19.81
14005,19.28
14006,19.3
14007,17.18
14008,22.03
14009,21.97
14010,21.21
14011,21.27
14012,21.51
14013,21.56
14014,21.51
14015,21.56
14016,20.05
14017,17.99
14018,13.17
14019,12.69
14020,12.76
14021,12.93
14022,16.51
14023,18.51
14024,19.27
14025,20.11
14026,21.12
14027,20.92
14028,20.21
14029,19.95
14030,19.85
14031,19.95
14032,12.84
14033,24.7
14034,26.06
14035,21.66
14036,21.67
14037,21.69
14038,21.59
14039,20.62
14040,16.44
14041,12.91
14042,8.16
14043,8.12
14044,8.94
14045,17.85
14046,23.71
14047,21.79
14048,24.02
14049,20.26
14050,18.73
14051,19.72
14052,19.46
14053,19.48
14054,17.92
14055,20.82
14056,22.81
14057,21.18
14058,21.15
14059,21.11
14060,21.06
14061,20.87
14062,20.11
14063,19.27
14064,18
14065,18.03
14066,17.78
14067,18.11
14068,19.02
14069,19.73
14070,20.28
14071,21.15
14072,21.23
14073,21.14
14074,21.02
14075,20.85
14076,20.78
14077,20.63
14078,20.29
14079,20.04
14080,20.43
14081,20.09
14082,20.03
14083,20
14084,19.83
14085,20.44
14086,20.18
14087,19.52
14088,19.32
14089,19.24
14090,19.23
14091,19.3
14092,19.39
14093,20.42
14094,20.77
14095,21.52
14096,25.61
14097,23.17
14098,22.46
14099,22.74
14100,22.7
14101,21.83
14102,20.93
14103,21.96
14104,21.91
14105,22.39
14106,22.08
14107,21.96
14108,22.01
14109,20.93
14110,20.61
14111,20.26
14112,19.99
14113,19.91
14114,19.83
14115,19.72
14116,21.62
14117,27.97
14118,34.09
14119,35.67
14120,33.07
14121,30.86
14122,30.48
14123,28.57
14124,27.17
14125,24.99
14126,25.62
14127,25.69
14128,31.4
14129,34.37
14130,34.95
14131,35.11
14132,34.82
14133,33.87
14134,28.82
14135,24.07
14136,22.97
14137,21.05
14138,19.9
14139,20.05
14140,22.98
14141,27.93
14142,32.55
14143,33.8
14144,34.04
14145,34.91
14146,35.25
14147,34.95
14148,32.1
14149,29.5
14150,27.12
14151,24.2
14152,26.9
14153,27.94
14154,21.15
14155,20.46
14156,19.97
14157,19.86
14158,19.66
14159,20.23
14160,19.33
14161,18.09
14162,16.89
14163,16.1
14164,14.46
14165,16.08
14166,18.05
14167,20.06
14168,20.06
14169,18.34
14170,19.01
14171,18.47
14172,18.19
14173,17.84
14174,17.63
14175,13.58
14176,18.77
14177,24.72
14178,20.51
14179,20.51
14180,20.75
14181,20.8
14182,20.54
14183,20.2
14184,20.07
14185,19.48
14186,19.03
14187,18.05
14188,18.08
14189,18.06
14190,19.14
14191,19.9
14192,18.99
14193,19.74
14194,20.46
14195,19.1
14196,18.08
14197,17.55
14198,17.77
14199,16.89
14200,20.13
14201,26.75
14202,29.57
14203,30.8
14204,31.53
14205,30.32
14206,27.82
14207,25.15
14208,22.94
14209,21.61
14210,21.01
14211,21.81
14212,25.42
14213,33.68
14214,36.76
14215,35.96
14216,35.87
14217,36.47
14218,36.02
14219,38.54
14220,35.55
14221,34.91
14222,33.96
14223,32.4
14224,32.94
14225,34.82
14226,35.88
14227,34.32
14228,34.47
14229,33.22
14230,30.42
14231,26.26
14232,23.99
14233,22.94
14234,22.03
14235,22.1
14236,24.1
14237,29.42
14238,33.63
14239,34.51
14240,34.73
14241,34.43
14242,33.7
14243,33.58
14244,33.87
14245,33.83
14246,33.32
14247,31.33
14248,33.12
14249,34.33
14250,35.79
14251,34.81
14252,34.36
14253,31.25
14254,27.74
14255,25.03
14256,24.01
14257,23.51
14258,21.9
14259,22.56
14260,25.05
14261,30.44
14262,35.55
14263,37.07
14264,37.15
14265,39.24
14266,40.81
14267,38.05
14268,37.09
14269,37.02
14270,35.78
14271,33.87
14272,35.08
14273,35.67
14274,37.07
14275,36.45
14276,35.48
14277,32.42
14278,28.82
14279,25.16
14280,24.12
14281,23.34
14282,21.83
14283,22.49
14284,25.05
14285,30.26
14286,34.62
14287,36.49
14288,35.78
14289,34.9
14290,34.69
14291,34.81
14292,34.83
14293,35.31
14294,30.36
14295,32.78
14296,35.01
14297,36.05
14298,37.34
14299,36.85
14300,36.01
14301,32.74
14302,28.92
14303,27.71
14304,26.62
14305,25
14306,23.91
14307,25.58
14308,28.26
14309,33.03
14310,43.34
14311,43.4
14312,44.21
14313,44.47
14314,44.63
14315,44.78
14316,44.25
14317,42.77
14318,39.48
14319,35.63
14320,38.65
14321,36.09
14322,36.46
14323,34.99
14324,34.32
14325,32.22
14326,28.87
14327,26.54
14328,25.04
14329,23.31
14330,22.81
14331,22.32
14332,22.02
14333,22.44
14334,23.08
14335,26.94
14336,29.03
14337,25.79
14338,24.22
14339,23.12
14340,22.09
14341,21.71
14342,23.3
14343,21.38
14344,30.5
14345,31.32
14346,29.99
14347,30
14348,30.38
14349,30.14
14350,25.03
14351,18.51
14352,19.18
14353,18.18
14354,17.95
14355,17.88
14356,17.86
14357,17.95
14358,18.43
14359,18.73
14360,19.34
14361,19.63
14362,19.6
14363,19.95
14364,19.6
14365,19.23
14366,19.28
14367,19.47
14368,30.03
14369,30.3
14370,32.25
14371,32.94
14372,32.94
14373,30.59
14374,23.54
14375,21.56
14376,19.99
14377,19.49
14378,19.47
14379,19.9
14380,21.44
14381,30.03
14382,43.53
14383,43.56
14384,44.93
14385,49.4
14386,48.76
14387,47.59
14388,47.77
14389,44.81
14390,43.53
14391,38.4
14392,40.03
14393,36.59
14394,37.71
14395,37.64
14396,35.02
14397,30.99
14398,27.92
14399,23.68
14400,22.35
14401,21.62
14402,20.56
14403,22.01
14404,26.01
14405,31.31
14406,38.08
14407,43.43
14408,43.5
14409,43.5
14410,43.49
14411,43.49
14412,43.42
14413,43.04
14414,39.52
14415,37.26
14416,38.89
14417,40.2
14418,41.6
14419,42
14420,38.92
14421,33.38
14422,28.36
14423,26.19
14424,25.09
14425,24.85
14426,25.01
14427,25.53
14428,27.48
14429,31.89
14430,38.99
14431,43.47
14432,46.18
14433,46.16
14434,46.1
14435,44.92
14436,43.48
14437,43.43
14438,38.91
14439,36.27
14440,36.97
14441,37.69
14442,38.44
14443,37.99
14444,34.01
14445,28.61
14446,24.49
14447,21.96
14448,21.86
14449,20.97
14450,21.16
14451,21.45
14452,23.3
14453,30.33
14454,35.04
14455,36.58
14456,35.96
14457,36.06
14458,35.65
14459,35.54
14460,34.74
14461,34.52
14462,34.08
14463,32.94
14464,34.84
14465,36.65
14466,38.78
14467,37.96
14468,34.16
14469,28.88
14470,26.5
14471,22.1
14472,20.34
14473,20.31
14474,20.23
14475,21.25
14476,23.1
14477,29
14478,34.47
14479,35.9
14480,34.92
14481,33.35
14482,32.23
14483,32.17
14484,32.82
14485,32.29
14486,30.11
14487,30.46
14488,34.19
14489,34.79
14490,33.9
14491,32.84
14492,32.49
14493,29.36
14494,26.57
14495,25.31
14496,24.05
14497,23
14498,23.07
14499,23.28
14500,23.18
14501,25.28
14502,26.84
14503,29.5
14504,29.56
14505,25.48
14506,23.86
14507,22.82
14508,22.24
14509,21.99
14510,22.46
14511,23.03
14512,28.41
14513,34.94
14514,35.36
14515,34.95
14516,33.61
14517,29.63
14518,24.73
14519,23.14
14520,20.98
14521,21.01
14522,21.29
14523,19.85
14524,19.83
14525,20.48
14526,20.18
14527,22.07
14528,23.19
14529,20.07
14530,20.09
14531,13.38
14532,10.05
14533,21.86
14534,29.03
14535,29.48
14536,29.75
14537,29.77
14538,32.95
14539,33.76
14540,29.73
14541,23.66
14542,22.55
14543,21.45
14544,22.48
14545,22.09
14546,22.09
14547,21.89
14548,21.27
14549,23.66
14550,29.74
14551,29.78
14552,29.71
14553,29.65
14554,28.96
14555,26.33
14556,23.14
14557,22.56
14558,22.92
14559,22.99
14560,24.11
14561,23.79
14562,23.78
14563,29.11
14564,29.74
14565,28.39
14566,24.19
14567,24.73
14568,24.15
14569,23.74
14570,23.35
14571,22.74
14572,24.14
14573,32.65
14574,40.59
14575,43.82
14576,38.97
14577,38.98
14578,38.93
14579,39.33
14580,39.03
14581,38.63
14582,37.7
14583,34.15
14584,37.84
14585,40.6
14586,43.71
14587,44.83
14588,40.83
14589,32.96
14590,26.64
14591,25.6
14592,24.02
14593,23.48
14594,22.77
14595,22.79
14596,25.34
14597,32.98
14598,40.46
14599,43.07
14600,45.44
14601,43.91
14602,37.03
14603,35.87
14604,30.08
14605,32.7
14606,31.74
14607,30.79
14608,35.15
14609,38.03
14610,36.92
14611,33.94
14612,32.42
14613,27.7
14614,24.2
14615,22.65
14616,21.24
14617,21.09
14618,21.85
14619,23.59
14620,25.1
14621,32.16
14622,37.06
14623,41.08
14624,38.24
14625,34.92
14626,32.98
14627,30.75
14628,30.27
14629,29.3
14630,29.51
14631,29.57
14632,33.35
14633,35.94
14634,36
14635,36.09
14636,33.5
14637,29.74
14638,26.93
14639,24.35
14640,23.32
14641,23.19
14642,22.91
14643,23.1
14644,25.97
14645,32.29
14646,37.49
14647,40.5
14648,37.91
14649,33.07
14650,31.26
14651,30.65
14652,28.08
14653,25.85
14654,27.94
14655,29.17
14656,33.11
14657,35.22
14658,35.2
14659,32.62
14660,31.23
14661,28.39
14662,26.6
14663,26.18
14664,25.3
14665,24.76
14666,24.28
14667,24.02
14668,24.32
14669,25.04
14670,28.73
14671,30.79
14672,32.16
14673,30.35
14674,29.06
14675,27.83
14676,25.71
14677,25.73
14678,25.98
14679,26.93
14680,30.44
14681,34.27
14682,37.56
14683,38.56
14684,37.67
14685,33.01
14686,28.93
14687,25.47
14688,24.91
14689,23.09
14690,22.04
14691,20.81
14692,20.09
14693,20.03
14694,22.02
14695,22.38
14696,23.5
14697,23.58
14698,24.99
14699,24.85
14700,23.49
14701,21.48
14702,21.2
14703,21.69
14704,26.11
14705,27.91
14706,30.31
14707,33.83
14708,31.79
14709,29.53
14710,25.06
14711,23.18
14712,22.3
14713,22.42
14714,21.73
14715,22.96
14716,24.96
14717,32.79
14718,42.98
14719,44.42
14720,43.31
14721,44.97
14722,48.01
14723,45.98
14724,45.31
14725,42.58
14726,43.03
14727,41.9
14728,41.98
14729,39.92
14730,43.12
14731,44.08
14732,40
14733,32.77
14734,28.07
14735,27.68
14736,25.98
14737,24.84
14738,23.76
14739,23.92
14740,26.43
14741,33.54
14742,37.82
14743,43.81
14744,41.05
14745,35.46
14746,32.84
14747,28.48
14748,27.98
14749,28.59
14750,29.02
14751,30.7
14752,31.38
14753,31.44
14754,31.28
14755,30.52
14756,29.36
14757,26
14758,24.08
14759,20.29
14760,19.41
14761,18.66
14762,18.96
14763,20.02
14764,24.02
14765,27.87
14766,32.86
14767,37.22
14768,34.07
14769,29.95
14770,28.92
14771,28.1
14772,28.09
14773,27.92
14774,28.5
14775,28.93
14776,36.04
14777,39.72
14778,43.29
14779,40.9
14780,32.6
14781,28.85
14782,25.96
14783,24.97
14784,24.07
14785,23.5
14786,23.08
14787,23.1
14788,24.24
14789,31.91
14790,38.71
14791,39.62
14792,38.31
14793,33.73
14794,33.12
14795,32.48
14796,30.3
14797,30.27
14798,29.04
14799,29.51
14800,35.67
14801,40.41
14802,42.59
14803,40.31
14804,34.55
14805,28.65
14806,25.99
14807,25.08
14808,23.81
14809,23.49
14810,22.97
14811,23.26
14812,24.82
14813,32.09
14814,39.26
14815,41.94
14816,40.99
14817,36.88
14818,34.06
14819,31.8
14820,29.2
14821,28.54
14822,29.49
14823,30.29
14824,35.02
14825,38.81
14826,37.81
14827,35.91
14828,32.57
14829,29.49
14830,27.48
14831,28.58
14832,26.27
14833,25.41
14834,24.08
14835,23.75
14836,24.08
14837,24.89
14838,28.62
14839,28.84
14840,29.18
14841,25.22
14842,23.69
14843,23.08
14844,23.06
14845,23.06
14846,25.61
14847,28.65
14848,31.22
14849,32.14
14850,31.96
14851,31.86
14852,29.73
14853,28.66
14854,23.63
14855,23.72
14856,22.87
14857,22.51
14858,21.04
14859,20.42
14860,21.38
14861,22.21
14862,22.38
14863,23.77
14864,25.11
14865,24.96
14866,25.48
14867,25.16
14868,24.54
14869,23.48
14870,23.42
14871,24.01
14872,28.73
14873,36.36
14874,39.85
14875,42.57
14876,38.93
14877,35.94
14878,27.35
14879,23.48
14880,22.93
14881,22.51
14882,22.15
14883,22.75
14884,24.11
14885,28.65
14886,32.05
14887,41.23
14888,36
14889,33.5
14890,30.71
14891,30.16
14892,29.61
14893,29.25
14894,32.59
14895,34.94
14896,37.07
14897,35.72
14898,35.84
14899,35.06
14900,30.98
14901,28.82
14902,26.59
14903,25.08
14904,24.8
14905,24.01
14906,23.52
14907,23.55
14908,26.39
14909,29.32
14910,34.83
14911,42.76
14912,38.92
14913,35.91
14914,32.74
14915,28.13
14916,27.62
14917,28.73
14918,28.25
14919,30.23
14920,33.57
14921,33.52
14922,32.77
14923,31.22
14924,29.08
14925,24.04
14926,23.11
14927,22.26
14928,21.48
14929,20.66
14930,21.15
14931,22.01
14932,22.4
14933,28.15
14934,29.28
14935,34.63
14936,34.95
14937,30.71
14938,31.9
14939,27.98
14940,27.96
14941,27.79
14942,26.95
14943,28.55
14944,32.59
14945,32.36
14946,31.91
14947,30.8
14948,26.84
14949,24.27
14950,22.96
14951,22.93
14952,21.88
14953,21.42
14954,21.13
14955,21.35
14956,23.05
14957,27.01
14958,31.43
14959,32.92
14960,33.44
14961,29.14
14962,29.2
14963,28.83
14964,28.72
14965,28.36
14966,27.24
14967,27.3
14968,32.15
14969,33.06
14970,32.19
14971,31.62
14972,29
14973,25.06
14974,23.02
14975,22.26
14976,21.24
14977,21.22
14978,21.29
14979,20.35
14980,22.59
14981,28.95
14982,31.68
14983,26.91
14984,26.7
14985,26.47
14986,23.85
14987,23.73
14988,23.62
14989,23.54
14990,23.19
14991,23.62
14992,28.92
14993,28.88
14994,28.95
14995,28.54
14996,23.59
14997,23.55
14998,23.5
14999,25.02
15000,24.02
15001,23.77
15002,22.81
15003,22.25
15004,22.91
15005,24.91
15006,26.01
15007,27.44
15008,28.98
15009,28.94
15010,28.93
15011,28.7
15012,25.1
15013,24.79
15014,24.14
15015,24.93
15016,27.85
15017,27.03
15018,30.22
15019,29.69
15020,24.57
15021,23.51
15022,23.19
15023,21.22
15024,22.39
15025,21.22
15026,20.3
15027,19.57
15028,20.17
15029,20.45
15030,20.73
15031,22.77
15032,24.78
15033,24.56
15034,24.98
15035,24
15036,24.1
15037,23.15
15038,22.93
15039,23.2
15040,27.16
15041,31.86
15042,35.24
15043,34.1
15044,31.1
15045,27.94
15046,25.46
15047,24.56
15048,24.15
15049,23.78
15050,22.44
15051,22.05
15052,23.91
15053,36.06
15054,42.31
15055,44.6
15056,43.91
15057,43.95
15058,43.97
15059,41.27
15060,39.31
15061,37.68
15062,37.93
15063,37.78
15064,39.22
15065,39.9
15066,41.99
15067,40.1
15068,30
15069,28.01
15070,26.02
15071,24.79
15072,24.83
15073,23.51
15074,23.06
15075,23.44
15076,25.24
15077,32.73
15078,42.96
15079,43.88
15080,43.25
15081,43.22
15082,42.19
15083,38.21
15084,36.47
15085,34.22
15086,34.55
15087,36.08
15088,39.13
15089,42.07
15090,46.8
15091,41.95
15092,35.06
15093,28.54
15094,26.03
15095,25.43
15096,24.94
15097,24.11
15098,24.13
15099,24.09
15100,25.71
15101,36.97
15102,48.19
15103,49.71
15104,44.5
15105,39.98
15106,36.03
15107,32.15
15108,31.92
15109,30.7
15110,32.81
15111,35.36
15112,42.7
15113,45
15114,48.75
15115,43.87
15116,37.96
15117,28.49
15118,27.09
15119,25.86
15120,25.09
15121,24.73
15122,24.26
15123,24.24
15124,26.84
15125,38.19
15126,43.34
15127,42.2
15128,35.77
15129,28.79
15130,27.75
15131,27.11
15132,27.06
15133,27.29
15134,28.61
15135,31.87
15136,39.93
15137,43.06
15138,49.06
15139,45.82
15140,38.95
15141,29.97
15142,26.47
15143,25.84
15144,25.03
15145,24.68
15146,24.78
15147,25.14
15148,26.47
15149,36.06
15150,43.04
15151,43.01
15152,38.94
15153,33.83
15154,28.77
15155,27.69
15156,27.54
15157,26.6
15158,23.83
15159,23.79
15160,27.07
15161,27.01
15162,26.98
15163,27.55
15164,28.13
15165,27.7
15166,26.79
15167,26.27
15168,24.68
15169,24.39
15170,25.15
15171,24.65
15172,24.59
15173,27.31
15174,31.15
15175,34.63
15176,34.04
15177,29
15178,25.43
15179,24.32
15180,24.26
15181,24.4
15182,24.93
15183,27.9
15184,30.54
15185,33.2
15186,34.3
15187,33.07
15188,28.42
15189,24.06
15190,23.91
15191,24.46
15192,22.06
15193,20.55
15194,19.48
15195,19.15
15196,20.33
15197,20.75
15198,22.18
15199,22.45
15200,22.95
15201,22.43
15202,22.88
15203,22.65
15204,22.6
15205,21.81
15206,15.73
15207,19.76
15208,26.55
15209,28.91
15210,27.22
15211,27.97
15212,24.16
15213,24.02
15214,23.71
15215,23.71
15216,23.55
15217,23.42
15218,23.28
15219,23.49
15220,25.46
15221,39.24
15222,46.53
15223,49
15224,46.84
15225,39.97
15226,37.39
15227,34.94
15228,33.95
15229,32.44
15230,35
15231,39.87
15232,44.65
15233,49.55
15234,54.12
15235,51.23
15236,37.93
15237,30.52
15238,28.4
15239,31.33
15240,30.74
15241,29.75
15242,28.73
15243,27.84
15244,29.56
15245,34.69
15246,40.65
15247,46.69
15248,43.43
15249,37.99
15250,31.31
15251,29.17
15252,28.28
15253,27.91
15254,23.98
15255,23.88
15256,23.91
15257,23.74
15258,23.61
15259,23.44
15260,22.88
15261,22.4
15262,21.57
15263,20.29
15264,18.8
15265,16.19
15266,14.66
15267,14.91
15268,19.88
15269,22.58
15270,23.54
15271,24.02
15272,23.2
15273,25.66
15274,23.06
15275,19.79
15276,12.94
15277,12.95
15278,16.84
15279,22.67
15280,26.45
15281,25.78
15282,24.14
15283,24.24
15284,24.24
15285,23.84
15286,22.02
15287,19.93
15288,16.1
15289,18.63
15290,14.57
15291,14.15
15292,20.41
15293,21.95
15294,23.28
15295,23.48
15296,23.28
15297,23.59
15298,21.71
15299,15.84
15300,12.65
15301,11.43
15302,12.66
15303,14.78
15304,24.61
15305,28.36
15306,23.35
15307,23.33
15308,23.29
15309,22.69
15310,16.85
15311,16.49
15312,16.08
15313,14.93
15314,14.46
15315,19.61
15316,14.91
15317,27.33
15318,27.97
15319,27.95
15320,27.96
15321,27.96
15322,24.22
15323,23.97
15324,23.52
15325,23.2
15326,22.88
15327,23.01
15328,23.17
15329,23.43
15330,23.76
15331,23.78
15332,23.69
15333,23.47
15334,23.32
15335,23.14
15336,22.93
15337,22.87
15338,23.01
15339,23.18
15340,23.65
15341,29.27
15342,29.86
15343,29.15
15344,36.06
15345,28.96
15346,28.79
15347,28.36
15348,28.14
15349,28.04
15350,28.25
15351,28.96
15352,34.63
15353,39.93
15354,45.03
15355,40.06
15356,30.74
15357,28.84
15358,32.47
15359,32.68
15360,27.04
15361,26.28
15362,25.13
15363,24.9
15364,25.03
15365,25.43
15366,26.09
15367,29.7
15368,30.99
15369,29.88
15370,32.38
15371,29.11
15372,26.64
15373,25.01
15374,24.65
15375,25.06
15376,31.65
15377,41.22
15378,49.35
15379,42.4
15380,34.78
15381,29.94
15382,25.19
15383,25.85
15384,25.28
15385,24.71
15386,24.54
15387,24.51
15388,24.96
15389,25.76
15390,30.44
15391,30.11
15392,26.56
15393,26.39
15394,26.25
15395,25.65
15396,25.33
15397,24.59
15398,26.57
15399,26.12
15400,30.54
15401,32.5
15402,33.22
15403,31.95
15404,28.42
15405,25.74
15406,24.6
15407,25.62
15408,25.28
15409,24.05
15410,23.44
15411,23.25
15412,25.54
15413,30.04
15414,37.1
15415,40.38
15416,35.9
15417,32.37
15418,28.71
15419,31.29
15420,32.08
15421,31.99
15422,31.87
15423,30.49
15424,35.7
15425,31.39
15426,31.36
15427,30.21
15428,26.08
15429,24.78
15430,24.93
15431,25.06
15432,24.25
15433,23.2
15434,22.23
15435,22.71
15436,24.3
15437,31.17
15438,31.05
15439,30.54
15440,28.61
15441,26.83
15442,26.63
15443,26.33
15444,26.69
15445,26.81
15446,26.75
15447,26.77
15448,26.87
15449,26.91
15450,26.95
15451,26.94
15452,27.02
15453,26.98
15454,25.02
15455,13.65
15456,17.1
15457,16.05
15458,12.3
15459,19.55
15460,24.06
15461,27.63
15462,33.19
15463,29.26
15464,27.52
15465,27.31
15466,27.16
15467,27.02
15468,27.08
15469,27.03
15470,26.93
15471,26.99
15472,27.1
15473,27.12
15474,27.3
15475,27.43
15476,27.2
15477,27.01
15478,26.87
15479,26.96
15480,26.9
15481,26.98
15482,26.86
15483,27.07
15484,27.12
15485,27.15
15486,27.62
15487,27.74
15488,27.58
15489,27.5
15490,27.36
15491,27.17
15492,27.23
15493,27.12
15494,27.02
15495,27.11
15496,31.49
15497,31.76
15498,31.9
15499,31.63
15500,27.82
15501,27.7
15502,27.46
15503,28.13
15504,27.95
15505,27.8
15506,27.77
15507,27.81
15508,27.9
15509,28.15
15510,28.06
15511,28.21
15512,28.36
15513,28.36
15514,28.25
15515,28.11
15516,28.07
15517,28.05
15518,28.06
15519,28.14
15520,28.45
15521,35
15522,34.96
15523,28.81
15524,28.54
15525,28.38
15526,28.2
15527,28.71
15528,28.45
15529,28.32
15530,28.1
15531,28.03
15532,28.06
15533,28.34
15534,28.59
15535,28.72
15536,28.81
15537,28.86
15538,28.83
15539,28.77
15540,28.81
15541,28.23
15542,28.21
15543,28.8
15544,29.11
15545,34.56
15546,34.56
15547,29.36
15548,29.08
15549,28.87
15550,28.77
15551,29.58
15552,30.96
15553,30.32
15554,29.92
15555,29.46
15556,31.28
15557,44.37
15558,67.58
15559,75
15560,70.16
15561,60.13
15562,55.66
15563,51.99
15564,53.21
15565,52.65
15566,45.09
15567,31.23
15568,35.04
15569,33.27
15570,33.22
15571,30.93
15572,29.13
15573,28.93
15574,28.75
15575,28.7
15576,28.62
15577,28.55
15578,28.57
15579,28.79
15580,28.72
15581,29.5
15582,29.83
15583,30.46
15584,30.38
15585,29.92
15586,29.85
15587,29.7
15588,29.76
15589,29.68
15590,29.61
15591,29.64
15592,31.27
15593,31.52
15594,31.28
15595,30.99
15596,29.44
15597,29.26
15598,28.98
15599,28.17
15600,27.93
15601,28.24
15602,28.01
15603,28.16
15604,29.99
15605,32.93
15606,39.65
15607,46.99
15608,34.27
15609,34.26
15610,34.23
15611,34.17
15612,34.22
15613,34.2
15614,33.87
15615,36.88
15616,43.89
15617,45.03
15618,40.18
15619,36.24
15620,33.57
15621,33.99
15622,30.1
15623,28.21
15624,28.15
15625,28.08
15626,28.14
15627,28.12
15628,28.23
15629,33.82
15630,39.88
15631,40.57
15632,37.81
15633,34.13
15634,33.84
15635,30.38
15636,30.31
15637,30.12
15638,30.21
15639,30.2
15640,30.35
15641,30.36
15642,31.77
15643,30.58
15644,28.7
15645,28.2
15646,28.83
15647,20.8
15648,20.02
15649,14.98
15650,20.07
15651,21.72
15652,25.2
15653,30.29
15654,37.7
15655,30.51
15656,30.39
15657,33.36
15658,29.55
15659,28.17
15660,28.1
15661,28.2
15662,30.01
15663,29
15664,31.29
15665,30.41
15666,30.65
15667,31.93
15668,29.57
15669,28.2
15670,28.01
15671,15.53
15672,13.1
15673,13.66
15674,13.62
15675,17.99
15676,15.5
15677,15.79
15678,27.62
15679,30.59
15680,30.43
15681,30.42
15682,30.44
15683,30.39
15684,30.36
15685,30.36
15686,30.32
15687,30.44
15688,30.77
15689,31.01
15690,31.15
15691,30.98
15692,30.89
15693,30.68
15694,30
15695,30.24
15696,29.85
15697,29.75
15698,29.61
15699,29.68
15700,29.88
15701,30.26
15702,30.77
15703,31.44
15704,32.38
15705,33.25
15706,33.58
15707,32.72
15708,31.54
15709,30.08
15710,30.44
15711,31.05
15712,34.43
15713,35.79
15714,33.76
15715,32.15
15716,31.06
15717,30.57
15718,28.84
15719,30.01
15720,29.56
15721,29.17
15722,28.44
15723,28.53
15724,30.46
15725,31.71
15726,31.18
15727,31.42
15728,31.33
15729,31.05
15730,31.09
15731,31.04
15732,31.13
15733,31.05
15734,30.99
15735,31.5
15736,32.17
15737,34.81
15738,34.97
15739,34.59
15740,34.44
15741,34.54
15742,31.79
15743,31.5
15744,30.82
15745,30.46
15746,30.5
15747,31.11
15748,32.96
15749,37.3
15750,39.96
15751,41.21
15752,40.94
15753,40.06
15754,39.96
15755,37.94
15756,39.31
15757,34.17
15758,34.01
15759,36.8
15760,40.23
15761,41.4
15762,40.03
15763,37.33
15764,34.44
15765,32.7
15766,30.99
15767,30.27
15768,30.47
15769,30.8
15770,31
15771,31.33
15772,30.85
15773,36.66
15774,45.24
15775,43.08
15776,42.91
15777,42.36
15778,41.31
15779,37.66
15780,35
15781,34.69
15782,33.08
15783,34.66
15784,34.67
15785,34.52
15786,33.6
15787,33.17
15788,33
15789,33.48
15790,31.26
15791,30.36
15792,31.51
15793,30.96
15794,31.02
15795,30.77
15796,30.83
15797,35.35
15798,34.38
15799,34.57
15800,34.51
15801,34.69
15802,34.91
15803,35.07
15804,41.28
15805,41.95
15806,39.44
15807,40.82
15808,43.32
15809,44.69
15810,43.32
15811,40.62
15812,36.11
15813,33.98
15814,32.87
15815,32.65
15816,31.94
15817,31.39
15818,31.17
15819,32.33
15820,32.84
15821,33.74
15822,33.83
15823,33.75
15824,33.64
15825,33.52
15826,33.4
15827,33.3
15828,33.24
15829,33.18
15830,33.09
15831,33.46
15832,33.56
15833,33.91
15834,33.71
15835,33.36
15836,33.65
15837,33.44
15838,33.08
15839,33.22
15840,33.04
15841,32.88
15842,32.84
15843,32.92
15844,33.09
15845,33.44
15846,33.5
15847,33.7
15848,33.81
15849,33.84
15850,33.77
15851,33.73
15852,33.63
15853,33.55
15854,33.56
15855,33.67
15856,33.94
15857,34.36
15858,34.34
15859,33.97
15860,33.84
15861,33.65
15862,33.4
15863,33.09
15864,32.69
15865,32.41
15866,31.85
15867,32.03
15868,31.9
15869,32.52
15870,33.04
15871,33.75
15872,35.22
15873,34.84
15874,33.91
15875,33.92
15876,33.96
15877,33.97
15878,33.74
15879,35.42
15880,37.24
15881,41.81
15882,41.73
15883,38.81
15884,36.86
15885,33.94
15886,33.6
15887,32.19
15888,31.85
15889,31.81
15890,31.66
15891,32
15892,34.04
15893,40.92
15894,45.52
15895,45.07
15896,45.75
15897,46.39
15898,45.53
15899,45.38
15900,44.97
15901,43.65
15902,43.66
15903,43.26
15904,46.7
15905,47.33
15906,46.03
15907,41.07
15908,36.35
15909,35.78
15910,33.11
15911,33.73
15912,33.47
15913,33.57
15914,33.65
15915,34.13
15916,37.01
15917,43.3
15918,66.46
15919,66.38
15920,67.28
15921,73.07
15922,74.23
15923,67.61
15924,66.01
15925,56.58
15926,52.74
15927,54.65
15928,67.71
15929,67.18
15930,59.9
15931,48.61
15932,39.76
15933,37.38
15934,34.7
15935,35.81
15936,34.6
15937,34.71
15938,35.03
15939,35.03
15940,36.17
15941,41.2
15942,52.3
15943,54.32
15944,54.5
15945,53.69
15946,54.34
15947,46.17
15948,36.23
15949,35.88
15950,35.43
15951,35.31
15952,35.55
15953,35.45
15954,34.92
15955,34.7
15956,34.57
15957,34.44
15958,33.3
15959,32.84
15960,32.26
15961,31.87
15962,31.25
15963,32.34
15964,33.58
15965,38.12
15966,37.68
15967,46.09
15968,46.29
15969,45.89
15970,37.37
15971,36.88
15972,36.19
15973,35.63
15974,35.3
15975,35.18
15976,35.22
15977,35.11
15978,34.89
15979,34.78
15980,34.57
15981,33.59
15982,31.05
15983,29.06
15984,26.87
15985,23.43
15986,23.65
15987,23.92
15988,29.1
15989,31.08
15990,37.04
15991,34.99
15992,34.96
15993,34.95
15994,34.84
15995,34.7
15996,34.46
15997,34.3
15998,34.42
15999,34.54
16000,34.71
16001,34.84
16002,34.79
16003,34.69
16004,34.29
16005,33.51
16006,31.95
16007,30.31
16008,28.18
16009,28.27
16010,27.97
16011,28.08
16012,28.84
16013,30.77
16014,32.5
16015,33.93
16016,34.66
16017,34.86
16018,34.77
16019,33.79
16020,32.36
16021,30.03
16022,32.15
16023,32.79
16024,35.31
16025,36.18
16026,35.65
16027,34.35
16028,34.11
16029,33.99
16030,33
16031,32.57
16032,32.15
16033,32.05
16034,32
16035,32.14
16036,32.16
16037,32.73
16038,33.37
16039,34.17
16040,35.02
16041,36.49
16042,36.99
16043,38.33
16044,37.2
16045,34.59
16046,34.76
16047,34.9
16048,34.64
16049,46.11
16050,44.87
16051,43.88
16052,40.25
16053,39
16054,38.06
16055,36.73
16056,35.36
16057,34.94
16058,34.66
16059,34.35
16060,34.39
16061,40.03
16062,45.29
16063,51.68
16064,50.47
16065,47.38
16066,46.2
16067,46.06
16068,39
16069,38.08
16070,38.64
16071,46.04
16072,49.73
16073,59.2
16074,55.98
16075,47.79
16076,44.13
16077,40.26
16078,38.09
16079,33.89
16080,34.42
16081,33.68
16082,33.31
16083,33.01
16084,33.54
16085,33.31
16086,36.8
16087,37.5
16088,38.08
16089,34.79
16090,35.22
16091,35.31
16092,34.96
16093,34.86
16094,34.49
16095,33.49
16096,36.36
16097,37.08
16098,37.04
16099,36.13
16100,35.94
16101,33.68
16102,34.44
16103,33.05
16104,33.01
16105,32.61
16106,32.44
16107,32.28
16108,33.32
16109,33.1
16110,37.95
16111,39.04
16112,41.58
16113,39.19
16114,39
16115,38.54
16116,38.22
16117,38.34
16118,38.29
16119,38.26
16120,39.16
16121,47.52
16122,46.06
16123,41.79
16124,39.98
16125,37.95
16126,37
16127,35.67
16128,35.89
16129,35.66
16130,35.6
16131,35.87
16132,37.05
16133,39.6
16134,46.41
16135,52.94
16136,56.06
16137,50.11
16138,46.86
16139,47.63
16140,47.86
16141,47.77
16142,47.68
16143,48.51
16144,56
16145,59.99
16146,56.03
16147,47.71
16148,42.41
16149,39.55
16150,37.66
16151,35.76
16152,35.97
16153,35.86
16154,35.77
16155,35.72
16156,35.78
16157,35.93
16158,39.13
16159,45.65
16160,47.52
16161,47.52
16162,44.92
16163,44.82
16164,44.57
16165,44.03
16166,43.15
16167,44.52
16168,46.3
16169,47.87
16170,46.23
16171,40.15
16172,39.23
16173,38.99
16174,37.9
16175,35.96
16176,37.28
16177,37.07
16178,36.77
16179,36.38
16180,36.41
16181,36.81
16182,37.4
16183,38.12
16184,38.96
16185,39.89
16186,41.16
16187,41.64
16188,41.11
16189,39.82
16190,39.35
16191,38.88
16192,41.29
16193,43.34
16194,42.52
16195,39.92
16196,38.3
16197,37.08
16198,36.67
16199,36.1
16200,35.58
16201,34.93
16202,35.03
16203,34.14
16204,34.14
16205,34.57
16206,35.28
16207,35.1
16208,35.03
16209,36.53
16210,36.72
16211,36.81
16212,36.68
16213,36.88
16214,36.31
16215,36.23
16216,36.78
16217,37.29
16218,36.87
16219,36.73
16220,36.57
16221,36
16222,33.33
16223,30.23
16224,34.1
16225,33.65
16226,33.87
16227,34.24
16228,35.49
16229,34.24
16230,36.15
16231,40.81
16232,38.01
16233,38.07
16234,39.93
16235,39.98
16236,40.42
16237,41.3
16238,41.96
16239,42.14
16240,52.47
16241,66.43
16242,59.26
16243,45.35
16244,43.87
16245,37.85
16246,39.7
16247,37.24
16248,37.47
16249,37.05
16250,37.03
16251,37.15
16252,37.5
16253,37.17
16254,46.77
16255,61.65
16256,63.79
16257,62.35
16258,57.55
16259,57.58
16260,57.09
16261,58.09
16262,60.08
16263,66.28
16264,84.92
16265,104.96
16266,70.03
16267,55.07
16268,44.15
16269,42.45
16270,40.2
16271,37.31
16272,35.6
16273,33.38
16274,34.8
16275,34.71
16276,34.23
16277,35.77
16278,39.77
16279,54.73
16280,52.54
16281,51.43
16282,49.72
16283,53.86
16284,52.72
16285,52.76
16286,52.97
16287,54.11
16288,62.21
16289,78.44
16290,60.93
16291,57.1
16292,48.22
16293,40.85
16294,39.5
16295,37.1
16296,35.93
16297,35.73
16298,35.69
16299,35.7
16300,35.77
16301,36.9
16302,41.48
16303,50.37
16304,58.91
16305,59.98
16306,58.52
16307,59.93
16308,61.1
16309,65.01
16310,61.72
16311,65.08
16312,63.08
16313,98.15
16314,67.87
16315,58.79
16316,49.71
16317,41.96
16318,39.72
16319,37.76
16320,37.07
16321,36.22
16322,35.96
16323,35.84
16324,36.46
16325,35.45
16326,37.6
16327,48.46
16328,54.97
16329,54.92
16330,55.9
16331,55.93
16332,54.93
16333,54.42
16334,51.7
16335,51.71
16336,57.91
16337,64.92
16338,56.94
16339,54.9
16340,45.79
16341,42.09
16342,43.48
16343,41.27
16344,40.21
16345,38.31
16346,36.78
16347,36.09
16348,36.05
16349,36.09
16350,36.33
16351,37.95
16352,38.66
16353,40.06
16354,40.06
16355,39.34
16356,38.54
16357,37.15
16358,36.09
16359,37.92
16360,39.98
16361,40.02
16362,39.62
16363,39.15
16364,36.1
16365,34.77
16366,35.51
16367,35.16
16368,35.42
16369,35.17
16370,35.15
16371,35.17
16372,35.23
16373,35.28
16374,35.59
16375,35.52
16376,35.89
16377,36.02
16378,35.87
16379,36.37
16380,36.2
16381,36.05
16382,36.28
16383,39.37
16384,41.51
16385,42.1
16386,41.71
16387,40.4
16388,39.8
16389,38.06
16390,37.44
16391,35.91
16392,32.56
16393,34.61
16394,34.5
16395,34.97
16396,31.68
16397,32.69
16398,42.59
16399,41.11
16400,39.86
16401,38.49
16402,37.07
16403,36.94
16404,36.76
16405,36.63
16406,36.41
16407,36.24
16408,36.86
16409,37.37
16410,36.96
16411,36.75
16412,38.43
16413,35.36
16414,34.02
16415,34.89
16416,34.13
16417,33.48
16418,33.17
16419,33.3
16420,31.92
16421,31.67
16422,36.6
16423,42.54
16424,37.95
16425,37
16426,36.2
16427,35.96
16428,35.92
16429,35.9
16430,35.87
16431,35.91
16432,36.27
16433,37.39
16434,36.99
16435,36.56
16436,39.07
16437,38.22
16438,38.42
16439,35.4
16440,35.55
16441,34.98
16442,34.5
16443,34.79
16444,33.05
16445,38.59
16446,39.93
16447,49.89
16448,44.58
16449,42.76
16450,37.5
16451,36.56
16452,36.26
16453,36.14
16454,35.96
16455,35.87
16456,35.84
16457,35.83
16458,35.52
16459,35.48
16460,36.35
16461,36.12
16462,36.13
16463,31.73
16464,27.1
16465,26.44
16466,22.38
16467,24.99
16468,28.16
16469,30.85
16470,38.54
16471,40.94
16472,38.98
16473,38.3
16474,37.25
16475,36.61
16476,36.39
16477,36.1
16478,35.89
16479,35.98
16480,36.4
16481,37.27
16482,37.47
16483,35.62
16484,32.08
16485,26.92
16486,13.72
16487,8.26
16488,0.1
16489,-12.1
16490,-10
16491,-0.01
16492,8.86
16493,13.22
16494,29.83
16495,37.88
16496,34.74
16497,34.65
16498,34.35
16499,34.35
16500,34.18
16501,34.09
16502,32.92
16503,35.99
16504,36.46
16505,36.98
16506,36.44
16507,34.06
16508,34.02
16509,27.66
16510,17.88
16511,13.57
16512,13.79
16513,12.69
16514,12.85
16515,15.18
16516,20.56
16517,18.58
16518,20.2
16519,33.36
16520,36.06
16521,35.73
16522,35.98
16523,35.83
16524,35.84
16525,35.8
16526,35.78
16527,36.52
16528,37.84
16529,39.45
16530,38.25
16531,38.14
16532,33.8
16533,33.08
16534,33.65
16535,28.43
16536,29.17
16537,18.09
16538,14.97
16539,14.98
16540,15
16541,20.09
16542,31.89
16543,31.92
16544,32.04
16545,31.99
16546,31.66
16547,26.4
16548,25
16549,14.95
16550,0.11
16551,0.05
16552,0.08
16553,14.94
16554,8.06
16555,8.99
16556,-1.58
16557,-3.35
16558,3.45
16559,-14.91
16560,13.56
16561,8.81
16562,9.79
16563,11.01
16564,10.88
16565,20
16566,38.71
16567,42.57
16568,42.98
16569,41.76
16570,40.16
16571,40.62
16572,40.27
16573,40.25
16574,39.95
16575,39.35
16576,40.17
16577,41.61
16578,38.71
16579,36.3
16580,35.75
16581,32.84
16582,32.98
16583,33.17
16584,30.87
16585,27.87
16586,26.39
16587,30.42
16588,32.84
16589,29.38
16590,33.89
16591,40.89
16592,38.78
16593,37.16
16594,35.85
16595,36.35
16596,37
16597,37.23
16598,38.47
16599,38.52
16600,38.68
16601,38.91
16602,38.46
16603,37.67
16604,37.42
16605,37.01
16606,36.28
16607,34.8
16608,33.78
16609,33.11
16610,32.8
16611,32.08
16612,33.54
16613,34.72
16614,36.49
16615,37.26
16616,38.29
16617,38.09
16618,38.2
16619,37.36
16620,37.32
16621,37.5
16622,37.57
16623,37.56
16624,38.07
16625,45.93
16626,38.17
16627,37.48
16628,37.23
16629,36.94
16630,35.8
16631,33.99
16632,32.66
16633,31.61
16634,30.8
16635,29.58
16636,29.76
16637,32.44
16638,36.5
16639,39.51
16640,44.04
16641,40.18
16642,39.51
16643,38.82
16644,38.58
16645,38.85
16646,40.74
16647,40.77
16648,42.56
16649,43.55
16650,42.16
16651,39.45
16652,38.07
16653,37.71
16654,35.88
16655,33.62
16656,35.23
16657,33.26
16658,33.08
16659,32.89
16660,32.24
16661,34.85
16662,37.98
16663,45.06
16664,47.05
16665,40.38
16666,37.73
16667,41.02
16668,37.59
16669,37.13
16670,37
16671,35.9
16672,36.2
16673,36.76
16674,36.48
16675,35.44
16676,34.84
16677,34.75
16678,34.39
16679,32.97
16680,31.72
16681,30.13
16682,29.63
16683,29.02
16684,28.32
16685,29.47
16686,31.55
16687,32.58
16688,33.26
16689,33.76
16690,33.74
16691,33.59
16692,33.49
16693,33.27
16694,33.38
16695,33.55
16696,33.76
16697,33.97
16698,33.93
16699,33.79
16700,32.91
16701,32.75
16702,31.72
16703,28.25
16704,22.92
16705,21.14
16706,20.25
16707,20.28
16708,20.95
16709,27
16710,28.71
16711,29.69
16712,32.12
16713,33.19
16714,34.24
16715,34.99
16716,34.44
16717,33.44
16718,33.53
16719,34.2
16720,36.28
16721,36.94
16722,36.34
16723,35.22
16724,34.69
16725,32.71
16726,32.9
16727,32.32
16728,27.06
16729,28.24
16730,26.66
16731,27.94
16732,26.81
16733,31.96
16734,37.94
16735,46.22
16736,45.86
16737,43.95
16738,37.92
16739,43.53
16740,37.38
16741,44.81
16742,45.77
16743,51.38
16744,57.21
16745,65.11
16746,51.42
16747,42.93
16748,42.05
16749,37.49
16750,36.14
16751,34.59
16752,35.4
16753,34.81
16754,33.98
16755,33.88
16756,33.95
16757,33.88
16758,34.15
16759,36.16
16760,37.31
16761,37.25
16762,35.7
16763,34.82
16764,34.73
16765,34.71
16766,34.36
16767,34.07
16768,34.22
16769,34.23
16770,33.84
16771,33.41
16772,33.02
16773,33.12
16774,32.9
16775,30.38
16776,27.75
16777,27.36
16778,27.02
16779,25.3
16780,28.04
16781,29.93
16782,34.13
16783,34.05
16784,34.21
16785,34.74
16786,34.39
16787,34
16788,33.7
16789,33.83
16790,33.93
16791,34.19
16792,34.12
16793,34.25
16794,33.72
16795,33.04
16796,33.77
16797,32.58
16798,31.86
16799,27
16800,26.79
16801,14.95
16802,11.95
16803,10.27
16804,11.29
16805,21.93
16806,32.06
16807,33.64
16808,33.52
16809,33.43
16810,33.32
16811,32.92
16812,33.25
16813,32.29
16814,31.37
16815,31.38
16816,32.38
16817,34.18
16818,32.94
16819,33.86
16820,31.32
16821,28.01
16822,19.66
16823,8.94
16824,7.23
16825,7.2
16826,6.07
16827,8.79
16828,28.29
16829,26.88
16830,31.87
16831,41.62
16832,37.37
16833,35.73
16834,35.66
16835,35.6
16836,35.42
16837,35.51
16838,35.66
16839,36.05
16840,36.64
16841,37.49
16842,38.65
16843,37.43
16844,37.39
16845,36.09
16846,36.76
16847,34.87
16848,32.9
16849,33.11
16850,33.71
16851,33.49
16852,33.63
16853,33.21
16854,35.04
16855,35.07
16856,36.64
16857,36.48
16858,36.6
16859,36.17
16860,35.07
16861,35.05
16862,34.98
16863,35.59
16864,35.94
16865,36.65
16866,36.24
16867,35.67
16868,35.33
16869,35.01
16870,34.96
16871,34.18
16872,34.46
16873,33.9
16874,34.22
16875,34.28
16876,33.75
16877,33.75
16878,33.85
16879,33.1
16880,35.08
16881,36.28
16882,35.88
16883,36.33
16884,34.42
16885,34.02
16886,34.2
16887,34.54
16888,35.31
16889,36.75
16890,35.09
16891,34.7
16892,34.39
16893,34.17
16894,33.44
16895,32.21
16896,31.79
16897,31.23
16898,30.96
16899,30.94
16900,31.49
16901,32.76
16902,34.01
16903,34.21
16904,34.42
16905,34.38
16906,34.43
16907,34.44
16908,34
16909,34.05
16910,34.12
16911,34.42
16912,41.82
16913,41.92
16914,41.02
16915,37.82
16916,36.53
16917,35.07
16918,33.87
16919,32.89
16920,32.46
16921,32.69
16922,33.1
16923,34.44
16924,36.82
16925,39.16
16926,45.95
16927,74.73
16928,80.09
16929,74.18
16930,64.8
16931,57.57
16932,55.4
16933,56.72
16934,62.08
16935,66.31
16936,72.97
16937,89.25
16938,60.58
16939,43.85
16940,40.04
16941,38.87
16942,36.8
16943,33.77
16944,31.9
16945,31.17
16946,30.81
16947,30.66
16948,30.97
16949,31.05
16950,31.91
16951,32.89
16952,32.97
16953,32.39
16954,32.16
16955,31.98
16956,31.83
16957,31.76
16958,31.67
16959,31.7
16960,31.8
16961,31.9
16962,31.77
16963,31.45
16964,31.03
16965,31.15
16966,30.64
16967,27.03
16968,22.46
16969,13.7
16970,11.57
16971,11.79
16972,13.33
16973,17.94
16974,29.36
16975,33.11
16976,30.88
16977,30.83
16978,30.81
16979,30.73
16980,30.71
16981,30.76
16982,30.84
16983,30.93
16984,31.48
16985,32.08
16986,32.11
16987,31.95
16988,31.93
16989,30.7
16990,29.9
16991,27.27
16992,27.1
16993,25.56
16994,25.12
16995,25.52
16996,26.86
16997,27.55
16998,29.21
16999,30.92
17000,31.01
17001,30.99
17002,30.95
17003,30.95
17004,30.74
17005,30.61
17006,30.63
17007,30.89
17008,31.06
17009,31.16
17010,30.91
17011,30.37
17012,29.96
17013,29.71
17014,29.06
17015,28.54
17016,25.98
17017,24.02
17018,23.95
17019,20.3
17020,20.55
17021,23.25
17022,23.08
17023,24.13
17024,28.49
17025,31.08
17026,30.55
17027,30.54
17028,30.4
17029,30.38
17030,30.42
17031,30.63
17032,30.86
17033,30.98
17034,30.97
17035,30.87
17036,30.69
17037,30.52
17038,30.31
17039,30.16
17040,30.58
17041,28.44
17042,28.95
17043,28.08
17044,27.56
17045,27.94
17046,26.16
17047,26.51
17048,26.84
17049,29.51
17050,29.75
17051,30.42
17052,29.03
17053,25.1
17054,24.01
17055,24.7
17056,34.57
17057,32.83
17058,30.88
17059,30.8
17060,32.01
17061,29.09
17062,30.44
17063,25.92
17064,28.53
17065,28.82
17066,28.24
17067,27.49
17068,26.6
17069,28.78
17070,37.85
17071,46.47
17072,47.93
17073,47.6
17074,44.88
17075,45.42
17076,43.15
17077,43.73
17078,45.76
17079,52.71
17080,59.93
17081,78.69
17082,46.5
17083,36.3
17084,36.73
17085,34.53
17086,31.65
17087,31.2
17088,31.31
17089,30.83
17090,30.8
17091,30.87
17092,31.28
17093,31.37
17094,32.95
17095,41.43
17096,39.96
17097,38.05
17098,36.12
17099,36.58
17100,36.26
17101,36.24
17102,36.53
17103,37.24
17104,37.27
17105,37.84
17106,36.79
17107,35.75
17108,34.74
17109,33.79
17110,31.93
17111,31.17
17112,31.1
17113,30.72
17114,30.39
17115,30.89
17116,31.31
17117,33.24
17118,35.98
17119,41.25
17120,42.95
17121,39.85
17122,42.92
17123,40.84
17124,41.54
17125,42.9
17126,42.93
17127,48.63
17128,63.87
17129,74.56
17130,48.19
17131,38.29
17132,36.26
17133,35.61
17134,34.59
17135,33.39
17136,31.73
17137,31.59
17138,31.64
17139,31.7
17140,31.83
17141,32.02
17142,32.67
17143,44.14
17144,47.51
17145,32.96
17146,32.64
17147,32.7
17148,32.91
17149,32.97
17150,32.57
17151,32.43
17152,32.88
17153,36.16
17154,32.67
17155,32.49
17156,32.19
17157,32.24
17158,31.95
17159,31.55
17160,31.46
17161,31.07
17162,30.97
17163,31.03
17164,31.49
17165,31.69
17166,33.71
17167,37.59
17168,47.65
17169,39.58
17170,38.96
17171,39.69
17172,40.41
17173,39.12
17174,39.78
17175,39.14
17176,67.8
17177,71.79
17178,53.57
17179,42.39
17180,38.82
17181,37.67
17182,35.57
17183,34.71
17184,34.83
17185,33.9
17186,33
17187,31.64
17188,32.25
17189,33.72
17190,34.03
17191,33.66
17192,34.89
17193,36.19
17194,36.15
17195,36.11
17196,33.14
17197,31.86
17198,32.46
17199,31.85
17200,33.4
17201,33.96
17202,32.14
17203,32
17204,31.75
17205,31.36
17206,31.11
17207,30.54
17208,10.49
17209,28.8
17210,28.78
17211,28.67
17212,29.01
17213,29.71
17214,30.16
17215,30.75
17216,31.31
17217,33.36
17218,34.48
17219,34.94
17220,34.86
17221,34.84
17222,34.51
17223,35.15
17224,36.58
17225,36.86
17226,36.54
17227,35.98
17228,34.92
17229,34.36
17230,33.58
17231,30.97
17232,30.55
17233,30.27
17234,30.18
17235,30.26
17236,30.74
17237,31.67
17238,34.62
17239,38.09
17240,37.95
17241,35.96
17242,34.98
17243,34.7
17244,35.5
17245,35.31
17246,35.56
17247,36.99
17248,36.94
17249,36.99
17250,35.73
17251,34.25
17252,33.45
17253,32.67
17254,31.39
17255,30.52
17256,29.62
17257,28.94
17258,28.57
17259,28.79
17260,29.74
17261,30.43
17262,33.11
17263,34.54
17264,34.47
17265,33.93
17266,33.73
17267,33.97
17268,34.12
17269,34.27
17270,34.49
17271,35.83
17272,36.09
17273,35.78
17274,33.97
17275,31.73
17276,31.56
17277,31.34
17278,30.46
17279,29.32
17280,28.18
17281,27.8
17282,27.33
17283,27.76
17284,28.73
17285,29.7
17286,30.39
17287,30.84
17288,30.84
17289,30.78
17290,30.54
17291,30.49
17292,30.45
17293,30.44
17294,30.45
17295,30.53
17296,30.61
17297,30.65
17298,30.67
17299,30.27
17300,29.8
17301,29.65
17302,29.04
17303,27.84
17304,26.29
17305,25.9
17306,26.07
17307,26.32
17308,27.95
17309,28.96
17310,29.69
17311,31.17
17312,31.3
17313,30.74
17314,30.31
17315,30.25
17316,30.5
17317,30.2
17318,30.1
17319,29.98
17320,30.01
17321,29.89
17322,29.81
17323,29.76
17324,29.5
17325,29.22
17326,28.62
17327,27.36
17328,24.45
17329,22.08
17330,18.71
17331,22.01
17332,25.09
17333,27
17334,28.32
17335,29.29
17336,29.9
17337,29.7
17338,29.54
17339,29.34
17340,29.35
17341,29.18
17342,29.13
17343,29.24
17344,29.38
17345,29.29
17346,28.95
17347,28.52
17348,28.09
17349,27.84
17350,19.97
17351,4
17352,0.02
17353,-9.65
17354,-9.65
17355,-4.02
17356,0
17357,0.11
17358,3.97
17359,8.69
17360,15.99
17361,20.36
17362,20.83
17363,20.02
17364,18.04
17365,15.3
17366,10.41
17367,10.51
17368,13.79
17369,13.69
17370,8.67
17371,2.16
17372,2.93
17373,0.11
17374,8.31
17375,-12.05
17376,-18.07
17377,-36.1
17378,-38.78
17379,-26.87
17380,-15.06
17381,-12.1
17382,-15.05
17383,-4.02
17384,0.1
17385,10.6
17386,13.49
17387,13.67
17388,8.76
17389,0.13
17390,-0.1
17391,0.08
17392,8.67
17393,13.63
17394,10.7
17395,8.98
17396,10.67
17397,9.94
17398,0.13
17399,-2.95
17400,0.04
17401,-9.92
17402,-14.9
17403,-16.09
17404,-15.05
17405,-40.2
17406,-26.28
17407,-15.08
17408,-15.01
17409,-3.08
17410,0.11
17411,5.87
17412,1.05
17413,-6.71
17414,-13.31
17415,-6.74
17416,-2.98
17417,8.78
17418,9.68
17419,10.69
17420,8.32
17421,-0.91
17422,4.39
17423,-13.34
17424,-13
17425,-24.92
17426,-40.18
17427,-53.62
17428,-50.19
17429,-23.36
17430,-12.15
17431,8.77
17432,13.7
17433,12.17
17434,10.63
17435,10.64
17436,10.68
17437,13.75
17438,13.76
17439,21.04
17440,29.58
17441,29.76
17442,29.69
17443,29.45
17444,29.21
17445,28.5
17446,27.01
17447,13.71
17448,21.8
17449,21.28
17450,22.1
17451,20.28
17452,23.01
17453,28.09
17454,30
17455,32.07
17456,33.74
17457,31.4
17458,31.64
17459,31.58
17460,31.81
17461,31.51
17462,31.49
17463,33.24
17464,35.03
17465,35.54
17466,33.55
17467,33.13
17468,31.85
17469,30.73
17470,30.02
17471,29.36
17472,29.31
17473,28.79
17474,28.33
17475,28.35
17476,29.02
17477,29.94
17478,30.66
17479,30.66
17480,30.81
17481,30.84
17482,30.83
17483,30.77
17484,30.65
17485,30.61
17486,30.54
17487,30.49
17488,30.64
17489,30.71
17490,30.51
17491,30.47
17492,30.2
17493,29.98
17494,29.43
17495,28.73
17496,27.08
17497,26.15
17498,25.2
17499,25.24
17500,26.44
17501,28.32
17502,29.4
17503,29.97
17504,30.14
17505,30.23
17506,30.21
17507,30.17
17508,30.08
17509,29.99
17510,29.96
17511,30.14
17512,30.39
17513,30.3
17514,30.15
17515,30.18
17516,29.5
17517,28.87
17518,27.64
17519,25.03
17520,21.87
17521,14.12
17522,9.99
17523,4.28
17524,4.04
17525,17.31
17526,21.43
17527,25.09
17528,26.22
17529,26.84
17530,27.9
17531,27.95
17532,27.73
17533,27.16
17534,27.85
17535,29.11
17536,29.5
17537,29.58
17538,29.23
17539,27.82
17540,27.16
17541,26.57
17542,26.21
17543,25.95
17544,20.96
17545,20.9
17546,18.13
17547,16.03
17548,16.43
17549,13.75
17550,11.1
17551,15.47
17552,16.88
17553,21.81
17554,26.24
17555,27.48
17556,28.04
17557,28.7
17558,29.66
17559,30.38
17560,30.8
17561,30.93
17562,30.78
17563,30.51
17564,30.19
17565,29.94
17566,29.65
17567,29.36
17568,29.4
17569,28.91
17570,28.11
17571,27.89
17572,27.73
17573,30.43
17574,32.85
17575,33.91
17576,34.87
17577,35.22
17578,35.41
17579,35.07
17580,34.85
17581,34.7
17582,34.8
17583,35.93
17584,37.52
17585,38.48
17586,36.88
17587,35.52
17588,35.23
17589,34.74
17590,32.99
17591,30.89
17592,30.65
17593,30.37
17594,30.15
17595,30.14
17596,30.4
17597,30.75
17598,31.02
17599,31.58
17600,31.77
17601,32.96
17602,31.25
17603,30.82
17604,30.5
17605,30.21
17606,30.02
17607,29.71
17608,29.79
17609,29.9
17610,29.78
17611,29.56
17612,29.4
17613,24.56
17614,17.77
17615,0.12
17616,0.11
17617,-0.05
17618,-6.27
17619,-5.09
17620,0.06
17621,10.55
17622,10.98
17623,30.65
17624,30.44
17625,30.44
17626,30.57
17627,30.62
17628,30.75
17629,30.68
17630,30.73
17631,30.84
17632,31.22
17633,31.47
17634,31.29
17635,31.15
17636,31.03
17637,30.96
17638,30.87
17639,30.44
17640,30.51
17641,30.23
17642,30
17643,30.06
17644,30.61
17645,28.96
17646,33.82
17647,37.21
17648,38.98
17649,39.01
17650,43.04
17651,44.54
17652,44.56
17653,44.66
17654,44.99
17655,56.1
17656,69.7
17657,73.92
17658,71.99
17659,50.08
17660,44.89
17661,42.05
17662,37.22
17663,33.53
17664,35.84
17665,35.54
17666,34.59
17667,34.28
17668,34.16
17669,32.59
17670,34.32
17671,33.97
17672,34
17673,32.5
17674,31.98
17675,31.45
17676,31.27
17677,30.86
17678,30.8
17679,30.57
17680,30.59
17681,30.9
17682,30.71
17683,30.37
17684,30.28
17685,30.08
17686,29.81
17687,29.01
17688,29.35
17689,27.32
17690,26.98
17691,26.93
17692,27.44
17693,28.64
17694,29.1
17695,29.49
17696,29.97
17697,30.51
17698,30.69
17699,30.74
17700,30.72
17701,30.7
17702,30.77
17703,30.92
17704,31.15
17705,31.43
17706,31.44
17707,31.18
17708,31.05
17709,30.96
17710,30.83
17711,30.6
17712,30.75
17713,30.64
17714,30.53
17715,30.54
17716,30.63
17717,30.7
17718,30.77
17719,30.58
17720,30.75
17721,31.09
17722,35.05
17723,27.87
17724,30.96
17725,30.87
17726,30.85
17727,30.96
17728,31.6
17729,31.84
17730,31.46
17731,31
17732,30.83
17733,30.95
17734,30.55
17735,29.89
17736,29.56
17737,29.11
17738,28.99
17739,29.16
17740,29.71
17741,30.41
17742,30.77
17743,31.66
17744,32.03
17745,31.83
17746,31.58
17747,31.35
17748,31.1
17749,30.99
17750,30.95
17751,30.99
17752,31.02
17753,30.97
17754,30.9
17755,30.79
17756,30.5
17757,30.07
17758,29.57
17759,28.83
17760,26.16
17761,25.57
17762,25.49
17763,25.57
17764,27.77
17765,28.93
17766,29.79
17767,31
17768,31.31
17769,31.22
17770,31.14
17771,31.06
17772,30.99
17773,31
17774,31.01
17775,31.03
17776,31.19
17777,31.19
17778,31.02
17779,30.54
17780,29.81
17781,29.55
17782,29.15
17783,28.08
17784,24.38
17785,22.78
17786,22.05
17787,22.1
17788,23.6
17789,24.35
17790,27.82
17791,28.96
17792,29.14
17793,29.12
17794,29.15
17795,29.16
17796,29.17
17797,29.13
17798,29.15
17799,29.18
17800,29.4
17801,29.57
17802,29.38
17803,29.13
17804,28.6
17805,27.91
17806,26.27
17807,9.99
17808,0.09
17809,0.03
17810,0.05
17811,0.04
17812,0.08
17813,2.73
17814,28.29
17815,29.41
17816,29.78
17817,29.5
17818,29.54
17819,29.5
17820,29.47
17821,29.5
17822,29.55
17823,29.64
17824,30.23
17825,30.52
17826,30.28
17827,29.88
17828,29.5
17829,29.43
17830,29.21
17831,28.83
17832,29.15
17833,29.01
17834,29.09
17835,29.09
17836,29.25
17837,30.64
17838,34.12
17839,39.48
17840,41.28
17841,41.18
17842,41.18
17843,38.31
17844,37.13
17845,37.22
17846,32.24
17847,31.97
17848,35.23
17849,41.24
17850,38.08
17851,31.9
17852,31.38
17853,31.12
17854,30.78
17855,29.92
17856,29.82
17857,28.98
17858,28.64
17859,28.5
17860,28.61
17861,28.05
17862,29.49
17863,28.97
17864,31.36
17865,31.01
17866,31.19
17867,31.2
17868,31.14
17869,30.96
17870,30.97
17871,31.13
17872,31.23
17873,31.4
17874,31.34
17875,31.25
17876,31.11
17877,30.66
17878,30.25
17879,29.55
17880,29.02
17881,28.54
17882,27.33
17883,27.09
17884,27.33
17885,28.7
17886,29.09
17887,26.21
17888,33.28
17889,31.94
17890,32.06
17891,32.15
17892,31.95
17893,31.7
17894,31.5
17895,31.7
17896,32.82
17897,37.02
17898,34.84
17899,32.75
17900,32.18
17901,31.94
17902,31.72
17903,31.11
17904,31.01
17905,30.93
17906,30.9
17907,30.93
17908,31.34
17909,31.86
17910,36.42
17911,60.04
17912,59.9
17913,56.28
17914,56.76
17915,56.72
17916,56.71
17917,60.61
17918,61.03
17919,58.71
17920,87.38
17921,117.12
17922,82.84
17923,56.4
17924,39.8
17925,33.96
17926,32.01
17927,31.11
17928,31.01
17929,30.61
17930,30.65
17931,30.68
17932,31.12
17933,32.67
17934,36.53
17935,48.24
17936,49.31
17937,42.25
17938,41.75
17939,38.26
17940,34.83
17941,33.19
17942,32.41
17943,32.33
17944,32.45
17945,32.68
17946,32.02
17947,31.35
17948,30.76
17949,30.56
17950,30.08
17951,29.71
17952,29.01
17953,28.58
17954,28.45
17955,28.54
17956,29.13
17957,29.73
17958,30.04
17959,30.79
17960,30.88
17961,30.72
17962,30.59
17963,30.43
17964,30.43
17965,30.28
17966,30.14
17967,30.12
17968,30.33
17969,30.51
17970,30.22
17971,29.82
17972,29.31
17973,29.27
17974,29.08
17975,28.79
17976,28.11
17977,27.3
17978,27.14
17979,27.42
17980,28.35
17981,29.11
17982,29.39
17983,29.86
17984,30.43
17985,30.28
17986,29.97
17987,29.82
17988,29.65
17989,29.57
17990,29.53
17991,29.53
17992,29.69
17993,29.84
17994,29.79
17995,29.53
17996,28.87
17997,28.79
17998,28.74
17999,28.41
18000,27.23
18001,27.26
18002,27.11
18003,27.34
18004,27.9
18005,28.01
18006,28.59
18007,29.73
18008,29.98
18009,29.89
18010,29.84
18011,29.72
18012,29.5
18013,29.37
18014,29.08
18015,28.92
18016,29.33
18017,29.62
18018,29.52
18019,28.9
18020,28.36
18021,28.28
18022,28.11
18023,27.69
18024,27.64
18025,27.15
18026,26.9
18027,26.93
18028,27.22
18029,27.74
18030,27.77
18031,28.24
18032,28.8
18033,29.17
18034,29.52
18035,29.51
18036,29.29
18037,29.09
18038,29.06
18039,29.51
18040,29.9
18041,30.94
18042,30.36
18043,29.82
18044,29.31
18045,28.97
18046,28.54
18047,28.13
18048,28.57
18049,28.08
18050,27.78
18051,27.71
18052,27.75
18053,28.02
18054,28.05
18055,28.44
18056,28.75
18057,29.29
18058,29.6
18059,29.59
18060,29.53
18061,29.52
18062,29.52
18063,29.62
18064,29.98
18065,30.7
18066,30.53
18067,29.95
18068,29.65
18069,29.53
18070,29.04
18071,28.42
18072,28.34
18073,28.05
18074,27.86
18075,27.81
18076,28.44
18077,28.63
18078,29.39
18079,30.31
18080,30.62
18081,30.32
18082,30.09
18083,29.96
18084,29.85
18085,29.78
18086,29.75
18087,29.85
18088,30.24
18089,31.08
18090,30.44
18091,29.91
18092,29.55
18093,29.35
18094,28.85
18095,28.45
18096,29.04
18097,28.93
18098,28.93
18099,29.03
18100,29.53
18101,29.71
18102,30.98
18103,45.89
18104,49.2
18105,48.87
18106,48.02
18107,45.93
18108,40.92
18109,37
18110,34.92
18111,34.88
18112,35.29
18113,50.22
18114,44.98
18115,31.6
18116,30.34
18117,29.91
18118,29.08
18119,28.58
18120,28.84
18121,28.47
18122,28.18
18123,28.19
18124,28.82
18125,28.7
18126,29.41
18127,31.23
18128,31.91
18129,31.4
18130,31.22
18131,30.88
18132,30.68
18133,30.51
18134,30.25
18135,30.27
18136,30.76
18137,32.42
18138,30.92
18139,29.89
18140,29.19
18141,28.93
18142,28.23
18143,27.74
18144,28.08
18145,27.62
18146,27.47
18147,27.24
18148,27.46
18149,28.35
18150,29.25
18151,31.14
18152,31.46
18153,31.34
18154,31.32
18155,31.2
18156,31.1
18157,31.03
18158,31.02
18159,31.09
18160,31.28
18161,31.62
18162,31.39
18163,31.01
18164,29.96
18165,29.81
18166,29.21
18167,28.83
18168,28.52
18169,28.13
18170,28.07
18171,28.3
18172,28.69
18173,29.58
18174,30.88
18175,32.07
18176,32.14
18177,31.96
18178,31.86
18179,31.67
18180,31.41
18181,31.13
18182,31.02
18183,31.03
18184,31.53
18185,31.91
18186,31.8
18187,31.08
18188,30.07
18189,29.88
18190,29.53
18191,28.89
18192,28.84
18193,28.47
18194,28.25
18195,28.14
18196,28.18
18197,28.42
18198,28.67
18199,28.91
18200,29.35
18201,29.71
18202,29.89
18203,29.89
18204,29.87
18205,29.75
18206,29.65
18207,29.89
18208,30.47
18209,31.13
18210,30.97
18211,30.18
18212,29.75
18213,29.55
18214,29.08
18215,28.72
18216,28.82
18217,28.22
18218,27.87
18219,27.72
18220,27.68
18221,27.79
18222,27.76
18223,28.02
18224,28.6
18225,28.9
18226,29.34
18227,29.23
18228,28.93
18229,28.87
18230,28.85
18231,28.97
18232,29.55
18233,29.93
18234,29.82
18235,29.43
18236,28.97
18237,28.85
18238,28.62
18239,28.11
18240,27.97
18241,27.46
18242,27.39
18243,28
18244,28.73
18245,29.71
18246,31.03
18247,33.38
18248,34.71
18249,33.18
18250,33.9
18251,34.6
18252,34.15
18253,34.1
18254,32.46
18255,32.78
18256,35.63
18257,45.37
18258,37.88
18259,32.17
18260,31.21
18261,30.58
18262,30.1
18263,29.62
18264,10.38
18265,28.65
18266,28.66
18267,28.75
18268,29.4
18269,30.2
18270,33.28
18271,40.85
18272,44.91
18273,44.96
18274,40.85
18275,39.72
18276,37.5
18277,37.13
18278,37.16
18279,36.71
18280,36.79
18281,46.86
18282,36.65
18283,33.52
18284,31.77
18285,31.41
18286,30.53
18287,30.01
18288,29.25
18289,28.99
18290,28.91
18291,29.01
18292,29.62
18293,30.41
18294,31.89
18295,36.94
18296,39.56
18297,34.79
18298,33.23
18299,31.75
18300,31.42
18301,31.32
18302,31.26
18303,31.23
18304,31.27
18305,31.42
18306,31.23
18307,31.05
18308,30.69
18309,30.33
18310,29.83
18311,28.99
18312,29.03
18313,28.73
18314,28.6
18315,28.64
18316,29.15
18317,29.88
18318,31.05
18319,32.34
18320,32.5
18321,32.42
18322,32.43
18323,32.48
18324,32.5
18325,32.6
18326,32.52
18327,32.44
18328,32.58
18329,32.82
18330,32.68
18331,32.46
18332,32
18333,31.53
18334,30.84
18335,30.06
18336,30
18337,29.7
18338,29.6
18339,29.68
18340,30.26
18341,31.1
18342,31.93
18343,33.24
18344,33.42
18345,33.43
18346,33.43
18347,33.42
18348,33.43
18349,33.46
18350,33.3
18351,33.37
18352,33.75
18353,40
18354,36.99
18355,33.44
18356,32
18357,31.36
18358,30.99
18359,30.68
18360,20.04
18361,30.38
18362,30.14
18363,30.03
18364,30.21
18365,30.4
18366,30.74
18367,31.06
18368,31.54
18369,32.39
18370,33.02
18371,33.11
18372,32.71
18373,32.55
18374,32.36
18375,32.79
18376,33.67
18377,34.33
18378,33.98
18379,33.66
18380,32.65
18381,31.94
18382,31.45
18383,30.9
18384,31
18385,30.85
18386,30.64
18387,30.43
18388,30.47
18389,30.62
18390,30.9
18391,31.43
18392,31.39
18393,31.88
18394,32.16
18395,32.29
18396,32.1
18397,32.01
18398,31.91
18399,31.96
18400,32.8
18401,33.79
18402,33.73
18403,32.91
18404,31.93
18405,31.76
18406,31.25
18407,30.74
18408,30.59
18409,30.02
18410,29.82
18411,30.1
18412,30.92
18413,31.44
18414,32.6
18415,33.97
18416,34.06
18417,34
18418,33.93
18419,33.92
18420,33.83
18421,33.82
18422,33.8
18423,33.82
18424,33.85
18425,33.98
18426,33.91
18427,33.81
18428,33.31
18429,32.13
18430,31.62
18431,31.02
18432,31.11
18433,30.96
18434,30.9
18435,30.94
18436,31.43
18437,32.05
18438,32.25
18439,33.45
18440,33.57
18441,33.53
18442,33.46
18443,33.29
18444,33.15
18445,33.1
18446,33.09
18447,33.05
18448,33.13
18449,33.32
18450,33.22
18451,33.09
18452,32.71
18453,32.33
18454,32.17
18455,31.88
18456,31.54
18457,31.24
18458,31.16
18459,31.19
18460,31.77
18461,32.28
18462,34.04
18463,33.85
18464,34.14
18465,33.94
18466,33.98
18467,33.84
18468,33.86
18469,33.9
18470,33.85
18471,33.69
18472,33.79
18473,34.38
18474,34.27
18475,34.01
18476,33.79
18477,33.56
18478,33.56
18479,33.17
18480,32.49
18481,32.34
18482,32.25
18483,32.37
18484,33.24
18485,33.42
18486,37.08
18487,57.17
18488,65.42
18489,64.91
18490,64.67
18491,51.14
18492,50.19
18493,55.83
18494,48.43
18495,48.31
18496,57.13
18497,61.78
18498,57.06
18499,45.35
18500,34.53
18501,33.96
18502,33.58
18503,32.63
18504,33.08
18505,32.67
18506,32.43
18507,32.31
18508,32.55
18509,33.4
18510,33.98
18511,35.41
18512,35.82
18513,34.79
18514,34.72
18515,34.28
18516,33.92
18517,33.82
18518,33.69
18519,33.6
18520,33.72
18521,33.92
18522,33.87
18523,33.67
18524,33.46
18525,33.2
18526,32.85
18527,32.11
18528,32.03
18529,31.7
18530,31.42
18531,31.26
18532,31.35
18533,31.66
18534,31.87
18535,32.03
18536,32.19
18537,32.75
18538,32.94
18539,32.61
18540,32.3
18541,32.13
18542,32.01
18543,32.07
18544,32.32
18545,33.2
18546,33.3
18547,32.97
18548,32.5
18549,32.46
18550,32.2
18551,31.86
18552,31.43
18553,31.06
18554,30.4
18555,30.41
18556,29.78
18557,29.88
18558,30.36
18559,30.36
18560,31.69
18561,32.29
18562,32.57
18563,32.5
18564,31.4
18565,30.89
18566,30.02
18567,30.81
18568,32.14
18569,34.98
18570,33.67
18571,33.4
18572,32.92
18573,32.32
18574,32.39
18575,31.35
18576,28.83
18577,29.68
18578,30.37
18579,29.83
18580,30.76
18581,32.22
18582,33.3
18583,38.02
18584,40.18
18585,38.16
18586,35.92
18587,33.84
18588,33.55
18589,33.48
18590,33.36
18591,33.16
18592,33.6
18593,34.39
18594,34.16
18595,33.51
18596,33.12
18597,32.84
18598,32.19
18599,31.51
18600,30.49
18601,30.03
18602,30.1
18603,30.14
18604,30.62
18605,31.66
18606,33.05
18607,36.19
18608,38.04
18609,37.05
18610,33.87
18611,33.49
18612,33.37
18613,33.43
18614,33.39
18615,33.34
18616,33.33
18617,38.78
18618,37.96
18619,36.49
18620,33.43
18621,33.3
18622,33.04
18623,32.17
18624,32.11
18625,32.21
18626,32.32
18627,32.44
18628,33.92
18629,37.08
18630,43.64
18631,61.48
18632,63.32
18633,59.3
18634,55.69
18635,39.66
18636,37.35
18637,38.08
18638,44.13
18639,43.02
18640,49.08
18641,59.16
18642,62.05
18643,43.81
18644,38.07
18645,35.28
18646,32.45
18647,31.38
18648,30.5
18649,30.33
18650,30.24
18651,30.5
18652,30.55
18653,31.21
18654,31.63
18655,32.5
18656,32.63
18657,32.52
18658,32.27
18659,32.03
18660,31.95
18661,31.94
18662,31.88
18663,31.76
18664,31.91
18665,32.44
18666,32.42
18667,31.97
18668,31.57
18669,31.3
18670,30.93
18671,30.1
18672,29.42
18673,28.63
18674,29.61
18675,29.78
18676,30
18677,30.75
18678,31.61
18679,32.24
18680,32.83
18681,32.51
18682,32.42
18683,32.18
18684,32.04
18685,32
18686,31.89
18687,31.57
18688,31.71
18689,32.08
18690,32.2
18691,31.81
18692,31.1
18693,30.85
18694,30.82
18695,30.47
18696,30.1
18697,30.01
18698,29.54
18699,29.86
18700,30.04
18701,30.25
18702,30.16
18703,30.5
18704,30.77
18705,31.09
18706,31.33
18707,31.09
18708,30.78
18709,30.58
18710,30.26
18711,30.12
18712,30.4
18713,30.92
18714,30.94
18715,30.67
18716,30.06
18717,29.7
18718,28.91
18719,25.64
18720,0.05
18721,0.04
18722,0.05
18723,0.07
18724,0.13
18725,10.13
18726,10.3
18727,18.12
18728,25.47
18729,29.59
18730,29.82
18731,30.67
18732,30.17
18733,30.44
18734,30.51
18735,30.34
18736,30.79
18737,31.49
18738,31.62
18739,31.25
18740,30.86
18741,30.58
18742,29.45
18743,22.06
18744,15.49
18745,0.13
18746,0.06
18747,0
18748,0.02
18749,0.08
18750,10.38
18751,30.54
18752,31.12
18753,30.7
18754,30.46
18755,30.11
18756,27.2
18757,21.84
18758,30.86
18759,28.82
18760,26.2
18761,10.46
18762,10.36
18763,7.04
18764,0.07
18765,0.05
18766,-0.74
18767,-12.12
18768,0.13
18769,10.19
18770,10.06
18771,11.12
18772,12.56
18773,25.16
18774,30.03
18775,30.97
18776,31
18777,30.96
18778,30.92
18779,30.79
18780,30.68
18781,30.67
18782,30.58
18783,30.7
18784,30.88
18785,31.9
18786,32.1
18787,31.97
18788,31.74
18789,31.34
18790,30.75
18791,29.9
18792,22.04
18793,10.26
18794,9.5
18795,7.66
18796,5.03
18797,7.68
18798,21.52
18799,30.44
18800,30.45
18801,30.41
18802,30.26
18803,30.09
18804,30.03
18805,29.94
18806,29.94
18807,29.84
18808,29.93
18809,30.33
18810,30.44
18811,30.22
18812,29.17
18813,23.45
18814,10.26
18815,3.4
18816,-6.58
18817,-5.03
18818,0.01
18819,0.12
18820,9.44
18821,25.53
18822,30.29
18823,31.14
18824,31.84
18825,32.06
18826,32.43
18827,32.18
18828,31.85
18829,31.69
18830,31.24
18831,30.9
18832,30.95
18833,32.03
18834,32.93
18835,32.09
18836,30.12
18837,30.12
18838,29.08
18839,10.4
18840,6.93
18841,0
18842,-1.39
18843,0.04
18844,9.03
18845,28.78
18846,30.04
18847,33.44
18848,33.63
18849,33.09
18850,32.78
18851,32.39
18852,31.71
18853,31.2
18854,30.92
18855,30.83
18856,30.98
18857,31.78
18858,32.47
18859,31.85
18860,31.26
18861,31
18862,30.93
18863,30.57
18864,29.28
18865,29.09
18866,28.94
18867,29.45
18868,29.93
18869,29.53
18870,32.43
18871,30.84
18872,31.16
18873,31.46
18874,31.31
18875,31.8
18876,29.46
18877,28.01
18878,22.86
18879,28.88
18880,30.16
18881,31.01
18882,31.08
18883,30.78
18884,26.01
18885,12.94
18886,11.91
18887,8.8
18888,7.83
18889,3
18890,4.65
18891,7.74
18892,8.02
18893,8.95
18894,7.83
18895,18.36
18896,28.9
18897,29.2
18898,29.79
18899,29.75
18900,29.52
18901,29.3
18902,21.82
18903,21.81
18904,28.82
18905,30.64
18906,31.76
18907,30.96
18908,25.34
18909,23.86
18910,20.86
18911,10.35
18912,22.01
18913,15.48
18914,12.54
18915,15.59
18916,18.84
18917,30.11
18918,30.96
18919,31.93
18920,32.59
18921,32.46
18922,32.28
18923,31.77
18924,30.91
18925,30.58
18926,30.59
18927,30.83
18928,31.26
18929,31.91
18930,32.3
18931,31.68
18932,30.62
18933,27.05
18934,12.96
18935,7.95
18936,7.81
18937,7.89
18938,7.86
18939,8.56
18940,9.79
18941,10.34
18942,28.99
18943,30.96
18944,31.23
18945,31.02
18946,30.76
18947,30.57
18948,30.62
18949,30.72
18950,30.73
18951,30.85
18952,31.12
18953,32.48
18954,32.72
18955,32.16
18956,31.14
18957,30.86
18958,30.39
18959,29.44
18960,16.69
18961,27.2
18962,26.38
18963,25.52
18964,28.65
18965,29.98
18966,30.89
18967,32.04
18968,32.74
18969,32.71
18970,32.4
18971,32.2
18972,31.22
18973,30.74
18974,30.83
18975,31.5
18976,32.03
18977,32.48
18978,33.78
18979,32.4
18980,32.13
18981,31.68
18982,31.61
18983,29.7
18984,29.73
18985,29.49
18986,26.33
18987,26.55
18988,28.28
18989,29.63
18990,31.04
18991,33.57
18992,34.19
18993,32.66
18994,32.41
18995,32.24
18996,32.04
18997,31.7
18998,31.18
18999,31.07
19000,27.72
19001,32.17
19002,35.8
19003,32.02
19004,31.18
19005,30.47
19006,29.25
19007,25.07
19008,27.02
19009,26.47
19010,26.03
19011,28.13
19012,29.92
19013,30.79
19014,31.72
19015,32.33
19016,32.55
19017,32.42
19018,32.19
19019,31.96
19020,31.8
19021,31.58
19022,31.5
19023,30.81
19024,17.88
19025,38.85
19026,42.18
19027,32.83
19028,31.98
19029,31.73
19030,31.33
19031,30.87
19032,31.6
19033,30.25
19034,30.04
19035,28.44
19036,28.26
19037,29.22
19038,28.16
19039,29.86
19040,30.98
19041,31.46
19042,31.57
19043,31.15
19044,30.91
19045,30.68
19046,30.11
19047,27.91
19048,28.51
19049,31.13
19050,31.66
19051,29.12
19052,28.49
19053,22.14
19054,23.34
19055,10.39
19056,21.11
19057,15.44
19058,11.56
19059,10.6
19060,6.78
19061,3.02
19062,9.83
19063,9.13
19064,9.88
19065,11.32
19066,9.97
19067,10
19068,10.8
19069,9.96
19070,9.4
19071,9.96
19072,28.24
19073,30.03
19074,33.69
19075,34.29
19076,32.45
19077,31.8
19078,31.3
19079,30.66
19080,30.4
19081,29.04
19082,27.99
19083,25.35
19084,27.3
19085,29.07
19086,34.87
19087,35.87
19088,39.4
19089,38.04
19090,35.43
19091,34.13
19092,33.84
19093,33.39
19094,33.27
19095,32.92
19096,32.81
19097,33.82
19098,34.09
19099,33.79
19100,32.76
19101,32.38
19102,31.79
19103,31.16
19104,31.07
19105,30.01
19106,29.99
19107,29.64
19108,30.6
19109,32.98
19110,36
19111,48.58
19112,52.66
19113,52.37
19114,52.21
19115,49.97
19116,47.35
19117,47.32
19118,46.13
19119,43.19
19120,42.09
19121,49.1
19122,56.14
19123,47.75
19124,40.87
19125,37.08
19126,34.97
19127,32.84
19128,32.51
19129,31.98
19130,31.55
19131,31.38
19132,31.2
19133,32.06
19134,35
19135,41.57
19136,44.53
19137,40.33
19138,36.15
19139,34.18
19140,33.34
19141,32.84
19142,32.8
19143,32.62
19144,32.54
19145,32.94
19146,33.72
19147,33.24
19148,32.67
19149,31.85
19150,31.37
19151,28.97
19152,30.16
19153,30.05
19154,29.78
19155,29.3
19156,29.28
19157,31.12
19158,32.98
19159,34.21
19160,35.96
19161,34.58
19162,34.22
19163,33.56
19164,33.19
19165,32.91
19166,32.69
19167,32.69
19168,32.76
19169,33.3
19170,33.86
19171,32.86
19172,32.32
19173,32.27
19174,31.11
19175,28.82
19176,20.82
19177,18.18
19178,12.01
19179,18.09
19180,26.96
19181,28.59
19182,31.9
19183,33.47
19184,33.93
19185,32.56
19186,32.43
19187,32.09
19188,31.51
19189,31.31
19190,31.26
19191,31.59
19192,32.09
19193,33.16
19194,36.63
19195,33.33
19196,32.46
19197,32.34
19198,32.21
19199,31.92
19200,31.16
19201,30.49
19202,30.13
19203,29.64
19204,29.07
19205,30
19206,31.28
19207,31.26
19208,31.69
19209,32.36
19210,32.21
19211,31.41
19212,31.07
19213,30.19
19214,29.85
19215,29.98
19216,30.81
19217,32.68
19218,33.68
19219,33.01
19220,31.52
19221,31.23
19222,31.08
19223,30.05
19224,27.9
19225,25.4
19226,26.69
19227,26.9
19228,26.13
19229,28.51
19230,28.29
19231,28.75
19232,29.3
19233,29.59
19234,29.7
19235,29.43
19236,29.4
19237,28.98
19238,28.92
19239,28.9
19240,29.19
19241,29.7
19242,31.15
19243,31.35
19244,30.69
19245,30.62
19246,30.4
19247,29.34
19248,27.04
19249,26.82
19250,26.9
19251,27.02
19252,27.77
19253,29.64
19254,33.83
19255,40.01
19256,42.53
19257,40
19258,34.57
19259,32.89
19260,31.97
19261,32.2
19262,31.7
19263,31.78
19264,35.74
19265,40.82
19266,48.7
19267,47.75
19268,38.42
19269,31.3
19270,30.74
19271,30.18
19272,29.58
19273,28.61
19274,27.73
19275,27.75
19276,28.43
19277,29.49
19278,31.49
19279,32.87
19280,32.87
19281,31.94
19282,31.57
19283,31.2
19284,30.34
19285,29.84
19286,29.51
19287,29.43
19288,29.7
19289,29.98
19290,30.87
19291,30.31
19292,28.23
19293,25.5
19294,23.15
19295,8.36
19296,0.01
19297,-4.06
19298,-0.71
19299,0.05
19300,4.56
19301,23.59
19302,29.64
19303,30.85
19304,31.06
19305,30.63
19306,30.31
19307,29.87
19308,29.01
19309,28.36
19310,28.12
19311,27.89
19312,29.08
19313,30.45
19314,31.06
19315,30.95
19316,30.86
19317,30.69
19318,28.05
19319,23.6
19320,21.08
19321,21.03
19322,21.71
19323,25.92
19324,29.37
19325,29.7
19326,30.76
19327,32.52
19328,35.67
19329,35.28
19330,32.94
19331,31.87
19332,30.49
19333,30.45
19334,30.19
19335,30.28
19336,30.52
19337,30.69
19338,30.79
19339,30.56
19340,29.89
19341,28.58
19342,10.39
19343,9.24
19344,17.18
19345,17.02
19346,17.06
19347,18.71
19348,21.64
19349,25.99
19350,29.17
19351,30.63
19352,30.64
19353,30.2
19354,29.88
19355,29.33
19356,27.83
19357,25.44
19358,22.1
19359,22.78
19360,26.48
19361,29.6
19362,30.1
19363,29.97
19364,29.39
19365,27.91
19366,24.5
19367,14.96
19368,11.73
19369,9.42
19370,9.39
19371,20.94
19372,22.62
19373,22.05
19374,23.11
19375,26.32
19376,28.53
19377,28.91
19378,27.92
19379,26.83
19380,25.69
19381,17.01
19382,9.75
19383,14.36
19384,9.99
19385,27.44
19386,32.31
19387,31.04
19388,30.52
19389,30.22
19390,30.57
19391,29.06
19392,16.62
19393,15.79
19394,16.12
19395,12.67
19396,16.76
19397,18.89
19398,28.17
19399,28.42
19400,28.74
19401,18.44
19402,21.06
19403,17.63
19404,18.05
19405,11.35
19406,10.12
19407,9.44
19408,9.42
19409,10.15
19410,17.09
19411,16.72
19412,11.96
19413,9.47
19414,12.51
19415,10.12
19416,10.59
19417,13.87
19418,10.07
19419,16.36
19420,22.06
19421,26.08
19422,36.3
19423,39.26
19424,40.97
19425,38.4
19426,36.07
19427,32.93
19428,32.29
19429,31.96
19430,31.16
19431,30.82
19432,30.56
19433,31.16
19434,31.72
19435,31.04
19436,30.56
19437,27.6
19438,25.2
19439,10.75
19440,18.76
19441,17.48
19442,15.92
19443,18.02
19444,22.06
19445,23.99
19446,29.93
19447,31.17
19448,31.56
19449,30.84
19450,29.97
19451,29.69
19452,29.08
19453,28.86
19454,28.94
19455,29.37
19456,29.63
19457,30.35
19458,30.78
19459,30.67
19460,29.02
19461,16.66
19462,16.62
19463,16.61
19464,16.78
19465,18.01
19466,18.06
19467,20.79
19468,26.99
19469,29.23
19470,30.46
19471,31.51
19472,32.22
19473,31.63
19474,31.38
19475,31.16
19476,31.09
19477,30.84
19478,30.6
19479,30.7
19480,30.9
19481,39.6
19482,42.4
19483,34.04
19484,31.25
19485,31.08
19486,31.12
19487,29.17
19488,29.45
19489,29.1
19490,28.91
19491,28.65
19492,28.53
19493,30.72
19494,31.53
19495,38.12
19496,39.53
19497,35.73
19498,33.12
19499,31.73
19500,30.97
19501,30.99
19502,30.79
19503,30.83
19504,30.9
19505,31.75
19506,33.99
19507,32.8
19508,31.52
19509,31.12
19510,30.62
19511,29.59
19512,29.04
19513,28.99
19514,29.21
19515,28.87
19516,29
19517,30.14
19518,33.08
19519,41.13
19520,43.79
19521,41.09
19522,35.71
19523,33.01
19524,31.31
19525,30.29
19526,29.9
19527,30.07
19528,30.31
19529,30.84
19530,31.38
19531,30.66
19532,30.05
19533,29.83
19534,29.5
19535,28.93
19536,28.82
19537,28.34
19538,28.17
19539,27.13
19540,27.02
19541,27.56
19542,28.36
19543,28.86
19544,29.18
19545,29
19546,28.19
19547,25.39
19548,22.91
19549,21.09
19550,15.97
19551,20.07
19552,23.47
19553,28.04
19554,33.85
19555,31.83
19556,29.96
19557,29.65
19558,29.33
19559,28.5
19560,28.74
19561,27.94
19562,26.97
19563,
19564,
19565,26.87
19566,27.67
19567,28.24
19568,28.58
19569,28.44
19570,27.89
19571,27.31
19572,24.29
19573,23.46
19574,23.2
19575,23.36
19576,22.22
19577,30.31
19578,34.66
19579,33.29
19580,29.83
19581,29.62
19582,29.27
19583,28.25
19584,28.27
19585,28.3
19586,26.88
19587,27.06
19588,30.1
19589,32.54
19590,35.57
19591,36.54
19592,35.65
19593,34.09
19594,32.44
19595,30.44
19596,29.67
19597,29.11
19598,28.92
19599,29.18
19600,29.69
19601,29.91
19602,30.09
19603,29.89
19604,29.8
19605,29.51
19606,28.88
19607,28.71
19608,28.07
19609,27.43
19610,27.24
19611,27.72
19612,29.06
19613,33.58
19614,44.22
19615,50
19616,43.03
19617,39.94
19618,37.4
19619,32.29
19620,30.71
19621,29.98
19622,30
19623,30.05
19624,32.16
19625,37.46
19626,41.41
19627,41.01
19628,36.4
19629,33.56
19630,28.9
19631,28.06
19632,26.71
19633,26.68
19634,26.89
19635,26.09
19636,26.95
19637,34.16
19638,39.56
19639,39.78
19640,33.77
19641,31.76
19642,30.52
19643,30.29
19644,30.03
19645,29.95
19646,29.75
19647,30.65
19648,31.78
19649,34.64
19650,39.5
19651,40.63
19652,37.62
19653,34.32
19654,29.99
19655,28.7
19656,28.02
19657,27.3
19658,27.25
19659,27.69
19660,28.81
19661,35.71
19662,43.06
19663,42.28
19664,35.71
19665,36.31
19666,33.98
19667,32.99
19668,30.98
19669,29.58
19670,29.07
19671,28.93
19672,29.46
19673,29.66
19674,29.65
19675,29.91
19676,29.87
19677,28.76
19678,28.01
19679,26.91
19680,24.77
19681,24.45
19682,23.05
19683,23.45
19684,27.24
19685,33.09
19686,37.04
19687,37.7
19688,36.28
19689,35.93
19690,33.32
19691,30.02
19692,28.73
19693,28.66
19694,28.29
19695,28.36
19696,30.43
19697,33.84
19698,33.9
19699,29.87
19700,29.38
19701,28.66
19702,28.34
19703,26.43
19704,27.63
19705,27.18
19706,26.9
19707,27
19708,27.31
19709,29.87
19710,32.09
19711,34.42
19712,35.1
19713,28.9
19714,27.09
19715,26.03
19716,26.07
19717,25.29
19718,24.81
19719,25.65
19720,27.99
19721,33.66
19722,38.7
19723,39.54
19724,35.19
19725,34.45
19726,31.86
19727,32.92
19728,27.5
19729,26.77
19730,26.67
19731,26.49
19732,26.42
19733,26.65
19734,27.14
19735,29.06
19736,29.56
19737,28.54
19738,28.2
19739,27.45
19740,26.82
19741,26.36
19742,26.02
19743,23.31
19744,26
19745,29.6
19746,32.03
19747,29.4
19748,28.78
19749,28.26
19750,27.56
19751,28.14
19752,28.01
19753,27.95
19754,27.83
19755,28.16
19756,29.14
19757,36
19758,43.08
19759,46.84
19760,43.28
19761,47.27
19762,43.87
19763,37.87
19764,35.8
19765,31.45
19766,29.98
19767,30.96
19768,32.19
19769,37.46
19770,41.78
19771,43.59
19772,38.97
19773,35.18
19774,31.08
19775,31.57
19776,30.13
19777,29.29
19778,29.47
19779,29.8
19780,31.83
19781,35.18
19782,30.52
19783,31.37
19784,30.36
19785,29.88
19786,29.15
19787,28.84
19788,28.56
19789,28.19
19790,28.12
19791,18.97
19792,37.49
19793,31.31
19794,32.72
19795,33.29
19796,32.8
19797,31.37
19798,29.73
19799,27.27
19800,27.13
19801,26.99
19802,26.84
19803,26.54
19804,26.72
19805,29.61
19806,27.12
19807,28.82
19808,28.66
19809,28.36
19810,28.17
19811,2.74
19812,0.16
19813,0.08
19814,0.02
19815,-1.02
19816,0.04
19817,0.05
19818,0.1
19819,1.51
19820,0.09
19821,0.04
19822,0.01
19823,8.01
19824,9.87
19825,9.04
19826,14.9
19827,22
19828,24.55
19829,30.42
19830,29.83
19831,30.64
19832,30.46
19833,30.01
19834,29.32
19835,28.84
19836,28.55
19837,28.33
19838,28.19
19839,28.08
19840,21.83
19841,21.98
19842,17.13
19843,28.11
19844,28.06
19845,14.44
19846,7.99
19847,0.1
19848,0.1
19849,0.13
19850,0.13
19851,20.87
19852,27.07
19853,28.29
19854,28.91
19855,29.04
19856,29.01
19857,28.89
19858,28.74
19859,28.63
19860,28.63
19861,28.58
19862,28.37
19863,28.11
19864,28.31
19865,28.44
19866,28.57
19867,28.64
19868,28.55
19869,27.93
19870,27.36
19871,27.98
19872,27.85
19873,27.83
19874,27.92
19875,27.99
19876,28.3
19877,28.24
19878,28.65
19879,28.72
19880,29.08
19881,29.12
19882,28.95
19883,28.68
19884,28.38
19885,27.81
19886,27.44
19887,27.66
19888,28.13
19889,28.35
19890,28.43
19891,28.52
19892,28.53
19893,28.51
19894,28.08
19895,28.09
19896,27.79
19897,27.63
19898,27.54
19899,27.55
19900,27.38
19901,27.61
19902,27.69
19903,28.14
19904,29.44
19905,27.78
19906,26.4
19907,24.04
19908,23.75
19909,22.97
19910,20.93
19911,20.07
19912,24.44
19913,32.4
19914,29.58
19915,27.87
19916,28.25
19917,26.42
19918,24.08
19919,24.45
19920,23.02
19921,20.36
19922,12.26
19923,19.95
19924,26.01
19925,27.67
19926,28.73
19927,28.79
19928,28.56
19929,28.15
19930,27.57
19931,24.01
19932,17.91
19933,9.37
19934,17.92
19935,21.63
19936,26.2
19937,26.65
19938,27
19939,26.83
19940,26.35
19941,22.1
19942,6.76
19943,4.97
19944,0.13
19945,1.36
19946,5.64
19947,10.38
19948,18.02
19949,24.88
19950,27.54
19951,27.7
19952,27.55
19953,27.49
19954,27.32
19955,27.15
19956,27.15
19957,26.79
19958,26.62
19959,26.9
19960,27.41
19961,27.78
19962,28.3
19963,28.18
19964,27.86
19965,26.92
19966,25.87
19967,25.99
19968,24.42
19969,23.02
19970,20.5
19971,23.01
19972,23.09
19973,28.13
19974,28.79
19975,28.84
19976,28.79
19977,29.29
19978,27.35
19979,27.86
19980,27.76
19981,27.54
19982,27.46
19983,27.11
19984,27.56
19985,28.3
19986,28.45
19987,28.46
19988,28.22
19989,27.32
19990,23.05
19991,18.01
19992,16.01
19993,17.95
19994,19.8
19995,20.02
19996,26.76
19997,27.81
19998,28.06
19999,28.38
20000,28.46
20001,28.47
20002,28.96
20003,27.01
20004,27.42
20005,27.34
20006,27.22
20007,27.59
20008,28.06
20009,28.18
20010,28.18
20011,28.28
20012,28.07
20013,27.77
20014,27.46
20015,27.42
20016,26.78
20017,26.65
20018,26.73
20019,26.69
20020,26.76
20021,26.93
20022,27.7
20023,28.46
20024,28.23
20025,27.82
20026,27.88
20027,27.31
20028,27.69
20029,27.65
20030,27.79
20031,28.34
20032,28.95
20033,29.49
20034,30.72
20035,32.14
20036,30.4
20037,29.87
20038,28.99
20039,30.12
20040,30.51
20041,28.82
20042,25.98
20043,27.82
20044,27.6
20045,27.88
20046,27.87
20047,28.36
20048,28.73
20049,28.77
20050,28.57
20051,28.24
20052,27.97
20053,26.43
20054,26.34
20055,25.55
20056,27.66
20057,27.91
20058,28.15
20059,28.48
20060,28.39
20061,27.79
20062,27.58
20063,28.37
20064,28.19
20065,28.13
20066,28.07
20067,28.13
20068,28.32
20069,28.32
20070,28.21
20071,28.46
20072,28.45
20073,28.56
20074,28.74
20075,28.51
20076,28.33
20077,27.96
20078,27.7
20079,27.74
20080,25.43
20081,31.07
20082,31.07
20083,31.99
20084,31.76
20085,30.9
20086,29.73
20087,28.5
20088,24.01
20089,22.07
20090,21.08
20091,27.67
20092,27.95
20093,28.21
20094,27.44
20095,29.9
20096,30.17
20097,29.6
20098,29
20099,28.33
20100,28.16
20101,27.89
20102,28
20103,28.05
20104,27.95
20105,25.36
20106,32.15
20107,31.49
20108,30.85
20109,29.79
20110,29.34
20111,29.05
20112,28.36
20113,27.77
20114,27.26
20115,26.97
20116,30.91
20117,33.01
20118,42.31
20119,45.39
20120,41.05
20121,39.88
20122,37.97
20123,35.9
20124,33.83
20125,31.04
20126,30.43
20127,30.1
20128,30.85
20129,33.1
20130,36.62
20131,36.73
20132,34.59
20133,31.89
20134,30.07
20135,30.35
20136,30.02
20137,29.94
20138,30.25
20139,30.83
20140,31.81
20141,38.9
20142,46.88
20143,48.38
20144,43.67
20145,38.97
20146,37.4
20147,37.1
20148,36.61
20149,34.47
20150,33.07
20151,33.73
20152,36
20153,37.63
20154,38.31
20155,39.91
20156,35.75
20157,32.97
20158,30.51
20159,29.2
20160,28.98
20161,28.99
20162,28.98
20163,29.04
20164,29.33
20165,31.25
20166,34.86
20167,34.43
20168,31.94
20169,31.07
20170,30.46
20171,30.1
20172,29.67
20173,29.37
20174,29.17
20175,29.15
20176,29.19
20177,29.05
20178,28.96
20179,28.91
20180,29.05
20181,28.38
20182,26.14
20183,21.55
20184,19.93
20185,19.71
20186,20.43
20187,22.16
20188,23.3
20189,23.62
20190,29.07
20191,29.14
20192,26.79
20193,24.2
20194,22.45
20195,22.03
20196,20.64
20197,20.29
20198,18.55
20199,16.09
20200,16.16
20201,18.97
20202,15.04
20203,3.69
20204,3.84
20205,0.12
20206,0.09
20207,0.09
20208,0.04
20209,0.08
20210,0.09
20211,0.1
20212,2.8
20213,9.19
20214,10.72
20215,13.09
20216,13.47
20217,9.54
20218,9.12
20219,9.04
20220,8.1
20221,5.02
20222,7.11
20223,9.05
20224,10.72
20225,20.79
20226,23.01
20227,24.5
20228,24.2
20229,24
20230,20.2
20231,9.04
20232,8.97
20233,8.31
20234,8.94
20235,10.05
20236,9.04
20237,9.02
20238,8.04
20239,8.89
20240,8.86
20241,2.96
20242,6.54
20243,3.72
20244,-7.65
20245,-15.03
20246,-9.18
20247,-0.15
20248,7.6
20249,21.08
20250,30.63
20251,30.73
20252,30.86
20253,30.42
20254,29.33
20255,28.87
20256,27.65
20257,27.42
20258,26.48
20259,27.46
20260,29.25
20261,29.4
20262,30.03
20263,30.02
20264,31.8
20265,24.06
20266,12.82
20267,9.07
20268,20.01
20269,22.44
20270,24.9
20271,27.71
20272,29.09
20273,28.16
20274,30.79
20275,30.37
20276,31.27
20277,30.83
20278,29.06
20279,29.13
20280,29.08
20281,28.99
20282,29.02
20283,29.12
20284,29.77
20285,36.14
20286,41.17
20287,43
20288,41.94
20289,39.8
20290,38.1
20291,35.09
20292,33.91
20293,31.72
20294,31.59
20295,32.46
20296,36.55
20297,38.97
20298,41.92
20299,41.91
20300,40.82
20301,37.7
20302,33.4
20303,30.54
20304,30.99
20305,30.95
20306,30.54
20307,30.44
20308,33.1
20309,42.3
20310,46.95
20311,53.47
20312,46.98
20313,45.61
20314,44.75
20315,44.01
20316,42
20317,39.11
20318,38.64
20319,38.61
20320,41.92
20321,43.86
20322,44.09
20323,44.34
20324,42.93
20325,39.1
20326,32.58
20327,31.42
20328,30.49
20329,30.31
20330,30.3
20331,30.76
20332,32.48
20333,41.05
20334,44.97
20335,45.93
20336,43.67
20337,42.92
20338,40.95
20339,35.83
20340,34.99
20341,32.01
20342,32.9
20343,32.89
20344,35.05
20345,37.25
20346,37.78
20347,38.65
20348,39.63
20349,34.87
20350,32
20351,31.38
20352,31.03
20353,30.61
20354,30.68
20355,31.02
20356,32.72
20357,35.42
20358,41.54
20359,44.78
20360,43.9
20361,40.43
20362,40.9
20363,38.06
20364,34.61
20365,32.82
20366,32.26
20367,31.97
20368,32.84
20369,33.52
20370,33.26
20371,33.59
20372,33.8
20373,31.87
20374,30.34
20375,32.24
20376,28.44
20377,29.88
20378,29.86
20379,30.16
20380,30.58
20381,31.42
20382,32.64
20383,32.69
20384,32.56
20385,30.59
20386,30.13
20387,30.07
20388,29.69
20389,29.05
20390,28.77
20391,27.74
20392,29.19
20393,32.54
20394,34.44
20395,33.68
20396,33.78
20397,32.14
20398,30.47
20399,29.29
20400,26.02
20401,27.82
20402,28.35
20403,28.06
20404,28.07
20405,27.85
20406,28.6
20407,28.86
20408,29.5
20409,29.65
20410,29.16
20411,28.99
20412,28.75
20413,28.38
20414,28.39
20415,28.37
20416,28.39
20417,28.7
20418,29.04
20419,29.31
20420,29.18
20421,28.33
20422,15.03
20423,26.94
20424,20.13
20425,12.87
20426,10.39
20427,8.04
20428,10.36
20429,0.05
20430,0.06
20431,0.06
20432,-4.98
20433,-12.11
20434,-12.2
20435,-15.04
20436,-15.08
20437,-15.1
20438,-12.01
20439,-1.2
20440,7.42
20441,14.01
20442,25.78
20443,24.9
20444,22.98
20445,22.09
20446,12.05
20447,13.47
20448,12.01
20449,10.41
20450,12.03
20451,9.69
20452,25.03
20453,33.68
20454,36.67
20455,37.3
20456,35.12
20457,34.01
20458,32.67
20459,31.04
20460,30.78
20461,30.4
20462,30.41
20463,30.43
20464,30.99
20465,31.26
20466,31.77
20467,31.55
20468,31.74
20469,30.57
20470,28.46
20471,28.59
20472,27.43
20473,27.48
20474,27.81
20475,28.92
20476,30.06
20477,31.87
20478,33.7
20479,35.07
20480,34.27
20481,33.73
20482,32.44
20483,31.96
20484,31.81
20485,31.07
20486,30.86
20487,30.77
20488,31.25
20489,31.47
20490,31.51
20491,31.57
20492,31.56
20493,30.52
20494,28.6
20495,26.91
20496,26.26
20497,24.57
20498,24.82
20499,25.8
20500,27.57
20501,30.42
20502,32.28
20503,33.04
20504,32.02
20505,31.6
20506,31.18
20507,30.85
20508,30.56
20509,30.11
20510,29.9
20511,29.79
20512,30.12
20513,30.41
20514,30.47
20515,30.26
20516,30.3
20517,29.72
20518,26.59
20519,26.25
20520,24.76
20521,24.62
20522,24.89
20523,25.88
20524,29.73
20525,30.59
20526,32.8
20527,33.45
20528,32.42
20529,31.96
20530,31.35
20531,30.98
20532,31
20533,30.71
20534,30.39
20535,30.46
20536,31.08
20537,36.72
20538,41.43
20539,41.16
20540,38.79
20541,36.07
20542,33.37
20543,33.25
20544,32.47
20545,31.04
20546,30.71
20547,30.57
20548,30.86
20549,30.92
20550,31.14
20551,33.92
20552,33.06
20553,31.53
20554,30.64
20555,30.79
20556,30.1
20557,29.6
20558,28.93
20559,28.28
20560,31.02
20561,33.82
20562,37.94
20563,39.9
20564,39.5
20565,38.92
20566,33.93
20567,28.31
20568,26.73
20569,26.48
20570,26.17
20571,26.83
20572,26.25
20573,25.43
20574,26.66
20575,28.66
20576,30.06
20577,30.33
20578,30.18
20579,29.5
20580,28.53
20581,27.31
20582,26.88
20583,26.68
20584,27.4
20585,29.8
20586,31.18
20587,31.1
20588,31.24
20589,31.26
20590,27
20591,27.25
20592,26.1
20593,24.96
20594,24.14
20595,24.54
20596,27.24
20597,30.01
20598,30.8
20599,31.5
20600,31.75
20601,31.71
20602,31.4
20603,31.18
20604,31.05
20605,30.9
20606,30.56
20607,30.3
20608,31.12
20609,31.41
20610,32.01
20611,32.83
20612,33.88
20613,32.99
20614,31.81
20615,30.5
20616,29.83
20617,29.24
20618,28.94
20619,29.9
20620,32.07
20621,39.93
20622,45.3
20623,46.47
20624,45.04
20625,42.1
20626,42.11
20627,39.65
20628,38
20629,35.57
20630,35.34
20631,33.34
20632,34.55
20633,34.12
20634,33.86
20635,34.9
20636,35.35
20637,34.15
20638,31.77
20639,31.29
20640,30.62
20641,30.27
20642,30.31
20643,30.77
20644,32.39
20645,37.41
20646,43.39
20647,47.89
20648,42.93
20649,39.16
20650,39.22
20651,36.13
20652,36.12
20653,34.52
20654,34.12
20655,35.01
20656,41.08
20657,44.01
20658,48.04
20659,47.35
20660,48.04
20661,42.64
20662,32.6
20663,31.16
20664,30.41
20665,29.5
20666,29.26
20667,29.59
20668,30.89
20669,34.91
20670,43.1
20671,44.49
20672,41.93
20673,38.54
20674,37.47
20675,36.03
20676,35.23
20677,33.01
20678,33.82
20679,33.19
20680,34.8
20681,35.75
20682,34.94
20683,33.11
20684,31.5
20685,30.52
20686,28.76
20687,29.88
20688,27.99
20689,27.46
20690,27.27
20691,27.08
20692,29
20693,33.1
20694,32.49
20695,31.99
20696,31.45
20697,31.07
20698,30.87
20699,30.68
20700,30.59
20701,30.6
20702,30.45
20703,30.51
20704,31.21
20705,31.43
20706,31.45
20707,31.3
20708,31.31
20709,30.8
20710,30.2
20711,29.42
20712,28.95
20713,28.72
20714,28.52
20715,28.12
20716,28.73
20717,29.05
20718,30.17
20719,32.21
20720,33.28
20721,31.97
20722,31.04
20723,30.28
20724,28.75
20725,28.44
20726,27.34
20727,27.44
20728,29.9
20729,34.79
20730,32.42
20731,31.85
20732,31.66
20733,31.4
20734,30.34
20735,27.66
20736,26.54
20737,25.65
20738,25.63
20739,25.82
20740,25.83
20741,26.41
20742,27.11
20743,27.99
20744,29.11
20745,29.41
20746,29.25
20747,29.1
20748,28.42
20749,27.97
20750,28.06
20751,24.58
20752,27.63
20753,32.07
20754,35.96
20755,32.27
20756,31.94
20757,31.45
20758,30.37
20759,29.7
20760,27.43
20761,27.18
20762,26.7
20763,27.16
20764,29.77
20765,32.99
20766,35.46
20767,36.74
20768,35.81
20769,35.91
20770,34.94
20771,33.04
20772,33.02
20773,32.41
20774,31.92
20775,32.08
20776,36.84
20777,40.14
20778,38.91
20779,33.02
20780,32.94
20781,31.79
20782,30.25
20783,29.03
20784,28.01
20785,27.35
20786,27.18
20787,27.03
20788,27.93
20789,31.04
20790,33.7
20791,33.44
20792,32.43
20793,31.91
20794,31.04
20795,30.9
20796,30.88
20797,30.83
20798,30.63
20799,30.39
20800,30.8
20801,30.9
20802,30.78
20803,30.2
20804,29.65
20805,29.04
20806,27.03
20807,25.01
20808,24.43
20809,24.26
20810,24.33
20811,24.8
20812,25.24
20813,27.94
20814,33.51
20815,36
20816,34.62
20817,33.53
20818,32.94
20819,32.41
20820,32.74
20821,29.85
20822,28.91
20823,29.48
20824,33.94
20825,37.25
20826,36.18
20827,32.47
20828,31.79
20829,28.04
20830,26.68
20831,0.07
20832,18.32
20833,22.43
20834,20.68
20835,22.46
20836,24.03
20837,24.73
20838,31.03
20839,28.63
20840,28.7
20841,28.86
20842,30.65
20843,29.7
20844,29.27
20845,29.12
20846,28.97
20847,29.03
20848,31.6
20849,32.05
20850,31.96
20851,31.91
20852,31.96
20853,31.52
20854,26.81
20855,25.66
20856,25.01
20857,24.71
20858,25
20859,25.13
20860,26.72
20861,30.9
20862,39.91
20863,41.55
20864,39.9
20865,38.95
20866,39.8
20867,37.72
20868,36.38
20869,34.21
20870,33.76
20871,31.06
20872,35.14
20873,37.04
20874,33.82
20875,30.13
20876,28.64
20877,26.97
20878,25.06
20879,23.44
20880,23.04
20881,22.18
20882,20.94
20883,20.84
20884,22.57
20885,23.26
20886,23.78
20887,24.93
20888,25.3
20889,23.99
20890,24.11
20891,23.83
20892,22.83
20893,21.44
20894,21.73
20895,23.92
20896,25.03
20897,28.38
20898,27.17
20899,25.66
20900,26.49
20901,26.31
20902,25.19
20903,23.09
20904,18.12
20905,14.12
20906,12.18
20907,11.65
20908,11.52
20909,11.98
20910,12.36
20911,14.04
20912,18.79
20913,20.66
20914,20.8
20915,18.92
20916,17.88
20917,16.14
20918,11.93
20919,16.92
20920,23.05
20921,28.12
20922,32.91
20923,35.07
20924,35.32
20925,36.11
20926,31.82
20927,23.36
20928,23.14
20929,22.97
20930,22.87
20931,23.08
20932,24.49
20933,35.49
20934,40
20935,42.2
20936,38.82
20937,37.02
20938,36.99
20939,36.96
20940,37.91
20941,36.93
20942,36.94
20943,36.2
20944,38.71
20945,43.65
20946,44.36
20947,41.95
20948,41.21
20949,40.84
20950,34.07
20951,32.24
20952,32.17
20953,29.72
20954,28.05
20955,28.04
20956,29.71
20957,36.99
20958,41.78
20959,41.4
20960,41.89
20961,38.05
20962,36.94
20963,33.97
20964,30.5
20965,31.01
20966,29.1
20967,29.06
20968,31.84
20969,33.75
20970,33.39
20971,27.71
20972,28
20973,27.31
20974,24.99
20975,8.35
20976,21.22
20977,19.61
20978,19.64
20979,20.92
20980,23.22
20981,25.93
20982,33.64
20983,34.21
20984,33.62
20985,31.21
20986,32.35
20987,29.36
20988,28.11
20989,27.64
20990,26.25
20991,26.37
20992,27.83
20993,27.81
20994,32.64
20995,25.96
20996,26.69
20997,26.83
20998,25.18
20999,24.37
21000,23.84
21001,23.57
21002,23.4
21003,22.94
21004,24.09
21005,24.13
21006,24.93
21007,25.85
21008,25.79
21009,25.59
21010,26.02
21011,25.16
21012,21.74
21013,22.45
21014,19.99
21015,21.12
21016,27.08
21017,29.9
21018,27.12
21019,26.31
21020,27.91
21021,26.35
21022,25.31
21023,24.07
21024,23.69
21025,23.48
21026,22.94
21027,23.69
21028,25
21029,27.36
21030,37.93
21031,38.3
21032,36.48
21033,34.01
21034,33.08
21035,30.86
21036,28.32
21037,27.12
21038,27.53
21039,28.63
21040,34.64
21041,38.85
21042,41.97
21043,41.95
21044,39.99
21045,39.96
21046,35.2
21047,35.91
21048,31.03
21049,27.6
21050,26
21051,24.58
21052,24.4
21053,26.1
21054,29.14
21055,30.13
21056,29.36
21057,26.1
21058,24.69
21059,24.39
21060,24.32
21061,24.08
21062,23.89
21063,20.09
21064,27.31
21065,34.3
21066,37.13
21067,27.23
21068,26.24
21069,25.35
21070,24.08
21071,20.72
21072,16.08
21073,18.66
21074,16.58
21075,14.25
21076,9.91
21077,14.36
21078,18.27
21079,19.04
21080,22.82
21081,23.56
21082,23.39
21083,22.77
21084,22.45
21085,10.08
21086,10.14
21087,10.08
21088,21.95
21089,31.05
21090,34.67
21091,26
21092,25.82
21093,25.11
21094,24.06
21095,22.27
21096,21.4
21097,21.43
21098,22.03
21099,22.69
21100,24.82
21101,35.97
21102,41.67
21103,43.06
21104,42.71
21105,41.82
21106,41.32
21107,38.93
21108,38.33
21109,35.58
21110,36.32
21111,37
21112,42.18
21113,44.08
21114,46.15
21115,43.76
21116,42.02
21117,37.73
21118,32.69
21119,27.28
21120,26.54
21121,26.37
21122,26.29
21123,26.43
21124,31.3
21125,38.05
21126,49.6
21127,52.23
21128,50.08
21129,46.13
21130,44.32
21131,44.82
21132,43.1
21133,39.07
21134,34.03
21135,33.06
21136,35.1
21137,39.91
21138,40.95
21139,38.35
21140,36.83
21141,31.51
21142,26.14
21143,24.62
21144,23.87
21145,23.56
21146,22.58
21147,22.53
21148,23.98
21149,26.45
21150,27.44
21151,27.46
21152,26.99
21153,26.87
21154,26.7
21155,26.47
21156,26.45
21157,26.3
21158,25.94
21159,25.93
21160,26.07
21161,26.19
21162,26.43
21163,25.93
21164,26.2
21165,26.1
21166,25.27
21167,21.97
21168,21.23
21169,20.64
21170,20.69
21171,21.84
21172,23.69
21173,26.83
21174,37.39
21175,40.08
21176,38.03
21177,33.24
21178,33
21179,31.01
21180,31.86
21181,31.34
21182,34.08
21183,34.11
21184,36.67
21185,38.38
21186,42.04
21187,34.4
21188,34.47
21189,41.04
21190,34.29
21191,26.38
21192,25.83
21193,24.99
21194,24.59
21195,28.14
21196,28.36
21197,35.33
21198,40.24
21199,41.5
21200,39.96
21201,38.67
21202,38.83
21203,37.34
21204,35.08
21205,33.87
21206,34.82
21207,35.96
21208,39.7
21209,42.78
21210,44.9
21211,43.52
21212,41.98
21213,41.96
21214,36.64
21215,30.08
21216,30.76
21217,28.74
21218,27.06
21219,26.49
21220,25
21221,26.51
21222,26.89
21223,30.79
21224,31.25
21225,28.31
21226,27.03
21227,26.49
21228,26.93
21229,26.71
21230,26.97
21231,28.29
21232,33.94
21233,37.3
21234,38.16
21235,36.96
21236,36.97
21237,38.57
21238,35.91
21239,29.93
21240,26.93
21241,23.24
21242,22.54
21243,21.58
21244,19.98
21245,20.33
21246,22.93
21247,24.13
21248,24.99
21249,26.03
21250,25.85
21251,34.16
21252,16.62
21253,24.12
21254,23.96
21255,24.44
21256,10.23
21257,25.76
21258,31.06
21259,34.91
21260,28
21261,30.08
21262,26.32
21263,24.74
21264,23.93
21265,22.53
21266,21.68
21267,21.65
21268,23.09
21269,24.1
21270,24.62
21271,27.02
21272,27.12
21273,24.35
21274,25.31
21275,24.52
21276,24.11
21277,23.08
21278,23.84
21279,26
21280,28.74
21281,30.22
21282,39.01
21283,39.65
21284,38.61
21285,38.42
21286,26.1
21287,24.22
21288,19.3
21289,14.49
21290,10.54
21291,10.22
21292,13.38
21293,25.06
21294,30.36
21295,27.37
21296,27.14
21297,26.72
21298,26.31
21299,25.95
21300,23.45
21301,22.67
21302,19.94
21303,18.62
21304,21.95
21305,22.72
21306,23.08
21307,21.92
21308,20.44
21309,20.23
21310,4.39
21311,10.67
21312,8.8
21313,6.82
21314,4.63
21315,4.42
21316,5.71
21317,19.8
21318,23.68
21319,24.53
21320,23.93
21321,23.58
21322,22.99
21323,22.27
21324,22.17
21325,9.06
21326,9.71
21327,10.17
21328,19.7
21329,20.37
21330,23.13
21331,22.03
21332,21.97
21333,21.58
21334,18.4
21335,14.09
21336,10.2
21337,9.91
21338,9.86
21339,9.92
21340,18.6
21341,24.09
21342,27.98
21343,29.3
21344,29.39
21345,31.47
21346,31.67
21347,30.38
21348,30
21349,29.88
21350,30.02
21351,31.65
21352,34.79
21353,38.01
21354,43.91
21355,41.87
21356,37.6
21357,36.13
21358,28.08
21359,26.76
21360,24.91
21361,24.61
21362,24.04
21363,24.3
21364,27.54
21365,33.29
21366,39.38
21367,42.59
21368,40.59
21369,40.22
21370,40.81
21371,36.38
21372,33.83
21373,31.05
21374,29.09
21375,29.69
21376,31.44
21377,33.2
21378,35.07
21379,34.97
21380,35.9
21381,37.86
21382,36.01
21383,34.65
21384,24.47
21385,24.1
21386,23.65
21387,23.19
21388,23.67
21389,27.79
21390,29.71
21391,30.9
21392,31.94
21393,29.9
21394,29.94
21395,28.35
21396,25.86
21397,25.01
21398,25.03
21399,26.6
21400,29.1
21401,35.41
21402,38.24
21403,38.78
21404,38.28
21405,39.68
21406,36.94
21407,29.1
21408,25.12
21409,21.78
21410,18
21411,15.39
21412,12.6
21413,12.84
21414,16.49
21415,18.43
21416,20.86
21417,21.91
21418,21.88
21419,10.19
21420,8.35
21421,10.34
21422,17.96
21423,18.87
21424,23.58
21425,30.36
21426,33.13
21427,33.62
21428,33.4
21429,33.7
21430,24.36
21431,24.22
21432,20.66
21433,18.15
21434,14.6
21435,15.66
21436,19.88
21437,24.73
21438,33.17
21439,33.84
21440,29.95
21441,28.26
21442,26.83
21443,18.51
21444,11.31
21445,10.92
21446,11.72
21447,10.01
21448,19.77
21449,24.31
21450,23.94
21451,23.33
21452,23.26
21453,22.38
21454,20.01
21455,17.98
21456,10.7
21457,7.87
21458,7.42
21459,8.92
21460,15.85
21461,22.67
21462,25.6
21463,27.71
21464,25.28
21465,25.13
21466,25.06
21467,24.92
21468,24.84
21469,24.7
21470,24.55
21471,24.64
21472,29.13
21473,35.48
21474,37.91
21475,34.31
21476,34.12
21477,32.14
21478,26.22
21479,24.21
21480,23.33
21481,23.1
21482,23.13
21483,23.37
21484,24.06
21485,34.4
21486,41.26
21487,43.76
21488,41.63
21489,41.12
21490,39.93
21491,36.94
21492,35.99
21493,35.92
21494,35.02
21495,35.85
21496,40.53
21497,45.26
21498,49.95
21499,44.64
21500,42.91
21501,42.8
21502,35.44
21503,33
21504,31.04
21505,30.97
21506,29.39
21507,28.8
21508,28.88
21509,32.02
21510,37.81
21511,38
21512,35.49
21513,30.69
21514,32.76
21515,29.14
21516,28.41
21517,29.03
21518,27.16
21519,29.51
21520,33.81
21521,36.9
21522,37.01
21523,36.62
21524,35.02
21525,34.58
21526,29.28
21527,24.74
21528,23.35
21529,22
21530,21.07
21531,21.05
21532,22.41
21533,25.94
21534,30.77
21535,27.97
21536,27.32
21537,21.97
21538,18.84
21539,9.82
21540,7.53
21541,0.88
21542,1.52
21543,7.51
21544,10.1
21545,20.73
21546,24.04
21547,23.05
21548,22.96
21549,23.23
21550,21.83
21551,19.81
21552,14.97
21553,17.08
21554,19.49
21555,18.46
21556,19.77
21557,19.14
21558,21
21559,23.01
21560,23.49
21561,23.24
21562,23.09
21563,22.82
21564,22.55
21565,20.81
21566,20.1
21567,22.68
21568,27.62
21569,31.63
21570,35.1
21571,35.83
21572,36.97
21573,38
21574,35.85
21575,35.99
21576,30.08
21577,28.53
21578,26.81
21579,25.11
21580,24.29
21581,24.33
21582,25.68
21583,25.54
21584,24.4
21585,24.34
21586,24.24
21587,24.13
21588,23.53
21589,21.98
21590,22.9
21591,23.6
21592,27.18
21593,33.52
21594,37.48
21595,38.98
21596,39.09
21597,41.22
21598,37.08
21599,24.08
21600,23.76
21601,23.32
21602,23.12
21603,28.57
21604,29.1
21605,38.3
21606,42.97
21607,44.03
21608,40.98
21609,38.24
21610,38.49
21611,34.96
21612,35.06
21613,35.88
21614,38.33
21615,39.51
21616,42.1
21617,45.6
21618,49.99
21619,45.4
21620,44.13
21621,43.68
21622,36.66
21623,24.35
21624,23.71
21625,23.01
21626,22.63
21627,22.81
21628,23.64
21629,26.9
21630,30.7
21631,32.84
21632,30.47
21633,30.72
21634,28.26
21635,26.46
21636,25.88
21637,25.13
21638,24.55
21639,24.2
21640,24.23
21641,24.33
21642,24.68
21643,24.33
21644,24.22
21645,24.26
21646,23.95
21647,23.96
21648,23.25
21649,23.04
21650,22.92
21651,22.91
21652,24.17
21653,38.41
21654,44.02
21655,44.65
21656,43.24
21657,40.06
21658,39.54
21659,37.64
21660,36.09
21661,33.65
21662,34.69
21663,38.2
21664,45.64
21665,50.94
21666,56.95
21667,51.03
21668,45.44
21669,44.05
21670,36.68
21671,35.94
21672,34.45
21673,32.04
21674,30.96
21675,29.2
21676,30.2
21677,36.46
21678,42.39
21679,44.8
21680,40.88
21681,38.91
21682,37.15
21683,34.96
21684,31.71
21685,30.29
21686,30.37
21687,30.17
21688,37.43
21689,39.9
21690,41.91
21691,38.99
21692,37.56
21693,36.07
21694,30.95
21695,25.33
21696,23.55
21697,22.43
21698,21.41
21699,21.59
21700,23.34
21701,26.86
21702,36.26
21703,38.28
21704,34.09
21705,30.45
21706,29.05
21707,27.77
21708,26.1
21709,25.07
21710,24.98
21711,25.01
21712,27.68
21713,27.66
21714,27.55
21715,25.25
21716,25.16
21717,25.61
21718,25.16
21719,25.12
21720,23.78
21721,23.24
21722,22.28
21723,20.28
21724,19.99
21725,22.09
21726,23.75
21727,24.03
21728,24.8
21729,22
21730,22.37
21731,22.14
21732,21.42
21733,20.6
21734,19.68
21735,15.15
21736,20.31
21737,29.59
21738,23.78
21739,23.69
21740,23.74
21741,23.87
21742,23.49
21743,23.95
21744,23.03
21745,20.79
21746,18.25
21747,14.45
21748,10.25
21749,10.26
21750,17.69
21751,19.26
21752,21.22
21753,13.29
21754,13.61
21755,11.27
21756,7.32
21757,0.65
21758,3.3
21759,8.17
21760,17.01
21761,21.69
21762,23.2
21763,23.2
21764,23.37
21765,23.2
21766,21.8
21767,21.86
21768,20.24
21769,17.4
21770,16.91
21771,16.95
21772,19.08
21773,26.52
21774,23.44
21775,24.34
21776,23.99
21777,23.71
21778,23.43
21779,23.26
21780,23.29
21781,23.34
21782,23.24
21783,23.32
21784,23.59
21785,26.71
21786,26.71
21787,26.01
21788,26.37
21789,25.86
21790,23.29
21791,23.21
21792,22.9
21793,22.59
21794,22.5
21795,22.51
21796,28.7
21797,37.94
21798,43.55
21799,46.66
21800,46.3
21801,46.69
21802,48.04
21803,45.95
21804,44.45
21805,44.1
21806,40.15
21807,42.53
21808,42.6
21809,43.93
21810,43.95
21811,40.24
21812,37.98
21813,32.62
21814,27.3
21815,28.77
21816,27.35
21817,26.02
21818,25.4
21819,25.34
21820,27.96
21821,32.76
21822,38.64
21823,41.51
21824,41.99
21825,41.95
21826,42.7
21827,41.45
21828,38.97
21829,36.57
21830,33.79
21831,34.9
21832,38.4
21833,38.97
21834,39.04
21835,33.32
21836,28.71
21837,23.63
21838,23.5
21839,22.23
21840,21.82
21841,21.77
21842,21.81
21843,21.86
21844,22.74
21845,31.5
21846,40.11
21847,45.83
21848,46.39
21849,46.39
21850,46.66
21851,44.89
21852,44.11
21853,41.71
21854,38.23
21855,37.31
21856,37.31
21857,38.09
21858,38.08
21859,33.14
21860,30.58
21861,28.5
21862,25.11
21863,24.21
21864,22.43
21865,21.97
21866,21.75
21867,21.83
21868,23.05
21869,27.91
21870,37.93
21871,38.34
21872,35.99
21873,35.51
21874,32.24
21875,29.33
21876,27.29
21877,25.08
21878,25.09
21879,26.63
21880,29.61
21881,32.66
21882,30.42
21883,26.43
21884,25.57
21885,25.39
21886,23.76
21887,27.16
21888,23.81
21889,23.47
21890,23.34
21891,23.26
21892,23.46
21893,24.95
21894,26.77
21895,28.82
21896,31.62
21897,32.54
21898,32.36
21899,29.1
21900,26.07
21901,26.33
21902,26.04
21903,26.09
21904,29.01
21905,29.34
21906,29.18
21907,29.39
21908,28.91
21909,28.06
21910,25.63
21911,24.36
21912,23.12
21913,22.73
21914,22.63
21915,20.27
21916,20.59
21917,21.3
21918,23.07
21919,24.76
21920,25.56
21921,20.71
21922,23.32
21923,21.36
21924,19.08
21925,10.47
21926,9.96
21927,17.31
21928,19.72
21929,25.99
21930,23.55
21931,24.08
21932,24.25
21933,24.75
21934,25.86
21935,-12.18
21936,0.11
21937,22.31
21938,22.29
21939,22.65
21940,23.19
21941,23.85
21942,26.44
21943,28.43
21944,28.28
21945,28.94
21946,25.01
21947,24.98
21948,25.01
21949,24.96
21950,24.88
21951,24.86
21952,28.03
21953,27.92
21954,24.62
21955,24.35
21956,24.06
21957,24.14
21958,23.78
21959,24.05
21960,23.78
21961,23.3
21962,23.2
21963,23.07
21964,23.19
21965,25.68
21966,30.2
21967,32.76
21968,35.13
21969,34.74
21970,32.97
21971,31.93
21972,31.93
21973,30.55
21974,31.82
21975,32.14
21976,36.07
21977,39.04
21978,40.04
21979,40.22
21980,39.39
21981,36.69
21982,32.99
21983,31.95
21984,31.15
21985,29.04
21986,27.63
21987,27.3
21988,31.12
21989,38.02
21990,43.92
21991,46.01
21992,44.18
21993,43.71
21994,42.06
21995,38.93
21996,38.09
21997,37.44
21998,37.38
21999,38.9
22000,41.51
22001,41.5
22002,43.48
22003,43.09
22004,42.87
22005,40.66
22006,35.47
22007,33.03
22008,32.21
22009,30.62
22010,30.11
22011,29.19
22012,32.06
22013,36.94
22014,42.29
22015,48.24
22016,43.08
22017,41.86
22018,40.03
22019,35.71
22020,35.75
22021,35.54
22022,39.52
22023,40.6
22024,44.31
22025,45.87
22026,53.71
22027,49.56
22028,46.03
22029,42.71
22030,35.61
22031,34.16
22032,32.07
22033,30.8
22034,30.69
22035,29.64
22036,30.84
22037,35.87
22038,41.88
22039,45.54
22040,45.58
22041,44.61
22042,43.31
22043,39.65
22044,34.43
22045,32.05
22046,31.84
22047,32.4
22048,37.87
22049,40.58
22050,42.74
22051,41.8
22052,40.46
22053,40.99
22054,35.91
22055,35.16
22056,33.65
22057,31.86
22058,30.68
22059,29.87
22060,29.09
22061,30
22062,32.02
22063,34.58
22064,36.71
22065,35.89
22066,35.37
22067,33.22
22068,27.55
22069,26.69
22070,26.47
22071,26.49
22072,26.74
22073,29.35
22074,32.03
22075,31.77
22076,31.85
22077,32.19
22078,30.95
22079,31.06
22080,30.33
22081,29.12
22082,28.5
22083,28.1
22084,28.76
22085,29.49
22086,29.83
22087,30.03
22088,31.26
22089,31.26
22090,32.4
22091,32.07
22092,31
22093,29.88
22094,30.69
22095,31.28
22096,33.8
22097,36.75
22098,40.53
22099,40.53
22100,40.59
22101,42.28
22102,40.08
22103,32.76
22104,29.92
22105,29.44
22106,29.59
22107,29.31
22108,30.6
22109,38.03
22110,44.03
22111,50.07
22112,50
22113,49.93
22114,49.92
22115,48.86
22116,47.8
22117,45.27
22118,43.99
22119,40.65
22120,40.95
22121,41.62
22122,42.97
22123,40.21
22124,38.86
22125,39.92
22126,33.45
22127,30.93
22128,30.28
22129,29.63
22130,28.96
22131,28.95
22132,30.08
22133,34.51
22134,41.44
22135,44.22
22136,43.43
22137,42.03
22138,41.45
22139,39.42
22140,36.01
22141,34.21
22142,34.42
22143,35.39
22144,37.62
22145,39.99
22146,41.2
22147,39.72
22148,38.68
22149,38.75
22150,33.78
22151,32.29
22152,30.14
22153,29.1
22154,28.52
22155,28.43
22156,29.3
22157,34.77
22158,39.94
22159,44.01
22160,44.31
22161,44.16
22162,43.9
22163,41.07
22164,39.9
22165,37.27
22166,33.93
22167,32.19
22168,33.29
22169,32.95
22170,32.82
22171,30.5
22172,26.84
22173,26.77
22174,26.65
22175,26.02
22176,24.37
22177,23.04
22178,24.76
22179,25.08
22180,26.04
22181,26.81
22182,30.17
22183,34.85
22184,35.08
22185,35.52
22186,34.96
22187,30.26
22188,30.04
22189,29.07
22190,30.27
22191,33.46
22192,36.36
22193,37.16
22194,39.1
22195,40.1
22196,42.93
22197,42.13
22198,38.12
22199,34.4
22200,32.34
22201,30.36
22202,29.08
22203,29.55
22204,30.41
22205,39.94
22206,39.76
22207,44.9
22208,43.32
22209,41.62
22210,38.94
22211,37.1
22212,35.97
22213,31.91
22214,30.34
22215,31.29
22216,36.92
22217,40.93
22218,42.96
22219,39.69
22220,39.1
22221,39.71
22222,36.65
22223,34.57
22224,31.08
22225,30.82
22226,30.01
22227,29.4
22228,29.17
22229,30.46
22230,30.82
22231,31.94
22232,33.81
22233,33.43
22234,33.06
22235,32.22
22236,30.76
22237,29.07
22238,28.64
22239,29.04
22240,30.98
22241,35.21
22242,37.54
22243,37
22244,36.9
22245,37.98
22246,36.01
22247,34.65
22248,30.05
22249,28.68
22250,27.78
22251,23.71
22252,24.83
22253,25.11
22254,25.97
22255,26
22256,26.13
22257,26.4
22258,26.36
22259,26.21
22260,26.09
22261,25.37
22262,25.22
22263,26.25
22264,26.52
22265,26.7
22266,26.75
22267,26.78
22268,27
22269,26.91
22270,26.49
22271,25.73
22272,24.4
22273,23.98
22274,23.83
22275,23.98
22276,25.15
22277,26.18
22278,27.53
22279,28.04
22280,28.34
22281,27.91
22282,27.2
22283,26.68
22284,26.59
22285,26.52
22286,26.35
22287,26.26
22288,26.45
22289,26.58
22290,26.6
22291,26.62
22292,26.57
22293,26.29
22294,25.55
22295,25.71
22296,24.92
22297,24.26
22298,24.27
22299,24.24
22300,25.54
22301,26.57
22302,38.52
22303,42.88
22304,42.43
22305,41.75
22306,38.92
22307,34.17
22308,34.12
22309,33.69
22310,34.62
22311,38.57
22312,42.97
22313,45.79
22314,46.89
22315,43.97
22316,42.99
22317,40.83
22318,33.95
22319,30.93
22320,29.59
22321,28.62
22322,27.3
22323,27.63
22324,29.03
22325,37.96
22326,42.16
22327,42.91
22328,40.08
22329,37.93
22330,34.55
22331,31.7
22332,31.71
22333,32.9
22334,36.54
22335,38.03
22336,40.52
22337,34.46
22338,31.57
22339,29.14
22340,28.6
22341,27.76
22342,26.29
22343,26.84
22344,25.63
22345,25.08
22346,25.09
22347,25.06
22348,26.18
22349,27.49
22350,29.99
22351,34.51
22352,37.07
22353,37.09
22354,37.05
22355,37.01
22356,37.02
22357,36.02
22358,34.88
22359,33.66
22360,36.97
22361,39.77
22362,35.65
22363,34.59
22364,34.53
22365,30.15
22366,27.46
22367,27.47
22368,26.92
22369,26.68
22370,26.21
22371,26.44
22372,27.4
22373,32.76
22374,35.35
22375,35.83
22376,38.87
22377,37.51
22378,39.04
22379,35.98
22380,32.94
22381,32.87
22382,32.9
22383,35.11
22384,39.01
22385,41.42
22386,42.63
22387,42.01
22388,40.57
22389,41.38
22390,36.79
22391,31.43
22392,27.93
22393,27.15
22394,27.04
22395,26.8
22396,26.75
22397,27.31
22398,30.18
22399,33.12
22400,33.85
22401,34.83
22402,33.83
22403,32.25
22404,30.02
22405,28.78
22406,29.18
22407,29.82
22408,32.45
22409,32.87
22410,32.33
22411,31.03
22412,30.6
22413,28.89
22414,27.05
22415,27.26
22416,27.02
22417,26.05
22418,24.68
22419,23.07
22420,23.96
22421,23.9
22422,25.17
22423,25.78
22424,26.67
22425,26.87
22426,27.18
22427,27.22
22428,26.3
22429,25.51
22430,20.34
22431,23.07
22432,27.05
22433,29.62
22434,37.05
22435,38.51
22436,39.42
22437,42.85
22438,39.07
22439,27.05
22440,35.62
22441,32.7
22442,31.28
22443,30.46
22444,33.24
22445,41.9
22446,44.18
22447,44.12
22448,48.23
22449,48.45
22450,47.77
22451,46.47
22452,44.91
22453,42.29
22454,40.94
22455,39.2
22456,39.7
22457,38.18
22458,38.66
22459,36.43
22460,34.73
22461,34.59
22462,29.66
22463,30.27
22464,28.26
22465,26.79
22466,26.81
22467,26.04
22468,26.21
22469,27.11
22470,28.54
22471,29.76
22472,29.58
22473,30.5
22474,29.87
22475,29.77
22476,29.53
22477,29.48
22478,29.18
22479,28.87
22480,29.77
22481,36.95
22482,35.4
22483,33.78
22484,32.96
22485,32.21
22486,29.01
22487,25.74
22488,25.24
22489,22.64
22490,22.93
22491,21.23
22492,26.16
22493,28.54
22494,29.49
22495,37.78
22496,37.92
22497,37.96
22498,38.08
22499,37.96
22500,37.73
22501,36.08
22502,35.23
22503,34.38
22504,35.27
22505,36.39
22506,37.94
22507,36.93
22508,35.93
22509,35.75
22510,30.07
22511,28.75
22512,26.7
22513,24.85
22514,23.69
22515,24.48
22516,27.02
22517,29
22518,35.31
22519,37.91
22520,37.89
22521,38.05
22522,37.56
22523,37.57
22524,37.12
22525,35.14
22526,33.69
22527,33.57
22528,35.74
22529,37.32
22530,38.98
22531,38.06
22532,36.87
22533,36.55
22534,30.24
22535,33.86
22536,28.07
22537,27.42
22538,26.8
22539,26.46
22540,27.48
22541,32.13
22542,38
22543,38.8
22544,37.05
22545,35.5
22546,31
22547,27.51
22548,25.17
22549,26.59
22550,26.06
22551,26.31
22552,28.37
22553,27.83
22554,27.78
22555,27.67
22556,27.64
22557,27.62
22558,27.1
22559,27.77
22560,23.35
22561,18.99
22562,14.64
22563,10.37
22564,12.18
22565,14.88
22566,21.52
22567,23.72
22568,24.72
22569,25.99
22570,25.88
22571,24.99
22572,24.04
22573,22.97
22574,21.67
22575,19.26
22576,25.47
22577,30.13
22578,27.71
22579,27.21
22580,27.29
22581,27.46
22582,27.2
22583,26.92
22584,21.16
22585,22.3
22586,23.47
22587,22.2
22588,22.26
22589,22.26
22590,23.48
22591,24.39
22592,24.45
22593,25.36
22594,25.11
22595,25.35
22596,24.58
22597,0.12
22598,0.12
22599,21.27
22600,5.01
22601,22.54
22602,31.77
22603,34.52
22604,35.93
22605,27.54
22606,27.11
22607,26
22608,25.56
22609,25.28
22610,24.32
22611,24.64
22612,26.01
22613,26.97
22614,27.52
22615,27.73
22616,27.77
22617,27.77
22618,27.65
22619,27.55
22620,27.4
22621,27.35
22622,27.27
22623,27.26
22624,27.34
22625,27.39
22626,27.37
22627,27.41
22628,27.47
22629,37.84
22630,26.88
22631,26.97
22632,26.62
22633,26.18
22634,26.79
22635,25.95
22636,27.54
22637,32.66
22638,37
22639,38.94
22640,38.09
22641,37.9
22642,37.08
22643,36.45
22644,35.93
22645,35.91
22646,36
22647,36.61
22648,38.47
22649,40.94
22650,41.06
22651,38.96
22652,37.04
22653,35.94
22654,31.69
22655,27.62
22656,25.74
22657,25.36
22658,25.02
22659,25.16
22660,27.07
22661,29.53
22662,32.07
22663,35.69
22664,35.6
22665,35.09
22666,33.93
22667,32.16
22668,29.18
22669,28.87
22670,27.97
22671,28.12
22672,35.99
22673,39.23
22674,40.94
22675,39.27
22676,38.15
22677,37.53
22678,34.46
22679,28.1
22680,25.94
22681,24.76
22682,23.36
22683,23.39
22684,25.08
22685,26.7
22686,28.8
22687,32.52
22688,35.04
22689,35.03
22690,33.87
22691,30.57
22692,27.13
22693,22.03
22694,25.99
22695,25.95
22696,24.84
22697,26.82
22698,27.07
22699,26.8
22700,26.81
22701,26.67
22702,25.52
22703,25.16
22704,22.7
22705,21.3
22706,19.03
22707,18.95
22708,21.48
22709,28.24
22710,26.12
22711,26.52
22712,26.61
22713,28.42
22714,23.62
22715,25.26
22716,25.06
22717,9.58
22718,10.36
22719,10.32
22720,20.04
22721,28.46
22722,26.06
22723,25.89
22724,25.86
22725,25.63
22726,24.58
22727,24
22728,23.03
22729,22
22730,21.49
22731,20.7
22732,20.44
22733,22.84
22734,23.67
22735,24.75
22736,25.28
22737,25.62
22738,25.57
22739,25.06
22740,23.37
22741,23.43
22742,24.55
22743,25.04
22744,25.88
22745,26.67
22746,26.78
22747,26.69
22748,27.3
22749,26.68
22750,25.24
22751,24.91
22752,20.57
22753,18.03
22754,16.59
22755,13.69
22756,10.87
22757,10.75
22758,16.25
22759,20.24
22760,20.79
22761,20.93
22762,13.33
22763,14.13
22764,10.83
22765,17.02
22766,15.49
22767,13.01
22768,19.57
22769,28.66
22770,32.94
22771,34.95
22772,36.05
22773,36.07
22774,34.94
22775,31.1
22776,28
22777,25.28
22778,24.8
22779,24.86
22780,28.28
22781,35.18
22782,37.93
22783,37.85
22784,36.42
22785,34.08
22786,33.14
22787,29.03
22788,26.87
22789,27.47
22790,29.04
22791,32.65
22792,36.95
22793,42.16
22794,45.11
22795,44.9
22796,39.94
22797,35.92
22798,29.94
22799,28.09
22800,26.86
22801,25.34
22802,24.59
22803,24.64
22804,26.96
22805,31
22806,35
22807,36.51
22808,37.06
22809,36.2
22810,36.38
22811,34.74
22812,31.51
22813,29.56
22814,30.95
22815,31.33
22816,32.36
22817,33.09
22818,30.09
22819,28.77
22820,28.52
22821,26.16
22822,24.68
22823,25
22824,23.06
22825,21.12
22826,19.08
22827,19.09
22828,24.57
22829,25.87
22830,27.29
22831,32.56
22832,32.35
22833,31.49
22834,30.59
22835,27.74
22836,26.56
22837,27.09
22838,26.34
22839,26.32
22840,32.07
22841,30.73
22842,30.95
22843,29.9
22844,30.1
22845,28.68
22846,26.02
22847,27.05
22848,26
22849,25.41
22850,25.58
22851,25.39
22852,27.76
22853,33.57
22854,36.81
22855,40.88
22856,41.95
22857,41.95
22858,41.93
22859,41.63
22860,40.95
22861,39.2
22862,37.88
22863,36.24
22864,37.05
22865,38
22866,39.61
22867,35.99
22868,35.56
22869,34.78
22870,30.97
22871,28.99
22872,28.13
22873,27.03
22874,26.29
22875,26.12
22876,28.11
22877,31.79
22878,40.75
22879,46.98
22880,49.68
22881,51.18
22882,61.36
22883,52.65
22884,46.8
22885,39.09
22886,39.01
22887,36.88
22888,37.42
22889,38.08
22890,36.21
22891,34.32
22892,34.61
22893,33.36
22894,30.71
22895,25.63
22896,23.05
22897,21.23
22898,20.72
22899,19.31
22900,17.59
22901,20.37
22902,23.66
22903,24.37
22904,25.84
22905,25.56
22906,25.67
22907,25.1
22908,24.98
22909,24.96
22910,24.26
22911,24.87
22912,24.91
22913,25.42
22914,25.44
22915,25.67
22916,25.54
22917,24.02
22918,22.39
22919,23.66
22920,21.66
22921,20.42
22922,18.09
22923,13.67
22924,12.34
22925,12.16
22926,18.01
22927,21.28
22928,21.02
22929,19.69
22930,21.09
22931,19.33
22932,16.07
22933,13.24
22934,23.68
22935,10.8
22936,21.89
22937,28.39
22938,33
22939,34.98
22940,36.47
22941,35.8
22942,32
22943,28.69
22944,26.37
22945,25.24
22946,25.17
22947,25.28
22948,27.64
22949,32.9
22950,37.9
22951,39.39
22952,38.23
22953,39.12
22954,39.22
22955,39.02
22956,39.13
22957,37.8
22958,36.99
22959,34.87
22960,37.07
22961,39.64
22962,41.96
22963,38.39
22964,36.74
22965,31.57
22966,26.82
22967,23.9
22968,23.05
22969,22.07
22970,23.96
22971,23.85
22972,21.47
22973,26.23
22974,35
22975,27.96
22976,27.08
22977,27.03
22978,26.96
22979,26.93
22980,26.92
22981,26.93
22982,31.31
22983,30.42
22984,31.34
22985,35.24
22986,35.3
22987,35.36
22988,34.95
22989,29.04
22990,27.1
22991,26.66
22992,26.06
22993,25.84
22994,25.83
22995,26.05
22996,27.42
22997,34.14
22998,37.61
22999,42
23000,42.39
23001,41.93
23002,41.92
23003,40.32
23004,40.03
23005,38.47
23006,35.35
23007,37.16
23008,39.94
23009,41.93
23010,43.15
23011,41.95
23012,40.1
23013,36.02
23014,32
23015,29.82
23016,28.44
23017,26.96
23018,26.83
23019,26.96
23020,30.42
23021,33.94
23022,47.35
23023,47.32
23024,50.04
23025,50.06
23026,53.88
23027,50.36
23028,50.01
23029,38.31
23030,38.19
23031,36.26
23032,35.32
23033,37.42
23034,38.04
23035,37.45
23036,36.71
23037,31.73
23038,29.09
23039,28.5
23040,28.29
23041,27.28
23042,26.35
23043,27.7
23044,28.61
23045,33.63
23046,38.86
23047,43.29
23048,44.47
23049,48.01
23050,48.05
23051,40.96
23052,33.17
23053,31.1
23054,31.56
23055,33.89
23056,35.71
23057,37.43
23058,38.7
23059,36.99
23060,37.02
23061,34.95
23062,29.45
23063,22.22
23064,22.01
23065,24.07
23066,23.82
23067,23.52
23068,22.84
23069,23
23070,23.08
23071,24.38
23072,25.7
23073,26.07
23074,12.42
23075,7.13
23076,-0.07
23077,-4
23078,-0.22
23079,8.16
23080,11.33
23081,22.03
23082,26.63
23083,26.63
23084,27
23085,25.33
23086,20.05
23087,10.84
23088,10.1
23089,9.77
23090,9.01
23091,5.18
23092,8.51
23093,8.17
23094,23.25
23095,24.07
23096,24.72
23097,25.16
23098,25.53
23099,25.75
23100,21.48
23101,0.03
23102,-6.37
23103,0
23104,9.95
23105,24.29
23106,26.5
23107,28.5
23108,30.57
23109,29.06
23110,23.18
23111,19.55
23112,12.34
23113,10.96
23114,9.74
23115,9.96
23116,20.34
23117,29.93
23118,35.17
23119,36.8
23120,35.54
23121,33.77
23122,31.16
23123,30.96
23124,29.62
23125,27.93
23126,29.87
23127,32.06
23128,45.03
23129,39.8
23130,41.86
23131,41.01
23132,40.31
23133,36.99
23134,31.24
23135,31.98
23136,29.7
23137,29.53
23138,27.9
23139,27.78
23140,31.78
23141,37.71
23142,48.04
23143,57.35
23144,57.39
23145,59.95
23146,59.98
23147,59.92
23148,57.39
23149,57.34
23150,50.02
23151,39.04
23152,45.08
23153,44.71
23154,48.17
23155,45.07
23156,43.38
23157,38.81
23158,34.85
23159,30.97
23160,30.93
23161,30.36
23162,30.4
23163,30.07
23164,31.74
23165,39.07
23166,99.98
23167,120.01
23168,105.57
23169,100
23170,85.06
23171,79.83
23172,81.05
23173,86.01
23174,65.19
23175,49.12
23176,75.34
23177,49.03
23178,49.24
23179,44.96
23180,41.92
23181,35.96
23182,31.29
23183,29.99
23184,29.48
23185,28.1
23186,27.73
23187,28
23188,30.27
23189,36.45
23190,48.02
23191,48.39
23192,50.51
23193,54.39
23194,50.94
23195,53.87
23196,54.5
23197,49.08
23198,45.22
23199,39.73
23200,44.83
23201,42.75
23202,44.89
23203,44.55
23204,41.88
23205,36.67
23206,33.14
23207,32.63
23208,31.31
23209,30.13
23210,29.51
23211,29.94
23212,32.28
23213,38.05
23214,43.97
23215,47.41
23216,49.61
23217,41.77
23218,39.87
23219,37.92
23220,34.98
23221,33.09
23222,33.99
23223,36.04
23224,40.41
23225,42.93
23226,45.7
23227,45.4
23228,41.24
23229,37.93
23230,34.6
23231,34.75
23232,32.21
23233,31.38
23234,30.89
23235,30.61
23236,30.29
23237,30.47
23238,31.04
23239,34.82
23240,35.96
23241,35.65
23242,34.99
23243,31.52
23244,31.93
23245,31.59
23246,32.26
23247,32.17
23248,36.82
23249,39.67
23250,42
23251,42.38
23252,39.97
23253,38.44
23254,34.9
23255,34.95
23256,31.88
23257,30.01
23258,28.71
23259,29.32
23260,28.82
23261,29.67
23262,28.59
23263,29.44
23264,29.13
23265,29.33
23266,29.52
23267,29.36
23268,29.11
23269,29.08
23270,29.1
23271,29.26
23272,32.38
23273,35.2
23274,38.96
23275,42.21
23276,42.43
23277,38
23278,35.98
23279,33.54
23280,30.94
23281,30.64
23282,30.4
23283,30.42
23284,31.99
23285,41.99
23286,74.8
23287,81.98
23288,74.8
23289,74.79
23290,70.63
23291,54.09
23292,50.55
23293,46.84
23294,44.7
23295,39.75
23296,44.93
23297,46.6
23298,50
23299,47.59
23300,41.23
23301,35.87
23302,32
23303,30.17
23304,29.67
23305,29.52
23306,29.31
23307,29.38
23308,29.95
23309,35
23310,36.99
23311,37.46
23312,37.44
23313,37.41
23314,35.58
23315,31.39
23316,32.1
23317,32.49
23318,33
23319,36.86
23320,37.33
23321,37.89
23322,39.39
23323,41.24
23324,38.3
23325,34.2
23326,31.18
23327,31.19
23328,30.26
23329,29.83
23330,29.56
23331,29.6
23332,30.82
23333,36.51
23334,42
23335,44.43
23336,43.97
23337,43.39
23338,45.27
23339,42.63
23340,40.07
23341,39.5
23342,37.92
23343,37.4
23344,40.56
23345,41.37
23346,40.07
23347,39.49
23348,37.04
23349,32.48
23350,30.57
23351,30.57
23352,29.97
23353,29.75
23354,29.25
23355,29.54
23356,30.06
23357,34.15
23358,39.92
23359,43.28
23360,44.92
23361,48.43
23362,46.4
23363,44.34
23364,42.52
23365,42.41
23366,41.97
23367,40.19
23368,41.9
23369,43.08
23370,41.4
23371,42.64
23372,38.69
23373,35.36
23374,32.53
23375,32.03
23376,31.07
23377,29.89
23378,29.64
23379,29.65
23380,31.71
23381,36.04
23382,41.05
23383,45.83
23384,45.12
23385,44.9
23386,45.02
23387,44.05
23388,38.79
23389,37.17
23390,38.63
23391,38.56
23392,39.36
23393,42.2
23394,43.74
23395,43.95
23396,39.36
23397,36.21
23398,34.51
23399,32.22
23400,31.73
23401,30.06
23402,30.62
23403,30.7
23404,30.7
23405,31.1
23406,32.39
23407,35.1
23408,38
23409,38.15
23410,38.03
23411,35.37
23412,33
23413,31.78
23414,31.3
23415,31.5
23416,32.99
23417,37.25
23418,40.32
23419,40.52
23420,38.02
23421,35.65
23422,31.02
23423,32.85
23424,30.86
23425,31
23426,30.77
23427,30.62
23428,30.44
23429,30.98
23430,31.21
23431,31.06
23432,31.25
23433,31.26
23434,31.26
23435,31.45
23436,31.14
23437,31.07
23438,31.14
23439,31.22
23440,33.46
23441,34.15
23442,38.88
23443,42.27
23444,39.91
23445,38.42
23446,33.43
23447,31.03
23448,29.72
23449,29.95
23450,29.84
23451,28.09
23452,30.4
23453,39.67
23454,43.92
23455,42.95
23456,42.04
23457,38.85
23458,35.17
23459,32.36
23460,32.95
23461,33.23
23462,35.26
23463,36.6
23464,39.23
23465,42.91
23466,45.48
23467,45.71
23468,42.3
23469,38.93
23470,33.22
23471,31.92
23472,29.93
23473,30.24
23474,30.24
23475,30.03
23476,31.02
23477,36.37
23478,48.95
23479,66.84
23480,50.07
23481,41.26
23482,41.76
23483,38.49
23484,37.25
23485,36.67
23486,38.43
23487,39.05
23488,40.56
23489,43.04
23490,44.22
23491,44.97
23492,40.4
23493,37.25
23494,32.97
23495,29.47
23496,29.06
23497,29.75
23498,29.83
23499,26.42
23500,29.19
23501,36.32
23502,47.19
23503,57.91
23504,60.1
23505,63.35
23506,50.07
23507,35.92
23508,33.52
23509,31
23510,30.69
23511,30.6
23512,30.58
23513,29.65
23514,33.81
23515,35.96
23516,30.96
23517,29.67
23518,22.07
23519,21.54
23520,14.96
23521,13.12
23522,25.09
23523,16.99
23524,22.01
23525,34.63
23526,40.68
23527,35.33
23528,35.28
23529,37.48
23530,38.98
23531,37.41
23532,36.8
23533,36.11
23534,36.73
23535,37.71
23536,40.37
23537,42.67
23538,45.22
23539,45.99
23540,41.02
23541,38.78
23542,33.99
23543,29.92
23544,27.01
23545,29.06
23546,29.02
23547,29
23548,22.24
23549,32.96
23550,35.93
23551,35.14
23552,31.02
23553,29.91
23554,29.78
23555,29.72
23556,29.68
23557,29.66
23558,29.49
23559,29.85
23560,30.36
23561,33.98
23562,35.97
23563,37.31
23564,33.02
23565,30.86
23566,28.87
23567,29.51
23568,29.34
23569,29.02
23570,28.88
23571,28.65
23572,28.77
23573,28.67
23574,29.93
23575,34.1
23576,37.08
23577,37.17
23578,38.68
23579,36.26
23580,33.1
23581,29.88
23582,30.85
23583,32.87
23584,34.54
23585,36.21
23586,39.08
23587,41.53
23588,38.99
23589,38.94
23590,36.81
23591,31.06
23592,29.56
23593,28.23
23594,27.1
23595,27.05
23596,27.05
23597,26.87
23598,26.14
23599,29.89
23600,30.28
23601,29.8
23602,29.42
23603,25.31
23604,27.23
23605,27.3
23606,26.88
23607,27.28
23608,28.04
23609,27.03
23610,30.63
23611,29.7
23612,27.03
23613,18.05
23614,9.4
23615,0.43
23616,0
23617,-0.07
23618,-2.32
23619,-2.77
23620,4.23
23621,23.29
23622,32.9
23623,29.59
23624,29.72
23625,29.77
23626,29.75
23627,30.07
23628,28.46
23629,29.12
23630,28.51
23631,27.52
23632,30.63
23633,29.53
23634,29.48
23635,34.69
23636,30.04
23637,19.93
23638,9.36
23639,10.75
23640,9.03
23641,6.49
23642,5.33
23643,8.71
23644,14.9
23645,34.54
23646,36.47
23647,30.5
23648,30.42
23649,30.32
23650,30.16
23651,30.04
23652,30.49
23653,28.58
23654,29.62
23655,30.05
23656,30.2
23657,30.13
23658,30.2
23659,30.3
23660,30.24
23661,30.27
23662,28.1
23663,19.02
23664,12.08
23665,19.37
23666,10.55
23667,8.6
23668,21.95
23669,23.01
23670,35.27
23671,30.21
23672,30.04
23673,29.33
23674,28.98
23675,28.89
23676,28.9
23677,29.25
23678,29.43
23679,29.92
23680,34.98
23681,23.18
23682,28.21
23683,28.65
23684,12.06
23685,10.67
23686,8.6
23687,27.02
23688,26.56
23689,25.98
23690,26.57
23691,27.61
23692,20.62
23693,31.52
23694,35.47
23695,36.98
23696,35.03
23697,34.46
23698,34.37
23699,30.55
23700,29.73
23701,29.94
23702,29.51
23703,27.94
23704,32.14
23705,34.91
23706,34.45
23707,35.3
23708,34.45
23709,26.66
23710,19.03
23711,27.8
23712,27.09
23713,26.93
23714,22.81
23715,22.07
23716,29.6
23717,35.01
23718,34.18
23719,33.73
23720,33.79
23721,35.01
23722,35.03
23723,35.09
23724,33.05
23725,35.52
23726,35.14
23727,35.31
23728,40.66
23729,45.47
23730,48
23731,47.95
23732,42.05
23733,37.91
23734,31.4
23735,33.95
23736,32
23737,31.57
23738,31.01
23739,30.82
23740,31.44
23741,31.94
23742,34.7
23743,40.38
23744,40.92
23745,40.63
23746,35.45
23747,37.93
23748,35.29
23749,32.99
23750,33.9
23751,35.5
23752,40.03
23753,44.64
23754,48.01
23755,46.7
23756,43.54
23757,40.33
23758,35.01
23759,32.27
23760,30.4
23761,30.06
23762,29.43
23763,29.18
23764,29.38
23765,29.98
23766,30.09
23767,32.04
23768,32.59
23769,32.16
23770,32.65
23771,32.05
23772,30.31
23773,30.4
23774,30.36
23775,30.05
23776,32.15
23777,41
23778,45.09
23779,46.95
23780,42.38
23781,38.27
23782,33.09
23783,32.77
23784,32.08
23785,32.1
23786,31.42
23787,32
23788,32.6
23789,43.89
23790,51.06
23791,53.23
23792,51.71
23793,51.59
23794,45.04
23795,41.09
23796,37.91
23797,36.09
23798,41.88
23799,43.92
23800,45.61
23801,49.41
23802,52.89
23803,53.14
23804,44.58
23805,37.52
23806,33.2
23807,31.14
23808,30.48
23809,29.74
23810,29.7
23811,30.08
23812,31.5
23813,37.15
23814,45.05
23815,48.1
23816,47.25
23817,45.89
23818,41.83
23819,39.78
23820,36.62
23821,37.56
23822,37.52
23823,38.94
23824,42.54
23825,44.79
23826,50.01
23827,45.07
23828,39.89
23829,36.08
23830,32.27
23831,29.97
23832,29.49
23833,28.74
23834,28.67
23835,26.56
23836,31.05
23837,38.28
23838,45.33
23839,47.93
23840,44.99
23841,46.84
23842,44.08
23843,37
23844,37.07
23845,37.51
23846,36.41
23847,40
23848,43.94
23849,45.43
23850,52.02
23851,44.49
23852,39.84
23853,35.52
23854,32.82
23855,31.23
23856,30.41
23857,29.66
23858,29.49
23859,29.98
23860,32.11
23861,38.87
23862,45.1
23863,50.97
23864,47.03
23865,43.47
23866,41.06
23867,40.48
23868,39.29
23869,38.06
23870,38.67
23871,39.34
23872,41.11
23873,41.39
23874,46.56
23875,38.47
23876,36.97
23877,32.5
23878,30.73
23879,30.64
23880,30.2
23881,29.43
23882,29.44
23883,30.21
23884,31.9
23885,38.39
23886,44.05
23887,49.8
23888,49.71
23889,47.17
23890,45.34
23891,40.34
23892,38.07
23893,36.58
23894,36.57
23895,37.31
23896,43.27
23897,45.92
23898,48.92
23899,47.21
23900,43.3
23901,39.51
23902,37.95
23903,34.67
23904,31.99
23905,31.94
23906,31.91
23907,31.43
23908,31.81
23909,33.4
23910,39.03
23911,41.54
23912,42.93
23913,41.91
23914,39.9
23915,31.91
23916,32.17
23917,32.12
23918,32
23919,32.77
23920,37.22
23921,42.44
23922,45.2
23923,44.93
23924,39.08
23925,35.79
23926,31.72
23927,31.76
23928,30.51
23929,31.03
23930,30.77
23931,30.55
23932,31.06
23933,31.82
23934,32.09
23935,34.9
23936,35.57
23937,35.25
23938,35.61
23939,35.21
23940,32.71
23941,31.52
23942,31.37
23943,31.62
23944,35.34
23945,42.39
23946,46.94
23947,44.99
23948,36.82
23949,31.76
23950,29.99
23951,29.56
23952,29.26
23953,29.12
23954,29.28
23955,29.52
23956,31.78
23957,41.67
23958,35.98
23959,36.75
23960,36.2
23961,35.89
23962,34.97
23963,34.65
23964,34.54
23965,33.84
23966,33.9
23967,34.7
23968,35.38
23969,35.91
23970,35.98
23971,34.3
23972,32.96
23973,30.65
23974,29.61
23975,29.74
23976,29.08
23977,29.02
23978,29.09
23979,29.76
23980,32.14
23981,35.36
23982,38.01
23983,38.91
23984,37.97
23985,36.08
23986,35.77
23987,36.09
23988,35.13
23989,34.83
23990,35.9
23991,38.09
23992,40.02
23993,44.94
23994,38.94
23995,36.06
23996,33.77
23997,31.9
23998,29.72
23999,30.91
24000,30.04
24001,29.98
24002,30.08
24003,31.09
24004,33.41
24005,39.66
24006,45.47
24007,51.12
24008,48.05
24009,43.08
24010,41.16
24011,34.43
24012,34.9
24013,34.42
24014,35.96
24015,36.49
24016,37.8
24017,35.68
24018,35.92
24019,34.29
24020,30.7
24021,30.54
24022,29.13
24023,29.32
24024,29.13
24025,29
24026,29.1
24027,29.54
24028,31.67
24029,33.96
24030,34.61
24031,34.68
24032,33.73
24033,33.59
24034,30.45
24035,30.33
24036,30.36
24037,30.39
24038,33.57
24039,33.59
24040,33.78
24041,35.41
24042,35.33
24043,34.05
24044,33.61
24045,31.48
24046,29.78
24047,29.93
24048,29.95
24049,29.65
24050,29.79
24051,30.97
24052,31.91
24053,34.59
24054,34.47
24055,35.09
24056,34.73
24057,34.59
24058,33.65
24059,32.68
24060,30.57
24061,30.56
24062,29.82
24063,30.57
24064,31.89
24065,32.11
24066,30.56
24067,29.73
24068,29.21
24069,28.29
24070,27.93
24071,13.18
24072,21.79
24073,21.32
24074,21.31
24075,21.6
24076,23.71
24077,25.18
24078,28.47
24079,28.96
24080,30.57
24081,31.52
24082,30.87
24083,29.68
24084,29.61
24085,29.62
24086,33
24087,37.52
24088,41.77
24089,45.06
24090,48.25
24091,45.01
24092,37.49
24093,32.18
24094,27.74
24095,-15.08
24096,0.11
24097,19.05
24098,22.15
24099,22.9
24100,23.1
24101,25.66
24102,27.4
24103,32.71
24104,38.11
24105,38.39
24106,38.58
24107,38.29
24108,29.68
24109,26.09
24110,26.64
24111,27.84
24112,29.48
24113,30.12
24114,30.06
24115,27.81
24116,27.07
24117,24.93
24118,13.94
24119,18.64
24120,12.9
24121,5.72
24122,0.34
24123,2.9
24124,9.37
24125,13.98
24126,21.32
24127,21.38
24128,21.8
24129,25.23
24130,25.29
24131,22.1
24132,16.3
24133,14.6
24134,19.3
24135,19.9
24136,31.29
24137,28.62
24138,28.62
24139,29.28
24140,22.68
24141,15.18
24142,9.39
24143,13.26
24144,13.95
24145,12.31
24146,15.09
24147,19.51
24148,21.58
24149,28.28
24150,30.16
24151,28.74
24152,28.34
24153,27.92
24154,29.71
24155,24.87
24156,17.91
24157,11.09
24158,12.47
24159,16.63
24160,27.62
24161,27.24
24162,27.33
24163,27.24
24164,27.12
24165,26.47
24166,21.77
24167,9.74
24168,9.29
24169,9.91
24170,9.92
24171,13.97
24172,16.6
24173,29.02
24174,33
24175,33.56
24176,33.24
24177,33.36
24178,31.17
24179,22.8
24180,19.96
24181,22.77
24182,25
24183,25.06
24184,31.86
24185,33.8
24186,35.06
24187,30.26
24188,22.1
24189,20.62
24190,0.49
24191,4.09
24192,2.09
24193,1.8
24194,8.91
24195,12.46
24196,16.98
24197,31.31
24198,35.84
24199,41.92
24200,36.22
24201,36.31
24202,34.06
24203,28.68
24204,26.81
24205,25.57
24206,23.9
24207,23.48
24208,24.35
24209,25
24210,29.96
24211,26.08
24212,27.96
24213,10.84
24214,11.81
24215,0.95
24216,9.91
24217,23.5
24218,23.99
24219,24.51
24220,10.78
24221,31.08
24222,37.87
24223,34.94
24224,33.98
24225,32.95
24226,32.95
24227,32.13
24228,30.35
24229,29.45
24230,29.28
24231,31.63
24232,34.68
24233,35.54
24234,33.63
24235,31.15
24236,28.24
24237,27.91
24238,26.87
24239,13.85
24240,11.85
24241,10.72
24242,11.04
24243,9
24244,8.94
24245,10.94
24246,12.21
24247,24.92
24248,17.39
24249,10.77
24250,27.02
24251,27.07
24252,27.22
24253,27.12
24254,27.3
24255,27.24
24256,27.5
24257,27.81
24258,27.87
24259,27.5
24260,27.21
24261,26.97
24262,2.91
24263,27.37
24264,26.95
24265,26.49
24266,26.32
24267,26.37
24268,26.39
24269,26.37
24270,26.65
24271,27.97
24272,29.67
24273,32.48
24274,33.2
24275,30.21
24276,28.03
24277,27.4
24278,22.34
24279,27.44
24280,32.46
24281,39.74
24282,40.09
24283,32.99
24284,30.36
24285,29.4
24286,28.69
24287,29.36
24288,29.2
24289,29.13
24290,29.15
24291,29.28
24292,30.79
24293,38.17
24294,51.39
24295,54.75
24296,51.14
24297,51.14
24298,47.12
24299,41.21
24300,39.94
24301,40.06
24302,41.41
24303,43.79
24304,50.52
24305,59.83
24306,62.01
24307,46.36
24308,38.58
24309,37.22
24310,32.93
24311,29.85
24312,29.7
24313,29.7
24314,29.72
24315,30.01
24316,31.51
24317,37.78
24318,48.85
24319,56.94
24320,55.61
24321,43.07
24322,42.36
24323,40
24324,38.3
24325,37.24
24326,35.89
24327,35.37
24328,36.82
24329,39.8
24330,38.07
24331,35.46
24332,33.03
24333,30.51
24334,22.76
24335,27.28
24336,26.76
24337,26.68
24338,25.87
24339,27.05
24340,29.83
24341,38.93
24342,47
24343,49.93
24344,43.81
24345,41
24346,38.91
24347,31.89
24348,31.81
24349,30.54
24350,29.61
24351,29.59
24352,29.64
24353,29.6
24354,29.42
24355,30.28
24356,31.93
24357,29.58
24358,22.09
24359,13.32
24360,12.66
24361,12.67
24362,9.7
24363,10.28
24364,11.17
24365,28.04
24366,38.09
24367,36.47
24368,30.54
24369,21.49
24370,17.52
24371,12.78
24372,13.54
24373,15.12
24374,21.62
24375,26.04
24376,34.93
24377,29.37
24378,29.48
24379,29.23
24380,28.83
24381,27.87
24382,27.38
24383,26.66
24384,26.34
24385,26.56
24386,26.99
24387,27.84
24388,28.56
24389,31.14
24390,37.32
24391,49.07
24392,45.38
24393,43.05
24394,44.4
24395,37.83
24396,33.49
24397,29.64
24398,28.86
24399,29.02
24400,29.36
24401,29.96
24402,29.38
24403,28.76
24404,28.2
24405,27.7
24406,26.8
24407,26.76
24408,25.92
24409,25.4
24410,25.33
24411,25.54
24412,26.1
24413,26.5
24414,26.65
24415,27.27
24416,32.25
24417,28.04
24418,22.86
24419,26.07
24420,12.67
24421,13.31
24422,26.42
24423,31.44
24424,40.02
24425,28.75
24426,28.48
24427,27.9
24428,27.5
24429,26.91
24430,26.01
24431,25.72
24432,25.07
24433,25.08
24434,25.34
24435,25.99
24436,26.05
24437,25.54
24438,35.9
24439,34.22
24440,33.24
24441,31.58
24442,30.97
24443,22.77
24444,17.07
24445,22.44
24446,26.63
24447,28.03
24448,31.25
24449,28.86
24450,28.77
24451,27.77
24452,26.86
24453,29.09
24454,18.4
24455,22.99
24456,21.26
24457,21.86
24458,21.79
24459,22.93
24460,16.5
24461,37.65
24462,28.62
24463,37.83
24464,37.69
24465,36.89
24466,33.16
24467,28.56
24468,31.68
24469,37.91
24470,30.82
24471,39.91
24472,50.9
24473,63.47
24474,40.95
24475,37.91
24476,28.02
24477,27.12
24478,26.1
24479,0.12
24480,25.06
24481,24.59
24482,24.52
24483,25.22
24484,26.24
24485,27.82
24486,28.61
24487,28.81
24488,28.47
24489,28.35
24490,28.24
24491,28.1
24492,28.05
24493,28.03
24494,28.01
24495,28
24496,28.09
24497,28.2
24498,28.43
24499,28.03
24500,27.23
24501,26.24
24502,25.19
24503,25.39
24504,22.23
24505,21.39
24506,21.57
24507,21.82
24508,9.92
24509,38.68
24510,40.25
24511,37.64
24512,56.39
24513,64.42
24514,63.08
24515,47.93
24516,45.97
24517,46.07
24518,55.84
24519,62.65
24520,65.66
24521,73.41
24522,83.02
24523,63.47
24524,50.02
24525,40.45
24526,36.94
24527,34.28
24528,34.26
24529,33.59
24530,27.97
24531,28.28
24532,29.11
24533,39.74
24534,59.97
24535,68.54
24536,66.99
24537,60.58
24538,49.97
24539,46.57
24540,41.55
24541,40.53
24542,42.58
24543,43.92
24544,46.1
24545,45.32
24546,37.76
24547,30.8
24548,29.13
24549,28.46
24550,27.82
24551,28.68
24552,28.29
24553,28.05
24554,28.02
24555,28.34
24556,28.78
24557,35.74
24558,44.56
24559,50.05
24560,44.59
24561,42.11
24562,40.29
24563,37.59
24564,33.06
24565,32.1
24566,31.04
24567,30.3
24568,32.38
24569,34.02
24570,31.27
24571,29.25
24572,28.81
24573,28.48
24574,27.94
24575,29.07
24576,28.81
24577,28.55
24578,28.43
24579,28.41
24580,28.99
24581,29.01
24582,28.78
24583,29.1
24584,29.41
24585,29.83
24586,29.62
24587,29.33
24588,29.17
24589,29.09
24590,29.08
24591,29.22
24592,30.44
24593,30.91
24594,29.57
24595,29.1
24596,28.59
24597,27.5
24598,26.03
24599,27.9
24600,27.43
24601,27.07
24602,27.06
24603,27
24604,27.03
24605,27.58
24606,27.85
24607,28.4
24608,28.69
24609,28.88
24610,28.87
24611,28.73
24612,28.92
24613,25.57
24614,23.39
24615,28.65
24616,34.45
24617,37.02
24618,35.01
24619,30.21
24620,29.98
24621,29.86
24622,29.05
24623,28.61
24624,27.86
24625,27.08
24626,24.89
24627,22.22
24628,29.6
24629,38.28
24630,44.33
24631,47.63
24632,39.47
24633,39.69
24634,38.14
24635,36.5
24636,36.47
24637,35.35
24638,33.39
24639,33.47
24640,38.11
24641,40.21
24642,37.63
24643,34.52
24644,35.47
24645,30
24646,29.57
24647,29.58
24648,29.35
24649,28.9
24650,28.82
24651,28.97
24652,29.52
24653,30.03
24654,31.64
24655,32.32
24656,31.94
24657,31.36
24658,31.01
24659,30.85
24660,30.78
24661,30.7
24662,30.78
24663,30.73
24664,30.99
24665,30.94
24666,30.75
24667,30.28
24668,29.74
24669,28.91
24670,27.02
24671,15.78
24672,15.05
24673,12.79
24674,13.99
24675,17.03
24676,26.35
24677,34.67
24678,38.99
24679,37.57
24680,30.69
24681,30.39
24682,30.09
24683,29.79
24684,29.66
24685,29.87
24686,29.84
24687,30.01
24688,30.62
24689,31.11
24690,30.58
24691,29.91
24692,29.43
24693,28.22
24694,27.1
24695,26.16
24696,25.05
24697,24.95
24698,25.43
24699,26.39
24700,28.44
24701,29.49
24702,31.51
24703,32.79
24704,31.67
24705,30.58
24706,30.16
24707,29.88
24708,29.85
24709,29.77
24710,29.76
24711,29.79
24712,30.8
24713,31.47
24714,30.3
24715,29.83
24716,29.47
24717,29.01
24718,27.52
24719,22.48
24720,21.71
24721,12.9
24722,12.81
24723,19.04
24724,24.01
24725,32
24726,35.91
24727,32.1
24728,31.34
24729,33.67
24730,32.72
24731,28.51
24732,25.97
24733,27.09
24734,26.99
24735,29.29
24736,29.42
24737,29.3
24738,29.02
24739,28.02
24740,26.94
24741,25.8
24742,19.17
24743,16.04
24744,9.41
24745,0.03
24746,-9.69
24747,-13.02
24748,-15.01
24749,-9.6
24750,0.12
24751,0.12
24752,5.41
24753,0.27
24754,0.11
24755,-0.1
24756,-13.38
24757,-15.03
24758,-13.33
24759,-4.02
24760,0.08
24761,7.56
24762,8.89
24763,0.23
24764,-12.15
24765,-12.19
24766,-15.01
24767,-15.09
24768,-24.62
24769,-24.62
24770,-21.06
24771,-20.99
24772,-17.08
24773,-15.07
24774,-12.2
24775,-12.14
24776,0.07
24777,0.13
24778,5.47
24779,0.1
24780,0.07
24781,0.06
24782,0.11
24783,0.12
24784,25.53
24785,27.13
24786,27.62
24787,29.77
24788,23.3
24789,17
24790,12.44
24791,0.05
24792,0.75
24793,0.01
24794,0.08
24795,4.05
24796,2.95
24797,18.09
24798,28.42
24799,36.43
24800,33.48
24801,30.38
24802,29.74
24803,29.46
24804,29.7
24805,29.98
24806,34.89
24807,34.56
24808,34.72
24809,44.62
24810,39.42
24811,39.22
24812,38.37
24813,29.68
24814,29.26
24815,28.52
24816,28.8
24817,28.63
24818,28.6
24819,28.39
24820,28.89
24821,32.24
24822,38.12
24823,37.9
24824,41.09
24825,39.92
24826,37.98
24827,39.97
24828,36.95
24829,34.14
24830,35.65
24831,38.88
24832,41.05
24833,46.92
24834,47.36
24835,44.31
24836,39
24837,37.1
24838,34.98
24839,28.88
24840,26.91
24841,23.06
24842,22.27
24843,22.97
24844,26.66
24845,27.03
24846,29.07
24847,31
24848,32.59
24849,31.26
24850,30.97
24851,30.13
24852,29.79
24853,29.06
24854,29.18
24855,29.35
24856,29.55
24857,29.82
24858,29.73
24859,29.25
24860,28.48
24861,27.4
24862,27.02
24863,18.97
24864,20.18
24865,12.62
24866,12.61
24867,10.96
24868,14.04
24869,25.97
24870,31.65
24871,35.21
24872,29.3
24873,29.14
24874,29.1
24875,28.92
24876,28.86
24877,28.82
24878,28.87
24879,28.9
24880,29.82
24881,42.46
24882,51.92
24883,47.5
24884,42.74
24885,42.06
24886,36.12
24887,35.45
24888,36.07
24889,36.09
24890,36.13
24891,36.09
24892,38.24
24893,39.47
24894,46.33
24895,60.42
24896,61.05
24897,57.34
24898,39.02
24899,38.64
24900,34.92
24901,36.36
24902,29.1
24903,36.49
24904,38.61
24905,39.95
24906,39.15
24907,38.37
24908,28.56
24909,28.73
24910,28.06
24911,27.15
24912,26.96
24913,26.56
24914,26.24
24915,26.41
24916,26.75
24917,27.05
24918,27.99
24919,28.1
24920,28.15
24921,28.47
24922,28.71
24923,28.67
24924,28.56
24925,28.42
24926,28.44
24927,28.43
24928,28.83
24929,29.21
24930,29.16
24931,28.79
24932,28.54
24933,26.77
24934,26.53
24935,20.65
24936,13.2
24937,13.2
24938,14.64
24939,11.68
24940,13.93
24941,20.01
24942,21.87
24943,24.6
24944,31.47
24945,33.24
24946,28.79
24947,28.82
24948,28.62
24949,28.58
24950,28.62
24951,28.85
24952,35
24953,40.54
24954,41.74
24955,39.21
24956,39.69
24957,28.74
24958,28.39
24959,28.05
24960,27.82
24961,27.16
24962,26.98
24963,26.94
24964,27.42
24965,28.25
24966,29.29
24967,39
24968,38.56
24969,38.46
24970,39.43
24971,34.39
24972,30.31
24973,33.11
24974,39.14
24975,40.02
24976,55.31
24977,76.4
24978,66.59
24979,66.57
24980,54.37
24981,39.63
24982,38.86
24983,37.1
24984,28.41
24985,28.02
24986,27.88
24987,27.93
24988,28.34
24989,29.15
24990,29.92
24991,39.17
24992,39.12
24993,34.07
24994,31.91
24995,31.77
24996,31.87
24997,31.6
24998,31.55
24999,31.54
25000,35.84
25001,39.71
25002,37.99
25003,35.05
25004,30.57
25005,29.88
25006,28.99
25007,28.23
25008,28.79
25009,28.52
25010,28.45
25011,28.51
25012,35.53
25013,36.15
25014,45.26
25015,75.76
25016,79.28
25017,77.07
25018,62.7
25019,64.01
25020,63.96
25021,64.03
25022,66.88
25023,60.87
25024,82.52
25025,111.4
25026,66.89
25027,79.41
25028,58.22
25029,51.25
25030,38.91
25031,28.76
25032,38.61
25033,36.19
25034,28.61
25035,28.27
25036,28.19
25037,28.99
25038,30.22
25039,30.73
25040,30.77
25041,30.35
25042,30.06
25043,29.74
25044,29.6
25045,29.6
25046,29.77
25047,30.03
25048,30.32
25049,30.59
25050,30.52
25051,30.02
25052,29.41
25053,28.91
25054,28.12
25055,26.26
25056,26.41
25057,25.35
25058,25.96
25059,26.65
25060,27.1
25061,28.85
25062,30.28
25063,30.95
25064,31.16
25065,30.91
25066,30.85
25067,30.69
25068,30.57
25069,30.41
25070,30.16
25071,30.12
25072,30.52
25073,30.84
25074,30.72
25075,30.31
25076,29.39
25077,22.26
25078,15.51
25079,11.46
25080,9.2
25081,2.03
25082,0.08
25083,6.47
25084,11.27
25085,12.59
25086,9.63
25087,13.55
25088,20.1
25089,24.66
25090,21.47
25091,18.9
25092,21.03
25093,22.86
25094,28.2
25095,29.78
25096,30.7
25097,31.17
25098,30.9
25099,30.36
25100,29.9
25101,29.74
25102,29.48
25103,28.29
25104,14.07
25105,15.99
25106,13.8
25107,13.53
25108,15.25
25109,21.86
25110,22.52
25111,27.06
25112,30.94
25113,30.58
25114,30.93
25115,31.06
25116,30.92
25117,34.76
25118,34.73
25119,30.99
25120,39.84
25121,50.07
25122,43
25123,37.3
25124,30.94
25125,30.69
25126,30.25
25127,29.73
25128,29.85
25129,29.68
25130,29.64
25131,29.66
25132,29.79
25133,30.92
25134,40.6
25135,39.42
25136,49.47
25137,42.78
25138,44.73
25139,45.49
25140,41.48
25141,48.08
25142,49.59
25143,48.14
25144,53.38
25145,68.63
25146,61.89
25147,41.52
25148,52.87
25149,39.47
25150,31.04
25151,30.38
25152,30.87
25153,30.62
25154,30.39
25155,30.13
25156,30.39
25157,31.07
25158,32.37
25159,33.53
25160,34.2
25161,33.11
25162,32.67
25163,32.32
25164,32.13
25165,31.98
25166,32.04
25167,32
25168,32.52
25169,33.05
25170,32.77
25171,32.38
25172,31.81
25173,31.44
25174,30.66
25175,29.74
25176,29.89
25177,29.54
25178,29.46
25179,29.43
25180,29.67
25181,30.54
25182,31.47
25183,33.69
25184,32.48
25185,31.95
25186,31.63
25187,31.48
25188,31.47
25189,31.57
25190,31.53
25191,37.66
25192,53.01
25193,65.66
25194,65.63
25195,64.41
25196,52.96
25197,39.84
25198,38.15
25199,37.83
25200,37.04
25201,29.54
25202,29.35
25203,29.28
25204,29.86
25205,30.51
25206,31.3
25207,39.3
25208,35.73
25209,32.86
25210,32.6
25211,32.01
25212,31.87
25213,31.37
25214,31.08
25215,31.04
25216,31.02
25217,31.08
25218,30.84
25219,30.37
25220,29.82
25221,29.42
25222,28.63
25223,27.56
25224,27.82
25225,27.28
25226,27.04
25227,27.02
25228,27.78
25229,28.49
25230,29.74
25231,30.75
25232,30.91
25233,30.59
25234,30.2
25235,29.97
25236,29.93
25237,29.96
25238,29.97
25239,29.99
25240,30.32
25241,30.63
25242,30.36
25243,29.74
25244,28.97
25245,28.52
25246,27.93
25247,27.53
25248,27.11
25249,23.56
25250,20.04
25251,17.63
25252,13.33
25253,12.87
25254,16.12
25255,19.38
25256,27.97
25257,28.61
25258,28.08
25259,20.54
25260,18.19
25261,13.01
25262,18.46
25263,24.84
25264,28.33
25265,29.77
25266,29.7
25267,24.03
25268,13.06
25269,12.69
25270,11.38
25271,0.41
25272,0.37
25273,4.33
25274,2.91
25275,2.17
25276,2.14
25277,0.03
25278,-0.03
25279,0.04
25280,5.08
25281,23.49
25282,25.05
25283,28.67
25284,28.61
25285,28.45
25286,28.76
25287,29.21
25288,29.7
25289,30.33
25290,30.4
25291,29.95
25292,29.62
25293,29.39
25294,29.2
25295,28.7
25296,28.66
25297,28.13
25298,28.2
25299,28.48
25300,21.89
25301,23.81
25302,39.94
25303,41.99
25304,43.92
25305,43.91
25306,43.68
25307,43.94
25308,44.36
25309,49.05
25310,53.46
25311,50.99
25312,59.3
25313,66.02
25314,53.38
25315,47.93
25316,43.95
25317,38.63
25318,38.76
25319,33.55
25320,36.03
25321,35.46
25322,35.63
25323,35.73
25324,35.42
25325,37.92
25326,46.51
25327,67.86
25328,72.63
25329,54.99
25330,54.26
25331,64.03
25332,55.27
25333,64.91
25334,62.65
25335,62.65
25336,62.65
25337,68.05
25338,57.46
25339,43.99
25340,35.42
25341,32.64
25342,31.31
25343,29.69
25344,27.15
25345,15.7
25346,10.7
25347,10.96
25348,10.75
25349,20.24
25350,29.92
25351,37.37
25352,35.72
25353,32.49
25354,31.98
25355,31.8
25356,31.03
25357,31.3
25358,32.56
25359,33.44
25360,34.16
25361,34
25362,31.85
25363,31.04
25364,30.03
25365,29.74
25366,28.66
25367,20.6
25368,9.67
25369,9.96
25370,4.03
25371,5.7
25372,9.46
25373,12.77
25374,17.1
25375,31.05
25376,31.09
25377,29.96
25378,24.03
25379,16.24
25380,12.75
25381,16.63
25382,26.23
25383,30.02
25384,30.75
25385,30.88
25386,30.21
25387,29.69
25388,28.81
25389,28.64
25390,27.41
25391,24.05
25392,26.93
25393,27.08
25394,27.37
25395,27.1
25396,28.22
25397,29.55
25398,31.24
25399,32.88
25400,48
25401,46.92
25402,45.43
25403,46.5
25404,39.57
25405,41.13
25406,43.13
25407,44.49
25408,46.94
25409,53.97
25410,56.24
25411,45.08
25412,31.6
25413,31.18
25414,30.18
25415,29.34
25416,29.99
25417,29.54
25418,29.37
25419,29.31
25420,29.52
25421,29.75
25422,29.95
25423,30.17
25424,30.17
25425,30.63
25426,31.11
25427,31.12
25428,30.93
25429,30.78
25430,30.72
25431,31.26
25432,32.14
25433,32.49
25434,32.08
25435,30.97
25436,30.7
25437,30.18
25438,30.06
25439,27.58
25440,19.21
25441,12.59
25442,11.56
25443,11.45
25444,15.74
25445,12.85
25446,17.11
25447,28.11
25448,28.21
25449,28.49
25450,29.03
25451,29.06
25452,29.04
25453,28.5
25454,21.43
25455,25.41
25456,29.73
25457,30.06
25458,29.79
25459,29.51
25460,29.07
25461,29.01
25462,28.37
25463,21.94
25464,11.47
25465,14.95
25466,17.06
25467,13.06
25468,10.02
25469,20.96
25470,40.1
25471,36.12
25472,39.1
25473,35.57
25474,34.06
25475,34.73
25476,31.1
25477,32.38
25478,33.33
25479,34.82
25480,35.7
25481,40.32
25482,36.7
25483,35.26
25484,34.38
25485,30.93
25486,30
25487,28.63
25488,28.74
25489,28.47
25490,28.27
25491,28.08
25492,28.55
25493,24.7
25494,34.01
25495,40.13
25496,37.78
25497,36.39
25498,35.84
25499,36.05
25500,39.91
25501,43.99
25502,43.4
25503,47.08
25504,51.97
25505,58.27
25506,48.02
25507,36.83
25508,34.98
25509,33.58
25510,32.22
25511,30.82
25512,30.48
25513,30.04
25514,29.8
25515,30.21
25516,31.13
25517,33.05
25518,35.35
25519,56.71
25520,68.83
25521,53.26
25522,49.37
25523,44.75
25524,46.91
25525,44.74
25526,48.1
25527,64.83
25528,94.67
25529,114.7
25530,68.84
25531,41.07
25532,37.84
25533,35.87
25534,33.36
25535,32
25536,31.73
25537,30.84
25538,30.65
25539,30.86
25540,31.96
25541,33.14
25542,37.29
25543,54.94
25544,70.41
25545,53.22
25546,49.16
25547,44.39
25548,49.02
25549,50.04
25550,49.7
25551,59.97
25552,68.65
25553,61.64
25554,48.67
25555,39.59
25556,35.72
25557,34.38
25558,32.88
25559,30.92
25560,31.24
25561,30.02
25562,29.76
25563,29.77
25564,30.4
25565,31.83
25566,35.57
25567,45.12
25568,50.85
25569,53.29
25570,47.02
25571,47.51
25572,47.36
25573,41.51
25574,40.9
25575,37.89
25576,41.52
25577,65.7
25578,61.87
25579,48.29
25580,41.43
25581,41.43
25582,37.96
25583,34.68
25584,31.47
25585,30.56
25586,29.92
25587,29.8
25588,29.83
25589,30.32
25590,30.8
25591,30.95
25592,30.93
25593,31.54
25594,31.88
25595,31.65
25596,31.11
25597,30.74
25598,30.71
25599,31.05
25600,31.67
25601,31.9
25602,31.23
25603,30.02
25604,29.43
25605,28.82
25606,28.35
25607,27.73
25608,28.12
25609,27.69
25610,28
25611,27.5
25612,27.74
25613,27.96
25614,28.01
25615,27.72
25616,28.35
25617,28.77
25618,29.25
25619,29.57
25620,29.72
25621,29.61
25622,29.72
25623,30.2
25624,30.92
25625,31.31
25626,31.05
25627,30.64
25628,30.22
25629,30.17
25630,29.42
25631,28.25
25632,12.05
25633,17.69
25634,15.31
25635,12.75
25636,17.18
25637,25.05
25638,33.19
25639,38.56
25640,41.88
25641,38.29
25642,37.06
25643,37.54
25644,36.36
25645,35.92
25646,34.85
25647,37.28
25648,44.79
25649,51.04
25650,44.86
25651,35.89
25652,34.16
25653,33.66
25654,32.49
25655,30.03
25656,19.98
25657,28.01
25658,26.88
25659,27.93
25660,28.23
25661,29.99
25662,31.73
25663,33.77
25664,33.88
25665,33.05
25666,32.43
25667,31.9
25668,31.57
25669,30.95
25670,30.91
25671,31.45
25672,31.96
25673,32.18
25674,31.8
25675,30.97
25676,29.98
25677,29.22
25678,28.06
25679,13.45
25680,14.34
25681,12.34
25682,9.71
25683,12.7
25684,14.04
25685,13.27
25686,29.57
25687,32.48
25688,33.3
25689,32.84
25690,32.43
25691,32.65
25692,32.44
25693,32.22
25694,32.58
25695,33.03
25696,34.8
25697,35.36
25698,34.96
25699,33.49
25700,32.35
25701,31.75
25702,30
25703,27.95
25704,27.38
25705,26.82
25706,26.57
25707,26.51
25708,26.83
25709,27.46
25710,28.46
25711,30.2
25712,30.74
25713,30.12
25714,29.84
25715,29.44
25716,29.11
25717,29.02
25718,28.96
25719,29.05
25720,29.48
25721,29.7
25722,29.56
25723,28.81
25724,27.82
25725,27.5
25726,26.42
25727,22.61
25728,13.45
25729,12.2
25730,10.5
25731,18.93
25732,24.56
25733,23.05
25734,28.63
25735,30.34
25736,30.7
25737,30.15
25738,29.93
25739,29.72
25740,29.3
25741,29.09
25742,29.03
25743,29.22
25744,29.73
25745,29.82
25746,29.54
25747,28.88
25748,28.21
25749,27.81
25750,23.1
25751,9.29
25752,15.03
25753,12.51
25754,10.31
25755,9.26
25756,9.12
25757,8.92
25758,10.06
25759,12.15
25760,12.41
25761,18.07
25762,18.96
25763,16.25
25764,15.03
25765,12.39
25766,12.53
25767,19.41
25768,26.51
25769,31.67
25770,28.45
25771,27.79
25772,24.01
25773,20.76
25774,15.04
25775,10.16
25776,14.31
25777,10.92
25778,10.17
25779,12.09
25780,15.06
25781,19.92
25782,27.39
25783,27.43
25784,27.85
25785,28.56
25786,29.15
25787,29.57
25788,29.26
25789,28.94
25790,28.94
25791,29.44
25792,30.27
25793,29.96
25794,29.46
25795,29.27
25796,28.71
25797,28.43
25798,27.93
25799,27.52
25800,27.25
25801,26.94
25802,26.81
25803,18.9
25804,12.78
25805,23.22
25806,47.95
25807,62
25808,61.49
25809,56.66
25810,52.43
25811,52.45
25812,50.82
25813,51.1
25814,52.54
25815,51.91
25816,53.38
25817,50.62
25818,41.66
25819,37.05
25820,33.69
25821,32.67
25822,31.09
25823,27.35
25824,24.52
25825,22.21
25826,19.79
25827,27.03
25828,27.38
25829,26.14
25830,30.89
25831,32.32
25832,35.19
25833,34.7
25834,34.75
25835,35.22
25836,35.8
25837,35.52
25838,38.09
25839,39.47
25840,46.09
25841,50.95
25842,46.95
25843,46.08
25844,41.72
25845,31.51
25846,29.79
25847,27.96
25848,7.23
25849,9.95
25850,8.22
25851,7.18
25852,10.91
25853,18.02
25854,29.46
25855,31.04
25856,31.73
25857,31.08
25858,30.54
25859,29.83
25860,29.7
25861,29.98
25862,30.29
25863,31.07
25864,31.77
25865,32.06
25866,33.94
25867,32.75
25868,29.1
25869,23.16
25870,20.05
25871,8.45
25872,8.84
25873,8.8
25874,8.84
25875,9.01
25876,10.79
25877,14.44
25878,32.63
25879,41.66
25880,35.87
25881,33.03
25882,32.06
25883,31.82
25884,31.54
25885,31.46
25886,31.75
25887,32.47
25888,33.21
25889,34.19
25890,32.33
25891,31.58
25892,30.44
25893,30.07
25894,29.42
25895,28.26
25896,28.66
25897,28.41
25898,28.25
25899,28.28
25900,28.89
25901,30.24
25902,36.03
25903,51.64
25904,53.01
25905,52.63
25906,48.42
25907,45.06
25908,47.06
25909,46.77
25910,46.99
25911,39.55
25912,43.7
25913,40.29
25914,36.06
25915,33.05
25916,31.21
25917,30.54
25918,29.76
25919,29.04
25920,29.94
25921,29.08
25922,28.97
25923,28.9
25924,29
25925,29.28
25926,30.2
25927,30.63
25928,30.71
25929,31.15
25930,31.75
25931,32.1
25932,31.56
25933,31.29
25934,31.49
25935,32.29
25936,33.95
25937,35.66
25938,33.16
25939,31.66
25940,30.7
25941,30.55
25942,30.09
25943,29.02
25944,28.9
25945,28.2
25946,28.2
25947,27.94
25948,28.21
25949,28.38
25950,28.58
25951,29.4
25952,31.38
25953,34.78
25954,38.12
25955,42.43
25956,41.57
25957,39.06
25958,31.67
25959,32.24
25960,33.18
25961,33.21
25962,32.1
25963,31.24
25964,30.53
25965,30.24
25966,29.68
25967,28.59
25968,28.22
25969,27.9
25970,27.55
25971,27.39
25972,28.04
25973,28.47
25974,33.02
25975,40.22
25976,47.43
25977,48.5
25978,37.76
25979,36.19
25980,38.27
25981,37.75
25982,42.08
25983,63.93
25984,71.74
25985,77.17
25986,66.62
25987,42.1
25988,33.56
25989,35.09
25990,33.31
25991,34.05
25992,30.44
25993,29.43
25994,29.35
25995,29.68
25996,31.57
25997,32.64
25998,36.9
25999,66.53
26000,75.06
26001,75.21
26002,66.47
26003,60.5
26004,56.78
26005,56.7
26006,56.79
26007,63.73
26008,66.56
26009,78.28
26010,75.16
26011,66.61
26012,63.68
26013,37.4
26014,37.31
26015,34.7
26016,29.18
26017,28.53
26018,28.08
26019,28.11
26020,28.87
26021,29.72
26022,44.3
26023,66.7
26024,65.44
26025,63.94
26026,66.67
26027,65.6
26028,42
26029,59.82
26030,42.37
26031,39.39
26032,39.12
26033,59.79
26034,36.42
26035,35.89
26036,35.51
26037,30.05
26038,29.04
26039,28
26040,27.57
26041,27.08
26042,26.98
26043,26.95
26044,27.37
26045,28
26046,29.42
26047,35.62
26048,35.75
26049,40.43
26050,43.62
26051,36.17
26052,33.26
26053,30.63
26054,36.26
26055,36.11
26056,36.47
26057,38.47
26058,37.63
26059,30.06
26060,29.55
26061,29.17
26062,28.06
26063,27.32
26064,27.1
26065,26.45
26066,26.2
26067,26.36
26068,26.92
26069,27.54
26070,28.75
26071,30.06
26072,30.81
26073,30.69
26074,30.63
26075,30.3
26076,29.85
26077,29.65
26078,29.69
26079,29.87
26080,30.32
26081,30.79
26082,30.44
26083,29.81
26084,29.06
26085,28.86
26086,27.87
26087,26.97
26088,0.13
26089,12.29
26090,11.8
26091,11.3
26092,12.4
26093,8.4
26094,9.71
26095,10.71
26096,14.78
26097,18.79
26098,20.08
26099,14.74
26100,14.77
26101,10.87
26102,5.65
26103,10.04
26104,12.91
26105,22.01
26106,18.08
26107,10.84
26108,0.4
26109,-0.03
26110,-0.09
26111,-12.12
26112,-40.84
26113,-43.18
26114,-50.04
26115,-42.31
26116,-40.09
26117,-16.05
26118,-12.16
26119,-6.78
26120,2.13
26121,6.77
26122,14.79
26123,8.2
26124,2.17
26125,2.93
26126,0.1
26127,1.09
26128,6.75
26129,11.08
26130,2.85
26131,1.8
26132,-4.94
26133,-6.74
26134,0.08
26135,0.06
26136,-0.68
26137,-9.66
26138,-4.07
26139,-11.9
26140,-4.96
26141,-4.83
26142,-15.02
26143,-4.97
26144,0.07
26145,9.94
26146,19.9
26147,22.01
26148,18.35
26149,15.99
26150,12.97
26151,17.97
26152,17.99
26153,26.45
26154,27.12
26155,26.96
26156,25.64
26157,22.09
26158,22.17
26159,22
26160,5.06
26161,5.06
26162,-1.44
26163,-6.94
26164,-9.65
26165,-9.89
26166,-11.88
26167,-3.24
26168,-9.78
26169,0
26170,-4.04
26171,0
26172,0.03
26173,0.01
26174,0.01
26175,0.04
26176,5.49
26177,10.66
26178,13.35
26179,11.19
26180,19
26181,18.06
26182,22.02
26183,13.46
26184,25.37
26185,15.09
26186,13.93
26187,13.48
26188,12.74
26189,18.78
26190,21.65
26191,28.62
26192,32
26193,34.91
26194,34.45
26195,31.53
26196,31.92
26197,32.54
26198,33.43
26199,35.96
26200,38.88
26201,41.77
26202,38.17
26203,35.44
26204,31.31
26205,30.37
26206,29.38
26207,28.22
26208,28.87
26209,28.12
26210,27.2
26211,26
26212,26.33
26213,28.89
26214,30.74
26215,35.11
26216,35.85
26217,35.92
26218,36.53
26219,35.84
26220,35.49
26221,34.53
26222,34.21
26223,35.39
26224,35.83
26225,35
26226,41.14
26227,34.09
26228,25.06
26229,19.99
26230,26.29
26231,26.87
26232,26.33
26233,25.63
26234,21.89
26235,16.43
26236,18.86
26237,26.83
26238,27.27
26239,27.12
26240,29.69
26241,30.2
26242,29.83
26243,29.47
26244,29.2
26245,29.45
26246,30.02
26247,31
26248,32.72
26249,34.1
26250,32.79
26251,30.23
26252,28.49
26253,26.51
26254,26.9
26255,26.68
26256,27.09
26257,26.86
26258,26.39
26259,26.06
26260,26.06
26261,26.37
26262,26.79
26263,26.71
26264,26.95
26265,27.36
26266,27.45
26267,27.44
26268,27.34
26269,27.31
26270,26.67
26271,26.88
26272,27.81
26273,27.94
26274,27.66
26275,27.35
26276,17.56
26277,4.62
26278,4.71
26279,-0.27
26280,26.98
26281,26.44
26282,26.2
26283,25.9
26284,25.37
26285,25.59
26286,25.97
26287,26.01
26288,26.41
26289,27.01
26290,27.53
26291,27.57
26292,27.53
26293,20.67
26294,17.48
26295,17.58
26296,25.75
26297,27.95
26298,27.59
26299,25.56
26300,11.02
26301,7.32
26302,1.86
26303,0.09
26304,21.8
26305,26.43
26306,26.1
26307,24.7
26308,24.74
26309,18.01
26310,10.18
26311,17.8
26312,19.76
26313,20.73
26314,24.76
26315,25.68
26316,16.56
26317,13.21
26318,9.15
26319,13.29
26320,27.03
26321,27.43
26322,27.29
26323,26.96
26324,26.7
26325,26.47
26326,26.09
26327,24.88
26328,18.12
26329,14.99
26330,17.79
26331,24.51
26332,11.83
26333,14.55
26334,22.58
26335,41.92
26336,47.95
26337,38.02
26338,35.04
26339,35.22
26340,34.56
26341,34.1
26342,35.98
26343,38.05
26344,41.67
26345,42.39
26346,45.06
26347,41.08
26348,34.94
26349,25.46
26350,21.3
26351,18.97
26352,18.11
26353,1.38
26354,0.02
26355,-5.99
26356,-9.21
26357,-4.64
26358,9.9
26359,26.97
26360,27.57
26361,27.72
26362,27.99
26363,28.52
26364,29.23
26365,29.49
26366,29.86
26367,30.51
26368,30.95
26369,31.28
26370,30.78
26371,30.15
26372,29.37
26373,28.93
26374,28.13
26375,27.31
26376,27.05
26377,26.78
26378,26.47
26379,26.49
26380,26.6
26381,17.31
26382,19.96
26383,33.59
26384,40.45
26385,41.97
26386,37.55
26387,36.02
26388,35.53
26389,35.3
26390,35.83
26391,42.04
26392,42.53
26393,51.43
26394,49.96
26395,46.73
26396,41.57
26397,37.09
26398,32.49
26399,28.05
26400,5.96
26401,-0.94
26402,26.5
26403,26.5
26404,26.88
26405,27.66
26406,24.98
26407,30.44
26408,36.2
26409,36.3
26410,38.95
26411,39.4
26412,41.69
26413,42.41
26414,42.38
26415,47.1
26416,47.77
26417,56.35
26418,57.42
26419,53.92
26420,42.36
26421,39.9
26422,35.98
26423,35.24
26424,29.45
26425,28.55
26426,28.18
26427,28
26428,27.08
26429,28.7
26430,30
26431,31.36
26432,34.19
26433,41.11
26434,43.16
26435,43.17
26436,43.14
26437,39.96
26438,36.04
26439,34.91
26440,40.52
26441,43.91
26442,43.87
26443,35.09
26444,31.06
26445,30.72
26446,29.98
26447,29.03
26448,21.87
26449,15.98
26450,15.99
26451,26.16
26452,26.6
26453,27.14
26454,27.43
26455,27.69
26456,27.93
26457,28.33
26458,28.79
26459,28.95
26460,28.96
26461,28.27
26462,28.29
26463,26.75
26464,27.21
26465,30.88
26466,34.34
26467,32.33
26468,29.96
26469,28.94
26470,29.69
26471,27.01
26472,18.91
26473,15.15
26474,23.92
26475,25.48
26476,23.09
26477,17.1
26478,30.03
26479,42.93
26480,44.95
26481,42.57
26482,41.98
26483,41.54
26484,42.9
26485,42.9
26486,40.91
26487,40.97
26488,39.69
26489,40.26
26490,37.99
26491,31.92
26492,28.02
26493,24.78
26494,28.49
26495,28.09
26496,27.17
26497,22.1
26498,9.79
26499,4.99
26500,9.24
26501,14.66
26502,28.17
26503,32.36
26504,32.53
26505,32.26
26506,32.13
26507,32.32
26508,32.04
26509,31.8
26510,31.47
26511,31.4
26512,32.25
26513,32.87
26514,32.44
26515,31.5
26516,30.59
26517,30.15
26518,29.23
26519,28.56
26520,28.87
26521,28.3
26522,27.95
26523,26.91
26524,26.63
26525,30.91
26526,34.87
26527,44.01
26528,47.98
26529,47.98
26530,48.04
26531,47.78
26532,47.09
26533,44.15
26534,45.97
26535,46.83
26536,48.9
26537,51.9
26538,52.69
26539,49.1
26540,40
26541,35.81
26542,33.24
26543,33.86
26544,31.01
26545,30.03
26546,29.86
26547,29.97
26548,30.95
26549,33.24
26550,41.5
26551,51.37
26552,55.65
26553,55.11
26554,55.13
26555,54.57
26556,52.86
26557,46.87
26558,49.91
26559,52.28
26560,54.81
26561,56.38
26562,56.1
26563,40.35
26564,39.96
26565,34.01
26566,40.1
26567,30.06
26568,30
26569,29.42
26570,29.2
26571,29.18
26572,29.6
26573,31.22
26574,33.22
26575,44.19
26576,47.08
26577,44.35
26578,43.57
26579,43.44
26580,39.58
26581,37.63
26582,36.73
26583,35.2
26584,39.56
26585,41.05
26586,38.48
26587,33.11
26588,31.56
26589,31.45
26590,30.36
26591,29.54
26592,30.15
26593,29.63
26594,29.16
26595,28.93
26596,28.79
26597,28.98
26598,29.35
26599,30.28
26600,30.85
26601,31.51
26602,31.81
26603,31.89
26604,31.88
26605,31.85
26606,31.39
26607,31.33
26608,33.92
26609,37.96
26610,36.71
26611,32.07
26612,30.59
26613,29.8
26614,29.34
26615,28.8
26616,23.25
26617,24.81
26618,24.95
26619,25.99
26620,25.31
26621,26.77
26622,28.35
26623,28.55
26624,28.83
26625,29.41
26626,29.74
26627,30.13
26628,29.81
26629,29.44
26630,29.94
26631,31.32
26632,33.27
26633,33.98
26634,32.5
26635,31.38
26636,30.55
26637,29.69
26638,29.33
26639,28.82
26640,23.15
26641,24.02
26642,23.1
26643,20.29
26644,22.81
26645,25.17
26646,33.65
26647,32.35
26648,33.5
26649,32.57
26650,31.54
26651,30.3
26652,29.43
26653,29.29
26654,29.42
26655,28.08
26656,24.89
26657,30.01
26658,28.04
26659,18.08
26660,13.59
26661,10.69
26662,10.01
26663,-1.16
26664,-9.61
26665,-6.62
26666,-2.33
26667,-4.92
26668,-0.08
26669,10.59
26670,27.72
26671,38.92
26672,42.13
26673,35.03
26674,32.92
26675,32.97
26676,32.89
26677,32.9
26678,32.89
26679,33.78
26680,36.94
26681,42.18
26682,44.34
26683,33.99
26684,34.81
26685,30.72
26686,30.1
26687,24.62
26688,28.14
26689,27.75
26690,27.53
26691,27.47
26692,27.91
26693,27.62
26694,31.94
26695,40
26696,44.95
26697,42.49
26698,39.88
26699,38.99
26700,34.75
26701,32.54
26702,32.38
26703,33.11
26704,38.04
26705,38.9
26706,38.44
26707,34.26
26708,31.2
26709,30.57
26710,29.92
26711,29.33
26712,29.12
26713,28.6
26714,28.46
26715,28.34
26716,28.75
26717,29.92
26718,31.2
26719,42.93
26720,42.15
26721,42
26722,40.91
26723,39.34
26724,37.41
26725,35.82
26726,34.85
26727,36.73
26728,39.36
26729,42.15
26730,42.04
26731,41.49
26732,38.93
26733,34.3
26734,32.57
26735,30.45
26736,30
26737,29.97
26738,29.49
26739,29.56
26740,30.02
26741,31.76
26742,40.02
26743,48.96
26744,51.94
26745,50.36
26746,49.58
26747,46.88
26748,42.99
26749,41.67
26750,39.49
26751,41.78
26752,44.3
26753,49.57
26754,49.74
26755,44.79
26756,38.83
26757,36.94
26758,35.84
26759,32.61
26760,29.71
26761,27.84
26762,28.37
26763,29.01
26764,28.98
26765,29.23
26766,29.68
26767,30.85
26768,33.07
26769,38
26770,41.66
26771,41.68
26772,41.93
26773,41.45
26774,39
26775,40.01
26776,41.8
26777,44.68
26778,49.38
26779,43.98
26780,39.16
26781,36.37
26782,36.33
26783,32.67
26784,31.88
26785,30.41
26786,29.24
26787,28.71
26788,28.8
26789,29.05
26790,29.48
26791,30.31
26792,32.49
26793,35.3
26794,38.88
26795,40.93
26796,40.93
26797,37.77
26798,33.84
26799,34.62
26800,38.04
26801,42.93
26802,48.08
26803,42.92
26804,37.46
26805,32.53
26806,32.5
26807,30.2
26808,27.06
26809,28.58
26810,28.38
26811,28.38
26812,28.38
26813,25.97
26814,33.08
26815,42.95
26816,45.06
26817,45.9
26818,44.98
26819,46.84
26820,45.5
26821,45.87
26822,44.85
26823,43.94
26824,43.65
26825,49.5
26826,51
26827,48.05
26828,42.82
26829,38.99
26830,36.2
26831,33.5
26832,33.38
26833,31.74
26834,30.78
26835,30.38
26836,30.97
26837,32.48
26838,39.49
26839,48.48
26840,51.05
26841,44.64
26842,36.64
26843,33.65
26844,32.94
26845,32.85
26846,32.66
26847,32.59
26848,33.67
26849,37.02
26850,32.99
26851,32.69
26852,30.99
26853,29.62
26854,28.03
26855,13.64
26856,13.46
26857,11.21
26858,10.34
26859,9.26
26860,11.23
26861,16.74
26862,28.83
26863,40.92
26864,32.39
26865,31.88
26866,30.57
26867,29.9
26868,29.82
26869,29.06
26870,28.83
26871,28.73
26872,29
26873,29.7
26874,29.27
26875,28.37
26876,25.06
26877,18.26
26878,16.49
26879,11.83
26880,4.72
26881,5.45
26882,3.87
26883,4.69
26884,4.74
26885,13.99
26886,28.12
26887,39.48
26888,33.68
26889,30.96
26890,30.86
26891,30.49
26892,30.22
26893,30.29
26894,30.43
26895,30.85
26896,21.01
26897,44.21
26898,33.19
26899,32.14
26900,31.48
26901,30.72
26902,29.71
26903,28.98
26904,29.28
26905,28.99
26906,28.94
26907,29.1
26908,29.55
26909,30.1
26910,38.95
26911,33.57
26912,37.01
26913,36.39
26914,35.53
26915,34.09
26916,33.35
26917,32.93
26918,32.82
26919,32.65
26920,33.54
26921,48.5
26922,47.1
26923,43.03
26924,33.17
26925,31.55
26926,30.65
26927,30.19
26928,30.8
26929,30.22
26930,30.01
26931,29.99
26932,30.23
26933,30.78
26934,30.76
26935,33.51
26936,38
26937,40.01
26938,38.03
26939,33.95
26940,32.77
26941,31.99
26942,31.46
26943,31.08
26944,31.29
26945,35.84
26946,32.63
26947,31.96
26948,27.89
26949,11.91
26950,10.98
26951,0.1
26952,-0.04
26953,-12.02
26954,-15
26955,-12.19
26956,-9.14
26957,0.04
26958,-0.25
26959,2.09
26960,10.34
26961,11.65
26962,14.04
26963,11.69
26964,11.64
26965,6.32
26966,10.32
26967,10.09
26968,10.8
26969,29.25
26970,26.9
26971,26.67
26972,28.8
26973,28.58
26974,27.96
26975,27.58
26976,23.61
26977,23.23
26978,0.11
26979,-4.37
26980,-10.01
26981,-0.9
26982,12.43
26983,30.33
26984,30.49
26985,29.97
26986,29.77
26987,29.72
26988,29.52
26989,29.55
26990,29.62
26991,30.52
26992,30.48
26993,31.98
26994,33.44
26995,29.93
26996,29.77
26997,22.04
26998,14.08
26999,10.47
27000,13.97
27001,13.91
27002,13.01
27003,13.8
27004,15.5
27005,24.02
27006,33.51
27007,34.57
27008,33.42
27009,32.83
27010,32.93
27011,32.43
27012,32.33
27013,32.19
27014,32.16
27015,32.37
27016,32.86
27017,43.64
27018,42.36
27019,36.5
27020,33.17
27021,32.37
27022,31.12
27023,30.11
27024,29.61
27025,28.98
27026,27.24
27027,17.97
27028,19.53
27029,26.37
27030,31.74
27031,31.35
27032,31.82
27033,30.89
27034,30.71
27035,30.03
27036,29.61
27037,29.38
27038,29.63
27039,29.63
27040,30.16
27041,32.15
27042,33.53
27043,32.52
27044,29.3
27045,28.06
27046,28.32
27047,24.98
27048,23.94
27049,24.22
27050,24.06
27051,20.09
27052,22.23
27053,25.25
27054,32.8
27055,34.11
27056,32.73
27057,32.48
27058,32.41
27059,31.57
27060,31.08
27061,31.45
27062,31.6
27063,31.52
27064,32.1
27065,32.98
27066,33.16
27067,32.26
27068,31.43
27069,31.46
27070,31.23
27071,28.97
27072,30.12
27073,29.87
27074,29.79
27075,29.74
27076,30.1
27077,32.18
27078,33.66
27079,37.42
27080,41.33
27081,38.06
27082,41.2
27083,36.16
27084,34.75
27085,35.2
27086,35.57
27087,35.23
27088,37.89
27089,48.02
27090,46.8
27091,37.25
27092,34.14
27093,33.38
27094,32.9
27095,31.92
27096,32.91
27097,32.23
27098,32
27099,31.99
27100,32.25
27101,32.87
27102,32.93
27103,33.36
27104,33.8
27105,35.05
27106,36.55
27107,36.11
27108,34.63
27109,33.87
27110,33.45
27111,33.49
27112,36.08
27113,45.14
27114,39.36
27115,34.67
27116,33.36
27117,32.93
27118,32.69
27119,32.15
27120,32.02
27121,31.3
27122,30.96
27123,30.99
27124,30.83
27125,30.79
27126,30.84
27127,31.23
27128,31.37
27129,32.38
27130,33.1
27131,34.44
27132,33.4
27133,32.08
27134,31.61
27135,32.09
27136,34.25
27137,39.71
27138,42.91
27139,40.01
27140,36.15
27141,35
27142,34.26
27143,32.92
27144,32.14
27145,31.18
27146,30.92
27147,30.93
27148,30.58
27149,33.67
27150,41.41
27151,54.46
27152,58.06
27153,57.12
27154,55.83
27155,53.6
27156,47.66
27157,46.89
27158,46.9
27159,48.77
27160,53.4
27161,56.93
27162,58.99
27163,55.41
27164,47.75
27165,39.97
27166,39
27167,36.02
27168,36.12
27169,35
27170,34.65
27171,35.38
27172,36.25
27173,37.36
27174,43.95
27175,58.65
27176,64.58
27177,63.69
27178,59.59
27179,49.76
27180,45.64
27181,44.61
27182,46.92
27183,49.45
27184,53.75
27185,62.2
27186,65.5
27187,58.08
27188,47.3
27189,40.26
27190,37.22
27191,33.98
27192,33.72
27193,33.45
27194,32.91
27195,33.07
27196,33.66
27197,34.08
27198,40.6
27199,59.06
27200,61.33
27201,58.97
27202,57.88
27203,46.99
27204,43.51
27205,44.75
27206,47.23
27207,49.16
27208,51.75
27209,60.19
27210,64.14
27211,55.2
27212,41.26
27213,40.23
27214,35.93
27215,32.91
27216,33.61
27217,33.06
27218,32.74
27219,32.6
27220,33.4
27221,34.81
27222,43.45
27223,54.24
27224,64.9
27225,64.83
27226,58.02
27227,40.1
27228,36.1
27229,35.91
27230,35.14
27231,34.89
27232,33.36
27233,56.85
27234,39.24
27235,35.13
27236,33.7
27237,32.85
27238,31.82
27239,30.95
27240,31.01
27241,30.65
27242,30.31
27243,30.4
27244,30.59
27245,31.43
27246,31.98
27247,33.48
27248,33.97
27249,33.92
27250,33.64
27251,33.12
27252,32.66
27253,32.31
27254,32.23
27255,32.14
27256,29.09
27257,37.8
27258,34.15
27259,32.93
27260,32.04
27261,31.89
27262,31.56
27263,31.17
27264,31.53
27265,31.27
27266,31.06
27267,31.15
27268,31.43
27269,31.8
27270,31.8
27271,31.41
27272,31.82
27273,32.53
27274,33.21
27275,33.04
27276,32.45
27277,32.23
27278,31.99
27279,32.36
27280,33.14
27281,35.56
27282,34.91
27283,32.9
27284,32.1
27285,32.46
27286,31.96
27287,29.05
27288,17.08
27289,18.04
27290,12.34
27291,4.58
27292,0.52
27293,1
27294,-4.92
27295,-4.04
27296,0.1
27297,0.3
27298,0.03
27299,11.7
27300,13.08
27301,11.58
27302,10.7
27303,10.21
27304,12.19
27305,28.64
27306,31.35
27307,31.03
27308,21.77
27309,17.07
27310,17.08
27311,14.97
27312,11.61
27313,10.75
27314,10
27315,10.33
27316,10.73
27317,12.39
27318,30.54
27319,31.84
27320,32.3
27321,32.17
27322,32.12
27323,31.86
27324,31.58
27325,31.58
27326,31.59
27327,31.77
27328,30.45
27329,37.3
27330,35.78
27331,33.98
27332,32.44
27333,31.92
27334,31.1
27335,30.96
27336,30.79
27337,30.57
27338,30.5
27339,30.78
27340,31.08
27341,32.68
27342,37.1
27343,45.49
27344,47.45
27345,46.41
27346,42.6
27347,37.08
27348,34.5
27349,34.06
27350,35.95
27351,36.32
27352,39.32
27353,49.85
27354,52.64
27355,38.67
27356,33.55
27357,33.1
27358,32.23
27359,31.18
27360,32.06
27361,31.71
27362,31.52
27363,31.59
27364,32.43
27365,33.63
27366,34.98
27367,48.28
27368,56.28
27369,45.05
27370,40.42
27371,36.82
27372,35.15
27373,34.12
27374,33.93
27375,33.85
27376,34.39
27377,36.46
27378,37.05
27379,33.98
27380,32.78
27381,32.61
27382,31.19
27383,29.41
27384,28.26
27385,27.87
27386,18.29
27387,16.09
27388,17.98
27389,25.07
27390,30.62
27391,32.77
27392,34.06
27393,33.51
27394,32.85
27395,32.78
27396,32.74
27397,32.98
27398,33.17
27399,33.41
27400,33.79
27401,35.18
27402,36.96
27403,35.14
27404,33.92
27405,33.89
27406,33.01
27407,32.15
27408,32.05
27409,31.86
27410,31.78
27411,31.51
27412,31.99
27413,33.02
27414,34.99
27415,37.93
27416,40.24
27417,40.08
27418,39.54
27419,37.93
27420,34.94
27421,34.8
27422,34.42
27423,34.94
27424,35.63
27425,43.15
27426,49.05
27427,39.39
27428,35.81
27429,34.92
27430,33.57
27431,32.96
27432,34.67
27433,33.97
27434,33.97
27435,33.61
27436,33.62
27437,33.86
27438,34.59
27439,35.49
27440,36.9
27441,40.66
27442,44.6
27443,42.4
27444,40.64
27445,38.01
27446,35.97
27447,35.93
27448,38.52
27449,44.99
27450,49.77
27451,47.31
27452,39.47
27453,37.69
27454,35.85
27455,34.88
27456,34.91
27457,34.82
27458,33.98
27459,33.89
27460,33.83
27461,33.99
27462,33.51
27463,33.56
27464,34.23
27465,35.42
27466,35.75
27467,35.97
27468,34.71
27469,35
27470,34.38
27471,34.94
27472,36.24
27473,41.35
27474,47.45
27475,44.04
27476,40
27477,36.96
27478,35.36
27479,33.77
27480,33.77
27481,33.56
27482,33.78
27483,33.94
27484,35.07
27485,37.65
27486,47.33
27487,57.95
27488,61.28
27489,61.63
27490,59.67
27491,58.11
27492,54.24
27493,52.67
27494,52.81
27495,47.14
27496,49.75
27497,59.92
27498,67.84
27499,54.39
27500,43.3
27501,42
27502,38.12
27503,35.77
27504,37.27
27505,36.43
27506,36.06
27507,35.65
27508,36.95
27509,40.69
27510,47.19
27511,60.05
27512,61.92
27513,61.85
27514,59.89
27515,56.1
27516,53.38
27517,51.67
27518,50.7
27519,49.87
27520,50.25
27521,53.51
27522,60.48
27523,59.62
27524,46.93
27525,42.89
27526,40.84
27527,37.41
27528,37.46
27529,37.05
27530,36.78
27531,36.64
27532,37.33
27533,39.06
27534,45.65
27535,59.13
27536,62.18
27537,61.98
27538,56.87
27539,49.71
27540,45.85
27541,45.11
27542,44.58
27543,44.97
27544,47.41
27545,55.43
27546,58.93
27547,55.24
27548,48.13
27549,43.97
27550,39.89
27551,37.28
27552,39.17
27553,38.31
27554,37.95
27555,38.04
27556,39.05
27557,42.02
27558,49.93
27559,59.19
27560,67.97
27561,62.57
27562,57.91
27563,49.41
27564,45.92
27565,45.1
27566,45.2
27567,45.69
27568,49.8
27569,57.73
27570,59.98
27571,55.8
27572,45.83
27573,44.44
27574,42.44
27575,38.2
27576,38.58
27577,37.53
27578,37.24
27579,37.13
27580,37.54
27581,39.85
27582,49.55
27583,61.62
27584,63.03
27585,55.5
27586,54.1
27587,46.35
27588,42.77
27589,40.29
27590,39.44
27591,39.74
27592,44.33
27593,50.48
27594,53.97
27595,48.93
27596,41.81
27597,38.71
27598,37.8
27599,36.04
27600,37.08
27601,34.96
27602,33.08
27603,31.61
27604,31.22
27605,29.09
27606,32.98
27607,37.05
27608,33.05
27609,31.12
27610,28.1
27611,28.16
27612,28.18
27613,25.45
27614,25.45
27615,30.17
27616,33.55
27617,40.84
27618,43.31
27619,40.78
27620,38.86
27621,37.84
27622,36.35
27623,33.51
27624,37.66
27625,37.51
27626,37.21
27627,36.87
27628,36.78
27629,37.19
27630,37.63
27631,38.11
27632,38.43
27633,39.13
27634,39.33
27635,38.93
27636,36.93
27637,33.42
27638,30.06
27639,30.09
27640,34.72
27641,42.06
27642,45.96
27643,43.59
27644,39.94
27645,38.07
27646,37.84
27647,36.51
27648,31.64
27649,36.04
27650,35.44
27651,34.97
27652,31.84
27653,37.59
27654,47.98
27655,69.33
27656,63
27657,48.44
27658,42.7
27659,41.94
27660,41.71
27661,41.21
27662,41.25
27663,42.23
27664,45
27665,52.95
27666,73.73
27667,57.65
27668,46.81
27669,43.1
27670,40
27671,38.93
27672,39.75
27673,38.28
27674,37.66
27675,37.69
27676,38.7
27677,40.81
27678,43.09
27679,56.16
27680,42.01
27681,41.98
27682,41.97
27683,41.2
27684,40.6
27685,40.45
27686,40.09
27687,39.93
27688,39.94
27689,41.39
27690,41.95
27691,41.22
27692,41.14
27693,40.61
27694,38.03
27695,35.44
27696,32.09
27697,32.08
27698,32.1
27699,36.91
27700,35.51
27701,36.99
27702,44.98
27703,57.18
27704,47.35
27705,44.95
27706,32.65
27707,31.37
27708,32.84
27709,32.06
27710,32.51
27711,32.01
27712,35.1
27713,42.99
27714,42.9
27715,41.8
27716,38.9
27717,32.07
27718,32.06
27719,31.25
27720,29.09
27721,30.01
27722,28.5
27723,28.99
27724,30.53
27725,30.53
27726,31.8
27727,39.87
27728,42.04
27729,40.7
27730,39.78
27731,28.23
27732,22.82
27733,26.41
27734,26.58
27735,39.76
27736,39.8
27737,34.29
27738,41.49
27739,41.37
27740,35.58
27741,30.64
27742,30.74
27743,30.55
27744,28.98
27745,30.32
27746,30.51
27747,30.54
27748,30
27749,32.54
27750,42.98
27751,45.94
27752,46
27753,42.98
27754,32.71
27755,31
27756,31.07
27757,33.04
27758,35.01
27759,37.88
27760,42.93
27761,51.75
27762,75.95
27763,63.76
27764,47.95
27765,43.76
27766,41.69
27767,39.76
27768,33.09
27769,36.49
27770,34.94
27771,34.23
27772,34.48
27773,34.1
27774,39.22
27775,40.16
27776,41.67
27777,39.34
27778,40.65
27779,40.6
27780,40.55
27781,33.44
27782,39.25
27783,39.08
27784,40
27785,43.25
27786,48.2
27787,45.11
27788,41
27789,39.09
27790,35.88
27791,30.24
27792,30.08
27793,30.87
27794,31.7
27795,32.94
27796,30.28
27797,30.24
27798,30.06
27799,35.56
27800,40.3
27801,35.22
27802,34.39
27803,32.57
27804,30.08
27805,29.26
27806,29.12
27807,30.39
27808,34.06
27809,33.08
27810,40.34
27811,35.74
27812,30.35
27813,30.36
27814,30.07
27815,25.7
27816,24.74
27817,20.92
27818,16.31
27819,16.61
27820,27.08
27821,31.73
27822,45.92
27823,53.94
27824,64.06
27825,62.63
27826,56.02
27827,54.98
27828,49.02
27829,48.11
27830,53.43
27831,53.78
27832,54.16
27833,69.67
27834,83.16
27835,81.61
27836,59.59
27837,49.8
27838,43.69
27839,40.4
27840,38.96
27841,37.96
27842,37.39
27843,36.61
27844,37.35
27845,38.76
27846,46.5
27847,58.26
27848,65.19
27849,65.02
27850,63.28
27851,55.03
27852,52.39
27853,50.07
27854,48.98
27855,48.76
27856,48.24
27857,53.99
27858,59.24
27859,55.21
27860,45.99
27861,43.04
27862,40.58
27863,38.6
27864,38.13
27865,37.66
27866,37.1
27867,36.91
27868,37.54
27869,39.88
27870,45.2
27871,54.51
27872,60.3
27873,58.56
27874,55.18
27875,54.78
27876,50.27
27877,47.82
27878,46.51
27879,46.75
27880,47.72
27881,53.7
27882,60.95
27883,56.9
27884,46.04
27885,42.26
27886,40.48
27887,36.6
27888,37.37
27889,35.03
27890,35.73
27891,35.63
27892,36.09
27893,35.64
27894,41.47
27895,46.2
27896,46.96
27897,44.91
27898,42.4
27899,41.51
27900,40.46
27901,40.34
27902,39.51
27903,39.47
27904,40.51
27905,42.99
27906,47.66
27907,45.3
27908,37.71
27909,37.73
27910,36.52
27911,35.57
27912,35.77
27913,35.33
27914,34.99
27915,34.99
27916,35.55
27917,36.4
27918,38.14
27919,41.98
27920,43.93
27921,41.94
27922,40.69
27923,39.81
27924,38.51
27925,39.72
27926,40.38
27927,40.84
27928,41.56
27929,45.03
27930,54.01
27931,46.22
27932,42.19
27933,41.42
27934,39.76
27935,37.9
27936,33.1
27937,31.29
27938,30.85
27939,36.04
27940,36.27
27941,36.51
27942,36.72
27943,37.25
27944,37.56
27945,37.89
27946,37.66
27947,37.39
27948,36.6
27949,35.64
27950,34.01
27951,34.03
27952,36.4
27953,38.67
27954,41.3
27955,41.28
27956,39.7
27957,35.44
27958,34.5
27959,35.19
27960,32.26
27961,27.14
27962,25.65
27963,26.2
27964,25.06
27965,24.92
27966,25.81
27967,27.61
27968,29.31
27969,30.15
27970,28.97
27971,27.1
27972,27.6
27973,28.91
27974,29.63
27975,35.5
27976,36.02
27977,37.02
27978,37.49
27979,38.06
27980,34.02
27981,30.62
27982,32.59
27983,31.01
27984,32.1
27985,31.45
27986,30.67
27987,28.92
27988,31.93
27989,34.14
27990,45.65
27991,50.58
27992,50.48
27993,49.99
27994,47.91
27995,46.23
27996,45
27997,42.48
27998,41.65
27999,41.67
28000,42.49
28001,46.96
28002,50.24
28003,49.94
28004,42.47
28005,39.49
28006,37.6
28007,36.58
28008,37.35
28009,36.94
28010,35.97
28011,35.62
28012,36.79
28013,34.54
28014,40.6
28015,46.46
28016,46.37
28017,42.5
28018,40.81
28019,40.83
28020,41.96
28021,40.92
28022,40.91
28023,42.36
28024,41.85
28025,46.04
28026,50.92
28027,50.19
28028,43.91
28029,42
28030,40.76
28031,36.36
28032,33.88
28033,36.08
28034,36.06
28035,36.1
28036,37.12
28037,35.9
28038,48.52
28039,60.6
28040,64.98
28041,61.99
28042,57.98
28043,53.83
28044,49.58
28045,48.45
28046,46.99
28047,47.66
28048,47.77
28049,53.63
28050,62.81
28051,60.94
28052,48.86
28053,39.59
28054,34.16
28055,37.74
28056,35.53
28057,30.04
28058,27.38
28059,14.91
28060,13.25
28061,18.35
28062,32.76
28063,40.49
28064,39.99
28065,30
28066,19.48
28067,15.2
28068,13.65
28069,13.56
28070,18.85
28071,21.25
28072,24
28073,30.62
28074,39.55
28075,38.86
28076,30.36
28077,27.06
28078,22.59
28079,9.87
28080,12.08
28081,12.01
28082,8.06
28083,10.84
28084,13.4
28085,24.49
28086,37.76
28087,39.82
28088,40.16
28089,39.2
28090,38.94
28091,38.55
28092,32.1
28093,31.97
28094,27.09
28095,26.67
28096,30.85
28097,37.09
28098,40.23
28099,38.38
28100,36.95
28101,20.74
28102,21.62
28103,10.6
28104,1.67
28105,1.27
28106,0.08
28107,0.02
28108,-5
28109,-11.86
28110,-0.71
28111,10.76
28112,10.01
28113,9.8
28114,9.82
28115,4.02
28116,1.74
28117,1.42
28118,-0.46
28119,1.78
28120,1.58
28121,6.91
28122,12.97
28123,13.17
28124,1.09
28125,-2.51
28126,2.05
28127,-4.09
28128,-2
28129,-12.12
28130,-9.63
28131,-9.61
28132,-9.25
28133,-9.64
28134,3.86
28135,6.72
28136,3.78
28137,3.59
28138,9.72
28139,9.8
28140,21.69
28141,31.71
28142,32.02
28143,35.16
28144,36.28
28145,37.49
28146,40.38
28147,41.06
28148,39.78
28149,38.05
28150,38.06
28151,36.88
28152,31.09
28153,33.05
28154,33.35
28155,34.27
28156,31.27
28157,38.18
28158,50.06
28159,52.21
28160,60.09
28161,52.13
28162,47.91
28163,45.72
28164,43.2
28165,42.24
28166,41.49
28167,41.12
28168,41.17
28169,42.32
28170,44.79
28171,41.98
28172,40.75
28173,40
28174,39.52
28175,37.36
28176,38.02
28177,37.28
28178,37.06
28179,36.59
28180,36.59
28181,38.09
28182,41.71
28183,49.95
28184,49.85
28185,42.95
28186,38.02
28187,38.09
28188,38
28189,38.2
28190,38.47
28191,38.38
28192,38.09
28193,47.12
28194,56.92
28195,63.52
28196,50.06
28197,45.96
28198,41.86
28199,39.6
28200,39.46
28201,39.34
28202,39.25
28203,38.99
28204,39.35
28205,40.39
28206,42.68
28207,51.03
28208,50.42
28209,47.76
28210,44.93
28211,42.4
28212,41.98
28213,41.25
28214,41.1
28215,41.25
28216,41.34
28217,42.66
28218,45.9
28219,43.48
28220,41.84
28221,41.26
28222,38.98
28223,37.06
28224,33.05
28225,30.29
28226,26.09
28227,21.49
28228,22.13
28229,30
28230,35.7
28231,39.69
28232,40.11
28233,40.33
28234,40.42
28235,40.24
28236,40.12
28237,39.97
28238,41.22
28239,42.99
28240,47.98
28241,57.92
28242,70.26
28243,93.43
28244,63.73
28245,58.42
28246,42.09
28247,41.43
28248,41.39
28249,41.12
28250,40.95
28251,40.49
28252,40.55
28253,42.78
28254,52.05
28255,65.62
28256,70.42
28257,65.72
28258,60.4
28259,56.72
28260,48.06
28261,44.12
28262,42.95
28263,42.49
28264,42.48
28265,43.43
28266,45.31
28267,43.67
28268,41.9
28269,41.19
28270,40.48
28271,39.61
28272,38.74
28273,37.09
28274,37.7
28275,37.48
28276,38.14
28277,38.35
28278,38.86
28279,40.18
28280,41.58
28281,41.5
28282,40.67
28283,40.15
28284,39.72
28285,39.23
28286,37.47
28287,38.84
28288,40.2
28289,45.1
28290,44.13
28291,43.8
28292,42.33
28293,42.97
28294,40.29
28295,38.05
28296,38.52
28297,38.01
28298,37.85
28299,
28300,
28301,37.99
28302,38.67
28303,39.64
28304,40.92
28305,41.02
28306,40.82
28307,40.28
28308,39.66
28309,39.11
28310,38.62
28311,38.25
28312,36.86
28313,41.38
28314,45.16
28315,43.07
28316,42
28317,41.11
28318,39.54
28319,40.36
28320,39.53
28321,38.92
28322,38.01
28323,37.25
28324,38.02
28325,51.61
28326,51.6
28327,63.81
28328,67.59
28329,57.93
28330,54.88
28331,51.97
28332,50.54
28333,47.92
28334,45.34
28335,44.03
28336,45.09
28337,49.55
28338,53.48
28339,48.06
28340,45.34
28341,43.64
28342,42.1
28343,42.4
28344,38.8
28345,38
28346,38.14
28347,37.83
28348,38.98
28349,48.47
28350,54.92
28351,67.48
28352,60.69
28353,55.98
28354,52.38
28355,47.53
28356,44.96
28357,42.39
28358,40.85
28359,40.73
28360,41.22
28361,42
28362,43.13
28363,44.24
28364,39.61
28365,36.54
28366,33.95
28367,34.36
28368,34.98
28369,33.72
28370,32.62
28371,33.3
28372,35.05
28373,40.05
28374,40.38
28375,40.06
28376,39.95
28377,39.9
28378,39.56
28379,39.32
28380,39.17
28381,39.11
28382,39.06
28383,39.14
28384,39.28
28385,39.23
28386,39.32
28387,39.69
28388,39.32
28389,35.23
28390,28.34
28391,26.57
28392,19.31
28393,15.72
28394,17.98
28395,19.33
28396,29.4
28397,38.77
28398,42.36
28399,41.77
28400,41.83
28401,40.05
28402,40
28403,38.14
28404,36.77
28405,37.6
28406,39.63
28407,38.92
28408,42.27
28409,42.12
28410,43.61
28411,42.63
28412,42.48
28413,42.08
28414,40.87
28415,35.69
28416,35.8
28417,36.6
28418,39.23
28419,39.34
28420,39.88
28421,39.96
28422,41.48
28423,43.53
28424,43.17
28425,40.85
28426,41.2
28427,40.78
28428,40.33
28429,40.16
28430,40.11
28431,40.3
28432,40.46
28433,40.83
28434,40.79
28435,40.65
28436,40.79
28437,40.34
28438,39.5
28439,39.98
28440,35.03
28441,35.94
28442,34.97
28443,34.32
28444,34.24
28445,34.67
28446,35.07
28447,40.52
28448,37.92
28449,34.8
28450,33.95
28451,31.92
28452,27.82
28453,22.59
28454,23.02
28455,22.89
28456,34.88
28457,40.05
28458,40.72
28459,40.74
28460,40.24
28461,39.98
28462,39.56
28463,39.8
28464,39.57
28465,39.18
28466,39.02
28467,38.91
28468,39.33
28469,39.51
28470,39.39
28471,39.62
28472,39.61
28473,39.52
28474,39.17
28475,38.86
28476,38.48
28477,38.15
28478,38.03
28479,38.13
28480,38.59
28481,39.22
28482,39.64
28483,40
28484,39.89
28485,39.81
28486,39.22
28487,38.58
28488,37.97
28489,37.14
28490,37.06
28491,37.72
28492,39.12
28493,39.96
28494,39.62
28495,40.33
28496,40.56
28497,40.63
28498,40.32
28499,39.91
28500,39.52
28501,38.79
28502,38.62
28503,39.08
28504,39.53
28505,40.11
28506,40.88
28507,41.09
28508,40.92
28509,39.96
28510,39.22
28511,40.07
28512,39.33
28513,39.01
28514,36.53
28515,27.9
28516,35.02
28517,39.66
28518,43.93
28519,44.05
28520,43.25
28521,41.08
28522,41.59
28523,40.85
28524,40.89
28525,40.92
28526,40.92
28527,41.85
28528,44.54
28529,47.53
28530,49.95
28531,47.85
28532,42.87
28533,39.2
28534,39.13
28535,28.63
28536,26.91
28537,22.04
28538,15.25
28539,20.09
28540,28.46
28541,42.75
28542,48.5
28543,55.51
28544,48.76
28545,45
28546,44.9
28547,38.3
28548,40.82
28549,40.79
28550,40.8
28551,40.84
28552,41.49
28553,42.4
28554,42.79
28555,43.74
28556,42.54
28557,39.62
28558,32.09
28559,36.32
28560,35.03
28561,36.03
28562,36.52
28563,36.71
28564,40.23
28565,42.24
28566,45.22
28567,45.3
28568,45.27
28569,42.99
28570,41.69
28571,40.75
28572,40.59
28573,35.28
28574,25.07
28575,23.03
28576,29.87
28577,36.91
28578,40.77
28579,40.97
28580,40.04
28581,39.9
28582,35.49
28583,28.67
28584,29.41
28585,30
28586,29.06
28587,29
28588,34.35
28589,42.64
28590,53.79
28591,54.48
28592,43.98
28593,41.94
28594,38.06
28595,38.07
28596,40.08
28597,39.48
28598,39.37
28599,39.75
28600,40.22
28601,40.53
28602,42.17
28603,42.99
28604,39.48
28605,37.93
28606,18.63
28607,19.05
28608,15.79
28609,13.27
28610,6.61
28611,7.67
28612,13.22
28613,14.33
28614,17.14
28615,18.97
28616,18.11
28617,13.22
28618,0.1
28619,0.03
28620,0.04
28621,0.11
28622,12.04
28623,23.31
28624,38.93
28625,39.51
28626,40.45
28627,40.48
28628,39.09
28629,36.69
28630,36.91
28631,36.2
28632,32.19
28633,32.22
28634,33.67
28635,36.89
28636,37.96
28637,38.97
28638,38.86
28639,39.42
28640,39.82
28641,40.05
28642,39.84
28643,39.49
28644,39.12
28645,38.88
28646,38.8
28647,38.85
28648,39.07
28649,39.46
28650,39.91
28651,43.07
28652,41.68
28653,41.1
28654,37.6
28655,38.57
28656,38
28657,37.94
28658,36.48
28659,31.82
28660,37.24
28661,47.99
28662,56.5
28663,62.13
28664,52.01
28665,47.77
28666,44.78
28667,42.94
28668,42.5
28669,41.51
28670,39.3
28671,41
28672,43.92
28673,47.69
28674,49.92
28675,46.26
28676,40.43
28677,39.34
28678,32.22
28679,34.3
28680,31.81
28681,29
28682,27.32
28683,28.05
28684,32.51
28685,41.37
28686,44.32
28687,42.98
28688,42.39
28689,38.04
28690,36.76
28691,42
28692,41.26
28693,30.89
28694,36.7
28695,34.03
28696,37.73
28697,40.46
28698,39.69
28699,39.11
28700,33.99
28701,30.95
28702,29.15
28703,21.63
28704,20.09
28705,19.96
28706,19.96
28707,21.44
28708,26.39
28709,36.49
28710,42.52
28711,43.11
28712,39.81
28713,38.3
28714,33.69
28715,30.66
28716,26.1
28717,26.06
28718,26.02
28719,26.06
28720,36.13
28721,38.62
28722,40.96
28723,40.96
28724,39.36
28725,34.87
28726,27
28727,24.96
28728,21.76
28729,23.04
28730,20.85
28731,23.02
28732,27.64
28733,40.44
28734,41.57
28735,40.91
28736,32.55
28737,28.96
28738,26
28739,24.91
28740,19.52
28741,18.7
28742,25.03
28743,25.06
28744,32.36
28745,39.66
28746,40.11
28747,39.84
28748,37.2
28749,32.4
28750,26.83
28751,29.04
28752,27.04
28753,25.01
28754,25.09
28755,28.57
28756,35.31
28757,40.81
28758,42.03
28759,41.88
28760,41.24
28761,40.86
28762,40.48
28763,39.66
28764,36.83
28765,38.31
28766,38.02
28767,38.96
28768,39.47
28769,39.6
28770,39.66
28771,39.48
28772,39.41
28773,39.01
28774,37.72
28775,31.2
28776,29.2
28777,29
28778,29.92
28779,29.88
28780,32.03
28781,35.84
28782,38.41
28783,39.74
28784,39.92
28785,39.87
28786,39.77
28787,39.47
28788,39.14
28789,38.96
28790,38.87
28791,39.06
28792,34.95
28793,42.35
28794,43.03
28795,43
28796,41.44
28797,40.95
28798,39.99
28799,36
28800,31.59
28801,30.73
28802,29.16
28803,28.78
28804,37.95
28805,38.85
28806,39.53
28807,39.85
28808,40.13
28809,40.57
28810,40.33
28811,39.89
28812,39.5
28813,39.38
28814,39.33
28815,39.39
28816,39.64
28817,39.1
28818,41.83
28819,42.49
28820,41.73
28821,40.6
28822,38.9
28823,38.67
28824,38.28
28825,38.16
28826,38.36
28827,37.92
28828,37.4
28829,47.2
28830,56.1
28831,64.99
28832,58.97
28833,55.74
28834,52.97
28835,51.81
28836,49.99
28837,46.3
28838,45.79
28839,44.51
28840,45.74
28841,48.49
28842,52.84
28843,55
28844,48.08
28845,43.98
28846,41.55
28847,36.96
28848,36.71
28849,36.5
28850,35.5
28851,35.91
28852,35.24
28853,47.74
28854,54.88
28855,56
28856,51.93
28857,47.05
28858,42.71
28859,39.38
28860,41.78
28861,40.38
28862,39.97
28863,38.5
28864,43.65
28865,50.37
28866,50.08
28867,44.31
28868,42.67
28869,41.59
28870,39.83
28871,33.38
28872,33.18
28873,32.54
28874,33
28875,33.3
28876,35.65
28877,44.83
28878,53.49
28879,55.43
28880,47
28881,44.03
28882,42.28
28883,41.71
28884,40.89
28885,39.73
28886,37.99
28887,35
28888,39.04
28889,46.28
28890,48.71
28891,47.17
28892,45.24
28893,41.74
28894,37.4
28895,35.8
28896,33.03
28897,33.4
28898,33.7
28899,33.26
28900,33.76
28901,43.27
28902,49.96
28903,49.96
28904,46.19
28905,43
28906,41.73
28907,39.92
28908,39.66
28909,38.73
28910,34.12
28911,37.99
28912,42.64
28913,46.36
28914,42.4
28915,40.74
28916,39.56
28917,39.6
28918,33.04
28919,32.18
28920,32.2
28921,31.23
28922,30.06
28923,30.51
28924,32.97
28925,42.28
28926,47.95
28927,48.93
28928,45.92
28929,43.02
28930,41
28931,37.71
28932,33.07
28933,35.87
28934,34.69
28935,33.51
28936,36.98
28937,41.14
28938,38.21
28939,37.83
28940,37.24
28941,36.28
28942,32.19
28943,32.82
28944,30.07
28945,27.59
28946,27.08
28947,27.6
28948,29.51
28949,32.06
28950,34.1
28951,34.94
28952,33.93
28953,33.95
28954,33.11
28955,30.93
28956,29.28
28957,24.01
28958,22.88
28959,25.94
28960,26.14
28961,38.26
28962,41.24
28963,36.47
28964,36.34
28965,36.07
28966,35
28967,29.02
28968,19.37
28969,28.47
28970,30.91
28971,31.91
28972,33.15
28973,34.05
28974,35.79
28975,36.42
28976,36.94
28977,37
28978,36.97
28979,36.49
28980,36
28981,35.61
28982,35.83
28983,36.09
28984,36.62
28985,36.82
28986,36.87
28987,36.96
28988,36.14
28989,32.34
28990,24.1
28991,18.49
28992,16.08
28993,13.85
28994,12.25
28995,14.07
28996,22.2
28997,39.16
28998,47.42
28999,46.05
29000,40.47
29001,38.99
29002,37.99
29003,32.31
29004,28.49
29005,26.46
29006,28.6
29007,30.05
29008,32.4
29009,39.72
29010,39.21
29011,37.44
29012,37
29013,35.99
29014,34.76
29015,30.9
29016,30
29017,28.45
29018,24.12
29019,23.4
29020,30.1
29021,36.37
29022,40.28
29023,41.92
29024,37.55
29025,28.03
29026,25.53
29027,28.43
29028,28.7
29029,25.01
29030,28.51
29031,29.9
29032,36.37
29033,41.31
29034,38.27
29035,37.14
29036,37.45
29037,37.25
29038,36.46
29039,28.68
29040,24.09
29041,18.8
29042,24.15
29043,32.43
29044,34.99
29045,37.7
29046,39.78
29047,40.91
29048,40.04
29049,39.65
29050,39.14
29051,38.12
29052,37.76
29053,37.36
29054,36.92
29055,36.7
29056,36.84
29057,34.99
29058,38.75
29059,40.18
29060,39.15
29061,36.38
29062,32.1
29063,25.03
29064,23.08
29065,29.66
29066,32.38
29067,32.62
29068,30.02
29069,35.7
29070,44.5
29071,44.93
29072,38.97
29073,37.13
29074,37.42
29075,37.15
29076,37.03
29077,29.59
29078,21.11
29079,21.05
29080,28.43
29081,35.98
29082,41.57
29083,42
29084,40.98
29085,37.66
29086,33.1
29087,34.96
29088,33.01
29089,32.43
29090,30.74
29091,30
29092,35.55
29093,44.48
29094,39.99
29095,41.38
29096,41.04
29097,40.28
29098,40.17
29099,37.66
29100,35.05
29101,33.08
29102,33.06
29103,33.57
29104,40.97
29105,44.56
29106,50.03
29107,52.99
29108,45.86
29109,40.56
29110,33.47
29111,28.48
29112,21.1
29113,25.26
29114,33.17
29115,32.72
29116,32.55
29117,34.84
29118,36.02
29119,36.56
29120,37.18
29121,37.02
29122,36.74
29123,35.98
29124,35.52
29125,34.98
29126,34.76
29127,34.96
29128,32.91
29129,36.08
29130,42.17
29131,45.95
29132,42.27
29133,39.51
29134,35.96
29135,35.98
29136,30.78
29137,27.83
29138,34.01
29139,33.95
29140,33.6
29141,34.47
29142,34.82
29143,35.61
29144,35.97
29145,36.03
29146,35.97
29147,35.64
29148,35.32
29149,34.99
29150,34.45
29151,34.62
29152,35.23
29153,35.6
29154,35.33
29155,35.31
29156,35.74
29157,35.3
29158,33.39
29159,31.93
29160,30.36
29161,25.09
29162,3.46
29163,2.65
29164,3.78
29165,5.01
29166,18.24
29167,20.34
29168,14.97
29169,4.9
29170,6.52
29171,0.88
29172,3.6
29173,2.32
29174,5.83
29175,26.68
29176,30.99
29177,30.99
29178,33.81
29179,34.43
29180,33.49
29181,33.09
29182,30.78
29183,18.91
29184,10.99
29185,8.42
29186,5.88
29187,4.5
29188,0.13
29189,4.91
29190,14.98
29191,24.34
29192,28.99
29193,31.03
29194,28.67
29195,25.48
29196,21.93
29197,21.91
29198,23.94
29199,26.24
29200,30.32
29201,31.01
29202,29.37
29203,28.85
29204,30.98
29205,32.02
29206,27.93
29207,32.03
29208,28.07
29209,28.18
29210,27.68
29211,28.48
29212,29.55
29213,44.68
29214,45.89
29215,47.18
29216,40.25
29217,39.95
29218,39.02
29219,38.1
29220,37.62
29221,36.88
29222,37.37
29223,38.53
29224,37.99
29225,40.17
29226,40.44
29227,40.07
29228,38.05
29229,37.59
29230,36.03
29231,34.23
29232,32.12
29233,31.16
29234,30.53
29235,32.22
29236,34.25
29237,40.11
29238,48.17
29239,50.01
29240,46.83
29241,44.28
29242,38.48
29243,37.95
29244,37.37
29245,37.09
29246,36.46
29247,36.49
29248,37.49
29249,37.92
29250,39.15
29251,39.74
29252,44.18
29253,40.08
29254,35
29255,34.24
29256,33.32
29257,33.88
29258,33.72
29259,33.88
29260,36.76
29261,46.48
29262,53.37
29263,57.52
29264,49.69
29265,45.56
29266,42.56
29267,39.3
29268,36.72
29269,36.49
29270,34.94
29271,36.77
29272,39.2
29273,45.24
29274,44.86
29275,43.59
29276,41.23
29277,38.92
29278,33.96
29279,33.59
29280,30.6
29281,28.03
29282,25.98
29283,25.52
29284,27.02
29285,30.74
29286,33.55
29287,37.44
29288,35.07
29289,35.46
29290,34.97
29291,33.05
29292,31.81
29293,31.38
29294,31.1
29295,31.99
29296,30.73
29297,34.94
29298,37.32
29299,37.43
29300,35.11
29301,32.97
29302,25.03
29303,20.86
29304,21.64
29305,22.96
29306,21.51
29307,21.57
29308,17.94
29309,16
29310,17.32
29311,21.1
29312,26.68
29313,25.98
29314,21.3
29315,20.85
29316,18.26
29317,15.6
29318,14.16
29319,20.83
29320,25.09
29321,29.38
29322,34.29
29323,36.79
29324,33.94
29325,30.46
29326,25.02
29327,15.64
29328,16.15
29329,16.04
29330,16.87
29331,17.75
29332,26.7
29333,41.51
29334,48.07
29335,46.81
29336,43.65
29337,38.36
29338,33.78
29339,33.22
29340,33.27
29341,32.46
29342,33.66
29343,34.8
29344,40.32
29345,48.37
29346,58.18
29347,48.81
29348,39.97
29349,33.86
29350,27.27
29351,22.01
29352,20.09
29353,16.95
29354,17.73
29355,18.01
29356,26.3
29357,32.98
29358,37.03
29359,37.95
29360,34.36
29361,34.83
29362,34.13
29363,32.49
29364,29.25
29365,20.83
29366,20.71
29367,21.08
29368,27.13
29369,36.91
29370,39.93
29371,32.85
29372,33.13
29373,28.93
29374,22.28
29375,17.95
29376,11.37
29377,11.32
29378,13.56
29379,14.76
29380,22.19
29381,38.02
29382,46.79
29383,54.38
29384,45
29385,40.31
29386,32.63
29387,32.15
29388,29.39
29389,27.1
29390,24.29
29391,24.39
29392,26.57
29393,26.26
29394,38.31
29395,10.75
29396,22.4
29397,12.74
29398,5.89
29399,3.04
29400,2.89
29401,2.93
29402,2.97
29403,2.92
29404,2.99
29405,4.19
29406,15.09
29407,26.4
29408,26.93
29409,25.71
29410,26.19
29411,23.05
29412,20.88
29413,16.92
29414,16.98
29415,19.24
29416,22
29417,27.54
29418,29.29
29419,29.44
29420,29.74
29421,17.62
29422,11.98
29423,4.62
29424,3.46
29425,3.07
29426,3.17
29427,3.62
29428,17.26
29429,41.9
29430,47.44
29431,48.27
29432,43.85
29433,41.79
29434,42
29435,41.77
29436,38.93
29437,37.44
29438,38.18
29439,41.3
29440,49
29441,52.11
29442,57.66
29443,58.12
29444,55.38
29445,56.17
29446,45.99
29447,39.96
29448,35.01
29449,30.26
29450,30.05
29451,29.94
29452,29.94
29453,32.05
29454,36.14
29455,39.95
29456,37.93
29457,33.46
29458,32.41
29459,30.31
29460,30.01
29461,28.43
29462,28.07
29463,27.69
29464,30.05
29465,36.96
29466,37.94
29467,36.97
29468,34.65
29469,32.33
29470,19.5
29471,26.68
29472,20.89
29473,17.06
29474,14.92
29475,14.88
29476,13.77
29477,14.03
29478,15.37
29479,17.74
29480,24.9
29481,28.14
29482,22.8
29483,18.4
29484,13.51
29485,10.18
29486,9.89
29487,11.02
29488,17.33
29489,23.49
29490,26.97
29491,25.13
29492,24.07
29493,24.05
29494,19.42
29495,19.78
29496,16.28
29497,14.13
29498,14.87
29499,15.62
29500,26
29501,37.57
29502,54.06
29503,58.01
29504,55.83
29505,50.79
29506,42.43
29507,40.97
29508,40.07
29509,39.85
29510,37.84
29511,37.42
29512,36.74
29513,41.01
29514,43.1
29515,42.81
29516,40.73
29517,37.3
29518,32.25
29519,32.36
29520,30.24
29521,28.85
29522,28.02
29523,30.01
29524,32.58
29525,41.01
29526,54.6
29527,58.6
29528,54.55
29529,51.2
29530,48.9
29531,46.5
29532,44.27
29533,41.07
29534,40.5
29535,39.91
29536,41.07
29537,47.9
29538,50
29539,49.96
29540,47.08
29541,46.33
29542,40.27
29543,33.81
29544,32.35
29545,31.93
29546,31.22
29547,31.03
29548,34.06
29549,45.95
29550,55.4
29551,60.21
29552,54.1
29553,50.9
29554,48.36
29555,43.43
29556,40.5
29557,38.17
29558,36.3
29559,35.77
29560,37.14
29561,40.36
29562,42.03
29563,42
29564,39.31
29565,32.89
29566,20.64
29567,19.93
29568,10.06
29569,5.17
29570,5.12
29571,4.89
29572,24.87
29573,36.19
29574,42.8
29575,45.12
29576,43.25
29577,42.13
29578,40.93
29579,36.3
29580,35.73
29581,34.57
29582,33.39
29583,29.87
29584,33.54
29585,40.8
29586,36.59
29587,35.7
29588,35.18
29589,34.33
29590,28.95
29591,19.98
29592,15.34
29593,6
29594,5.96
29595,4.77
29596,32.22
29597,41.84
29598,50.72
29599,48.82
29600,42.97
29601,41.8
29602,39.4
29603,38.05
29604,37.2
29605,36.49
29606,35.26
29607,36.44
29608,41.58
29609,46.47
29610,48.95
29611,47.37
29612,47.32
29613,44.96
29614,41.55
29615,41.91
29616,35.18
29617,34.14
29618,34.64
29619,34.55
29620,34.91
29621,39.88
29622,47.01
29623,47.03
29624,42.97
29625,33.86
29626,34.41
29627,34.48
29628,33.85
29629,32.6
29630,31.78
29631,31.2
29632,35.89
29633,42.96
29634,43.59
29635,42.66
29636,41.03
29637,37.58
29638,30.7
29639,29.94
29640,27.71
29641,22.7
29642,22.61
29643,18.01
29644,17.06
29645,22.7
29646,27.56
29647,31.65
29648,32.5
29649,32.94
29650,32.31
29651,30.71
29652,26.69
29653,22.89
29654,19.26
29655,20.77
29656,25.9
29657,29.66
29658,27.93
29659,25.23
29660,25.8
29661,21.59
29662,15.27
29663,3.91
29664,3.04
29665,2.97
29666,3.1
29667,3.18
29668,19.4
29669,32.94
29670,35.78
29671,35.13
29672,36.16
29673,38.05
29674,38.09
29675,36.99
29676,35.79
29677,35.39
29678,35.03
29679,33.92
29680,34.32
29681,34.61
29682,34.91
29683,33.75
29684,33.46
29685,33.38
29686,27.58
29687,32.08
29688,30.27
29689,30.05
29690,28.83
29691,27.71
29692,32.1
29693,47.06
29694,54.8
29695,59.37
29696,49.57
29697,44.97
29698,43.05
29699,41.05
29700,41.09
29701,42.4
29702,47.4
29703,49.88
29704,56.22
29705,57.05
29706,59.66
29707,50.7
29708,47.36
29709,41.94
29710,37.84
29711,37.91
29712,37
29713,36.04
29714,34.53
29715,35.24
29716,37.83
29717,46.37
29718,56.35
29719,65.99
29720,51.21
29721,47.14
29722,43.05
29723,41.35
29724,41.34
29725,41.06
29726,40.47
29727,40.29
29728,40.44
29729,43.93
29730,46.85
29731,45.21
29732,41.92
29733,40.06
29734,35.37
29735,35.64
29736,34.13
29737,33.01
29738,31.79
29739,32.34
29740,32.08
29741,40.83
29742,46.51
29743,50
29744,47.7
29745,43.98
29746,43.88
29747,43.78
29748,43.36
29749,43.02
29750,41.89
29751,41.64
29752,40.42
29753,42.69
29754,43.98
29755,43.74
29756,41.97
29757,39.86
29758,35.18
29759,35.97
29760,34.17
29761,33.4
29762,32.09
29763,33.01
29764,35.89
29765,43.4
29766,47.37
29767,48.01
29768,47.95
29769,47.41
29770,44.81
29771,43.19
29772,43.05
29773,41.72
29774,40.47
29775,40.09
29776,41.87
29777,42.17
29778,41.86
29779,40.94
29780,40.82
29781,40.31
29782,38.91
29783,40.14
29784,38.66
29785,36
29786,34.97
29787,34.27
29788,33.81
29789,37.33
29790,39.62
29791,42.62
29792,40.47
29793,40.61
29794,40.04
29795,39.07
29796,37.98
29797,37.1
29798,36.8
29799,36.94
29800,35.08
29801,44.06
29802,43.94
29803,44.55
29804,43.02
29805,41.82
29806,39.12
29807,38.82
29808,34.15
29809,34.02
29810,33.06
29811,32.6
29812,32.01
29813,34.42
29814,36.52
29815,37.67
29816,38.86
29817,39.25
29818,38.98
29819,38.56
29820,37.94
29821,37.24
29822,37.63
29823,37.23
29824,32
29825,44.97
29826,46.22
29827,42.11
29828,41.98
29829,41.27
29830,37.69
29831,32.06
29832,29.36
29833,27.62
29834,27.56
29835,28.51
29836,32.86
29837,47.63
29838,50.5
29839,51.27
29840,50.91
29841,49.93
29842,48.3
29843,46.23
29844,47.01
29845,47.54
29846,48.81
29847,49.95
29848,52.01
29849,51.46
29850,53.34
29851,49.98
29852,47.07
29853,44.22
29854,37.51
29855,35.29
29856,33.9
29857,35.53
29858,35.22
29859,33.29
29860,38.55
29861,42.46
29862,52.69
29863,59.58
29864,53.1
29865,53.56
29866,46.99
29867,44.58
29868,43.96
29869,43.2
29870,42.67
29871,41.3
29872,44.66
29873,45.13
29874,46.1
29875,44
29876,43.35
29877,42.55
29878,38.17
29879,37.88
29880,36.22
29881,35
29882,33.4
29883,33.97
29884,37.81
29885,43.96
29886,53
29887,56.89
29888,53.15
29889,49.91
29890,47.97
29891,43.94
29892,43.93
29893,44.74
29894,44.98
29895,45.56
29896,48.73
29897,55.83
29898,59.25
29899,58.91
29900,50.06
29901,45.08
29902,42.43
29903,42.88
29904,38.71
29905,38.65
29906,38.15
29907,37.91
29908,38.37
29909,41.12
29910,49.98
29911,49.27
29912,44.18
29913,44.05
29914,43.07
29915,42.74
29916,42.86
29917,42.86
29918,42.84
29919,42.96
29920,44.15
29921,48.49
29922,50.82
29923,49.94
29924,48.99
29925,44.12
29926,41.28
29927,41.41
29928,38.89
29929,38.82
29930,38.45
29931,38.62
29932,40.19
29933,49
29934,63.57
29935,68.15
29936,76.06
29937,74.97
29938,75.07
29939,70.23
29940,49.97
29941,48.07
29942,49.08
29943,49.89
29944,56.91
29945,56.29
29946,55.27
29947,54.49
29948,56.06
29949,55.14
29950,48.85
29951,38.43
29952,37.09
29953,39.14
29954,38.5
29955,38.5
29956,38.78
29957,40.45
29958,41.43
29959,43.81
29960,45.71
29961,43.38
29962,43.05
29963,42.48
29964,42.12
29965,42.01
29966,42.11
29967,42.2
29968,40.38
29969,45.91
29970,51.05
29971,51.04
29972,50.91
29973,47
29974,42.64
29975,39.36
29976,35.5
29977,40.04
29978,39.33
29979,38.43
29980,39.25
29981,40.18
29982,41.39
29983,43.08
29984,43.57
29985,44.03
29986,43.89
29987,43.89
29988,43.46
29989,41.62
29990,40.97
29991,41.32
29992,42.58
29993,39.77
29994,44.5
29995,47.32
29996,48.98
29997,45.04
29998,40.57
29999,35.57
30000,33.1
30001,32.4
30002,31.44
30003,30.85
30004,35.66
30005,45.81
30006,46.11
30007,45.66
30008,45.77
30009,45.81
30010,45.6
30011,45.58
30012,45.3
30013,45.19
30014,45.06
30015,44.77
30016,45.52
30017,46.07
30018,45.99
30019,45.63
30020,45.39
30021,45.27
30022,43.07
30023,42.66
30024,41.01
30025,39.44
30026,39.35
30027,39.05
30028,41.63
30029,45.83
30030,46.81
30031,46.87
30032,46.93
30033,47.1
30034,47.34
30035,47.22
30036,46.78
30037,46.44
30038,46.68
30039,46.51
30040,53.63
30041,59.46
30042,65.6
30043,60.04
30044,52.89
30045,50.23
30046,44.93
30047,44.99
30048,41.16
30049,40.05
30050,41.62
30051,38.25
30052,40.03
30053,46.84
30054,59.07
30055,65
30056,57.93
30057,50.97
30058,49.99
30059,47.83
30060,47.14
30061,47.16
30062,47.51
30063,49.94
30064,52.19
30065,61.25
30066,63.31
30067,59.45
30068,50.93
30069,47.43
30070,44.96
30071,39.71
30072,41.76
30073,41.03
30074,40.75
30075,38.25
30076,39.99
30077,46.98
30078,57
30079,60.95
30080,57.97
30081,51.86
30082,48.91
30083,47.7
30084,47.78
30085,47.85
30086,48.63
30087,54.23
30088,57.94
30089,59.01
30090,62.64
30091,58.35
30092,52.97
30093,50.97
30094,46.82
30095,43.02
30096,43.4
30097,42.82
30098,43.98
30099,44.01
30100,41.97
30101,48.93
30102,57.09
30103,63.52
30104,56.91
30105,54.13
30106,53.05
30107,49.54
30108,49.55
30109,49.09
30110,48.32
30111,48.45
30112,50.47
30113,54.66
30114,54.98
30115,53.09
30116,49.67
30117,50.37
30118,48.45
30119,45.07
30120,41.79
30121,42.63
30122,42.01
30123,40.87
30124,41.94
30125,45.17
30126,46.76
30127,47.2
30128,47.69
30129,47.73
30130,47.61
30131,47.19
30132,46.49
30133,45.77
30134,45.39
30135,46.32
30136,47.22
30137,48.48
30138,48.96
30139,48.91
30140,48.03
30141,48
30142,44.64
30143,45.46
30144,43.95
30145,43.31
30146,42.19
30147,42.08
30148,42.92
30149,44.2
30150,45.5
30151,46.41
30152,46.48
30153,47.22
30154,47.42
30155,47.34
30156,47.01
30157,46.04
30158,45.47
30159,45.96
30160,46.9
30161,46.36
30162,49.93
30163,49.97
30164,49.9
30165,49.94
30166,46.65
30167,39.55
30168,38.37
30169,37.43
30170,37.56
30171,37.38
30172,38.56
30173,49.4
30174,56.87
30175,49.27
30176,48.82
30177,48.74
30178,48.43
30179,48.04
30180,47.73
30181,47.58
30182,47.65
30183,46
30184,49.71
30185,48.84
30186,48.54
30187,47.8
30188,47.59
30189,47.53
30190,45.06
30191,40.93
30192,39.48
30193,38.54
30194,39.95
30195,37.34
30196,38.02
30197,44.02
30198,56.11
30199,59.46
30200,59.27
30201,56.96
30202,59.17
30203,58.15
30204,56.52
30205,53.9
30206,51.5
30207,50.98
30208,51.62
30209,52.93
30210,54.08
30211,52.78
30212,48.94
30213,50.29
30214,46.27
30215,39.5
30216,38.4
30217,42.39
30218,41.97
30219,41.56
30220,39.9
30221,44.44
30222,54.05
30223,55.77
30224,54.68
30225,54.94
30226,55
30227,53.03
30228,59.63
30229,55.4
30230,52.41
30231,49.27
30232,49.03
30233,51.96
30234,53.06
30235,52.91
30236,52.97
30237,51.24
30238,46.91
30239,46.69
30240,40
30241,43.65
30242,42.98
30243,43.08
30244,44.9
30245,40.26
30246,52.49
30247,55.38
30248,49.76
30249,45.65
30250,47.52
30251,47.34
30252,47.25
30253,46.19
30254,45.33
30255,40.32
30256,43.95
30257,50.67
30258,51.98
30259,47.2
30260,46.9
30261,47.51
30262,39.91
30263,39.1
30264,38.75
30265,37.8
30266,36.23
30267,37.06
30268,39.58
30269,50.36
30270,59.92
30271,61.9
30272,60.08
30273,56.24
30274,55.37
30275,53.46
30276,49.24
30277,47.76
30278,47.91
30279,48.06
30280,49.94
30281,53.97
30282,56.35
30283,56.1
30284,53.93
30285,50.92
30286,46.68
30287,43.92
30288,40.57
30289,41.01
30290,40.71
30291,40.29
30292,41.28
30293,42.04
30294,43.72
30295,45.83
30296,46.4
30297,46.61
30298,46.23
30299,45.4
30300,44.87
30301,44.51
30302,44.47
30303,44.72
30304,45.53
30305,46.02
30306,46.8
30307,46.08
30308,45.66
30309,46.31
30310,44.24
30311,41.57
30312,42.09
30313,40.42
30314,40.02
30315,39.6
30316,39.64
30317,40.55
30318,41.48
30319,42.31
30320,42.89
30321,43.01
30322,37.5
30323,14.72
30324,4.99
30325,0.05
30326,1.16
30327,9.71
30328,16.78
30329,32.98
30330,43.95
30331,45.62
30332,45.85
30333,47.11
30334,44.4
30335,37.91
30336,37.01
30337,35.4
30338,37.69
30339,32.88
30340,34.99
30341,46.98
30342,54.05
30343,52.06
30344,46.98
30345,45.93
30346,45.59
30347,44.98
30348,45.02
30349,44.84
30350,44.98
30351,44.07
30352,45.54
30353,48.78
30354,49.87
30355,49.59
30356,44.9
30357,44.2
30358,41.59
30359,39.26
30360,36.75
30361,34.03
30362,26.82
30363,27.64
30364,34.35
30365,41.74
30366,45.15
30367,44.59
30368,44.38
30369,44.2
30370,43.96
30371,43.87
30372,43.78
30373,43.6
30374,43.15
30375,42.6
30376,43.33
30377,43.97
30378,44.49
30379,49.76
30380,49.76
30381,53.4
30382,48.96
30383,42.55
30384,41.09
30385,40.34
30386,38.96
30387,38.11
30388,39.96
30389,47.38
30390,57.07
30391,53.43
30392,49.53
30393,43.28
30394,44.97
30395,44.07
30396,42.92
30397,42.93
30398,42.15
30399,41.95
30400,43.12
30401,43.76
30402,43.56
30403,43.06
30404,42.65
30405,42.32
30406,41.56
30407,38.79
30408,38
30409,35.04
30410,37.09
30411,35.88
30412,35
30413,43.89
30414,50.24
30415,54.85
30416,42.94
30417,39.91
30418,44.17
30419,43.76
30420,43.39
30421,43.05
30422,36.17
30423,16.74
30424,19.54
30425,19.82
30426,23.7
30427,26.5
30428,27.02
30429,27.06
30430,22.02
30431,15.86
30432,15.21
30433,13.09
30434,4.56
30435,4.34
30436,15.59
30437,27.13
30438,41.11
30439,42.49
30440,42.72
30441,42.44
30442,40.56
30443,38.7
30444,35.7
30445,19.08
30446,16.21
30447,18.16
30448,17.86
30449,20.14
30450,28.99
30451,28.08
30452,25.09
30453,25.67
30454,20.2
30455,24.04
30456,18.42
30457,17.99
30458,15.45
30459,11.05
30460,13.01
30461,17.04
30462,18.12
30463,22.9
30464,23.46
30465,27.79
30466,26.03
30467,23.08
30468,19.31
30469,18.77
30470,18.75
30471,20.07
30472,29.67
30473,35
30474,35.65
30475,37.59
30476,42.6
30477,42.26
30478,39.44
30479,39.66
30480,38.01
30481,36.61
30482,35.78
30483,35.45
30484,35.59
30485,39.14
30486,40.72
30487,43.08
30488,43.33
30489,43.96
30490,44.35
30491,44.28
30492,44.14
30493,44.24
30494,43.9
30495,43.91
30496,44.06
30497,44.32
30498,44.95
30499,43.83
30500,46.64
30501,46.01
30502,42.8
30503,39.12
30504,40.97
30505,39.68
30506,39.32
30507,32.06
30508,34.26
30509,48.38
30510,54.95
30511,56.21
30512,52
30513,51.75
30514,52.11
30515,49.91
30516,47.93
30517,46.72
30518,46.34
30519,45.49
30520,45.94
30521,47.75
30522,49.95
30523,50.6
30524,48.87
30525,47.85
30526,43.99
30527,43.02
30528,40.79
30529,41.28
30530,41.56
30531,41.15
30532,41.96
30533,48.94
30534,99.98
30535,144.33
30536,99.7
30537,99.91
30538,80.41
30539,74.94
30540,69.3
30541,71.47
30542,60.29
30543,47.83
30544,49.99
30545,52.09
30546,54.88
30547,53.4
30548,50.94
30549,50.63
30550,44.42
30551,43.17
30552,41.94
30553,41.62
30554,41.48
30555,40.33
30556,43.48
30557,50.78
30558,58.17
30559,69.14
30560,71.85
30561,71.49
30562,80.81
30563,60.43
30564,60.1
30565,59.72
30566,52.83
30567,47.27
30568,48.42
30569,51.96
30570,55.01
30571,52.6
30572,50.02
30573,48.93
30574,44.2
30575,39.09
30576,41.67
30577,41.63
30578,41.03
30579,40
30580,40.24
30581,47.13
30582,52.96
30583,58.5
30584,51.08
30585,50.25
30586,49.75
30587,49.34
30588,49.21
30589,48.52
30590,47.59
30591,46.12
30592,47.95
30593,48.94
30594,49.98
30595,48.92
30596,44.94
30597,45.94
30598,41.46
30599,39
30600,37.89
30601,36.02
30602,33.98
30603,33.96
30604,38.47
30605,44.83
30606,52.39
30607,55.87
30608,49.58
30609,49.45
30610,49.09
30611,48.21
30612,47.74
30613,47.08
30614,46.43
30615,46.17
30616,43.79
30617,47.23
30618,50.97
30619,49.73
30620,48.66
30621,49.99
30622,44.35
30623,43.42
30624,43.05
30625,43.23
30626,40.21
30627,40.65
30628,43.17
30629,44.78
30630,46.03
30631,48.36
30632,46.95
30633,48.22
30634,47.92
30635,47.5
30636,46.34
30637,45.82
30638,45.44
30639,45.42
30640,46.37
30641,47.62
30642,48.54
30643,48.16
30644,47.51
30645,47.8
30646,45.45
30647,46.08
30648,44.49
30649,43.12
30650,42.36
30651,42.06
30652,42.33
30653,44.16
30654,45.02
30655,45.42
30656,45.57
30657,45.97
30658,46.03
30659,46.02
30660,45.82
30661,45.61
30662,46
30663,45.92
30664,46.25
30665,46.79
30666,48.37
30667,49.67
30668,46.28
30669,48.04
30670,47.56
30671,47.7
30672,46.21
30673,45.91
30674,45.39
30675,44.28
30676,40.12
30677,49.49
30678,55.95
30679,54.92
30680,52.14
30681,50.82
30682,50.79
30683,50.95
30684,50.9
30685,50.94
30686,50.62
30687,50.19
30688,52.13
30689,55.38
30690,60.18
30691,59.02
30692,54.96
30693,51.97
30694,48.29
30695,42.23
30696,41.44
30697,45.18
30698,44.77
30699,43.02
30700,44.2
30701,50.24
30702,58
30703,60.4
30704,55.95
30705,53.45
30706,51.92
30707,52.58
30708,53.89
30709,53.51
30710,52.71
30711,50.96
30712,52.99
30713,55.94
30714,61.67
30715,63.03
30716,60.01
30717,54.9
30718,50.28
30719,48
30720,46.23
30721,45.8
30722,46.02
30723,45.44
30724,46.26
30725,52.55
30726,59.98
30727,62.64
30728,58.06
30729,57.92
30730,57.29
30731,54.03
30732,53.64
30733,53.67
30734,53.94
30735,53.97
30736,54.95
30737,57.97
30738,60.38
30739,59.93
30740,58.01
30741,55.49
30742,50.93
30743,49.13
30744,45.48
30745,44.31
30746,47.14
30747,47.34
30748,47.57
30749,51.89
30750,57.71
30751,61.21
30752,60.94
30753,62.41
30754,64.07
30755,63.88
30756,52.25
30757,52.06
30758,51.84
30759,52.02
30760,52.97
30761,54.83
30762,55.41
30763,55.1
30764,53.79
30765,52.05
30766,50.21
30767,48.39
30768,42.98
30769,42.06
30770,44.09
30771,42
30772,41.92
30773,49.69
30774,55.01
30775,55.92
30776,55.96
30777,55.94
30778,54.88
30779,51.35
30780,50.18
30781,49.31
30782,49.95
30783,49.92
30784,42.67
30785,47.98
30786,50.42
30787,50.17
30788,49.6
30789,49.99
30790,46.5
30791,47.71
30792,41.9
30793,39.08
30794,39.08
30795,38.05
30796,36.72
30797,39.08
30798,41.4
30799,43.49
30800,39.82
30801,26.58
30802,22.26
30803,27.05
30804,27
30805,2.34
30806,11.93
30807,35.32
30808,48.29
30809,48.82
30810,48.7
30811,48.43
30812,48.11
30813,48.08
30814,48.25
30815,48.03
30816,46.09
30817,45.06
30818,45.02
30819,45.07
30820,47.11
30821,48.41
30822,48.56
30823,49.24
30824,49.4
30825,50.1
30826,50.27
30827,50.23
30828,50.02
30829,49.79
30830,49.57
30831,49.69
30832,49.93
30833,50.23
30834,50.43
30835,50.51
30836,50.27
30837,50.83
30838,49.94
30839,42.88
30840,40.8
30841,40.09
30842,39.73
30843,39.87
30844,42.6
30845,50.14
30846,53.52
30847,53.86
30848,52.52
30849,50.11
30850,50.96
30851,50.98
30852,51.07
30853,50.9
30854,50.71
30855,50.74
30856,49.6
30857,52.61
30858,53.06
30859,52.73
30860,51.94
30861,52.22
30862,49.37
30863,43.98
30864,43.3
30865,46.65
30866,45.7
30867,41.7
30868,44.54
30869,50.61
30870,56.82
30871,58.34
30872,58.9
30873,58.41
30874,58.26
30875,57.32
30876,57.02
30877,55.97
30878,55.15
30879,54.37
30880,56
30881,57.05
30882,57.5
30883,56.08
30884,54.75
30885,55.99
30886,50.69
30887,45.5
30888,44.4
30889,48.15
30890,47.99
30891,47.27
30892,46.4
30893,51.44
30894,56.99
30895,57.51
30896,57.75
30897,56.94
30898,56.69
30899,55.99
30900,54.99
30901,54.29
30902,53.67
30903,52.66
30904,55.23
30905,56.91
30906,57.77
30907,56.85
30908,55.54
30909,55.65
30910,51.58
30911,48.77
30912,46.1
30913,49.09
30914,49.03
30915,48.63
30916,46.02
30917,51.05
30918,57.94
30919,58.9
30920,56.97
30921,58.31
30922,58.3
30923,56.51
30924,54.92
30925,54.45
30926,54.22
30927,53.46
30928,55.44
30929,56.32
30930,58.64
30931,57.07
30932,55.92
30933,54.85
30934,51.16
30935,49.32
30936,43.91
30937,49.84
30938,49.07
30939,48.43
30940,47.32
30941,51.79
30942,57.69
30943,57.98
30944,56.53
30945,55
30946,54.21
30947,54.11
30948,54.05
30949,53.41
30950,53.17
30951,52.69
30952,52.63
30953,55.85
30954,57.84
30955,55.02
30956,54.4
30957,54.47
30958,51.79
30959,52.05
30960,50
30961,48.19
30962,45.3
30963,47.2
30964,48.23
30965,43.06
30966,50.37
30967,52.51
30968,52.71
30969,52.66
30970,52.63
30971,52.04
30972,51.67
30973,51.38
30974,51.08
30975,41.6
30976,48.72
30977,53.02
30978,54.76
30979,55.82
30980,54.22
30981,55.01
30982,52.4
30983,49.82
30984,47.64
30985,45.01
30986,42.41
30987,42.29
30988,42.4
30989,41.49
30990,49.73
30991,50.85
30992,51.62
30993,52.34
30994,52.37
30995,52.37
30996,51.94
30997,51.81
30998,51.65
30999,52.03
31000,52.47
31001,51.72
31002,54.25
31003,55.78
31004,55.9
31005,56.39
31006,53.26
31007,50.58
31008,43.85
31009,47.9
31010,47.72
31011,47.54
31012,46.19
31013,53.05
31014,58.09
31015,59.4
31016,58.87
31017,57.43
31018,57.74
31019,56.11
31020,54.94
31021,55.46
31022,55.41
31023,55.91
31024,57.36
31025,59.34
31026,62.82
31027,59.22
31028,56.92
31029,57.08
31030,51.84
31031,46.52
31032,44.44
31033,48.03
31034,47.77
31035,45.05
31036,46.08
31037,52.2
31038,57.96
31039,59.44
31040,57.97
31041,56.05
31042,56
31043,53.98
31044,53.67
31045,53.63
31046,53.77
31047,53.67
31048,53.76
31049,56.18
31050,58.56
31051,56.94
31052,55.21
31053,54.44
31054,51.32
31055,44.04
31056,42.23
31057,47.9
31058,46.28
31059,42.06
31060,47.88
31061,49.64
31062,53.68
31063,55.93
31064,54.12
31065,53.68
31066,53.69
31067,53.59
31068,53.62
31069,53.43
31070,53.37
31071,48.49
31072,53.68
31073,55.26
31074,57.97
31075,56.87
31076,55.14
31077,54.03
31078,49.88
31079,43.08
31080,42.6
31081,41.7
31082,41.7
31083,41.39
31084,43.05
31085,51.05
31086,56.32
31087,57.98
31088,55.95
31089,54.08
31090,53.03
31091,53.24
31092,52.99
31093,53.01
31094,52.51
31095,52.73
31096,55.26
31097,57.99
31098,59.38
31099,58.47
31100,57.53
31101,56.15
31102,51.9
31103,48.82
31104,45.6
31105,44.49
31106,48.12
31107,46.42
31108,45.69
31109,52.47
31110,57.61
31111,57.93
31112,57.98
31113,57.06
31114,56.69
31115,55.1
31116,54.07
31117,54.03
31118,55.06
31119,56.07
31120,57.91
31121,58.5
31122,58.95
31123,57.98
31124,56.1
31125,56.02
31126,52.57
31127,50.33
31128,44.87
31129,49.18
31130,49.03
31131,48.07
31132,49.01
31133,50.53
31134,52.01
31135,53.81
31136,55.04
31137,55.09
31138,55.18
31139,54.72
31140,53.78
31141,53.26
31142,52.88
31143,52.73
31144,53.12
31145,55.02
31146,55.22
31147,54.96
31148,54.68
31149,54.49
31150,52.44
31151,52.72
31152,51.14
31153,50.29
31154,49.89
31155,48.28
31156,48.96
31157,50.11
31158,51.44
31159,52.46
31160,52.88
31161,53.47
31162,53.71
31163,53.16
31164,52.96
31165,52.67
31166,52.5
31167,52.62
31168,52.76
31169,52.37
31170,55.14
31171,56.95
31172,56.85
31173,56.78
31174,52.85
31175,51.81
31176,50.2
31177,47.95
31178,47.1
31179,44.68
31180,47.45
31181,53.06
31182,58.95
31183,59.94
31184,59.05
31185,57.99
31186,57.98
31187,57.27
31188,56.86
31189,55.26
31190,55.2
31191,55.82
31192,57.91
31193,59.91
31194,61.45
31195,60.1
31196,59.02
31197,57.98
31198,53.95
31199,50.88
31200,47.47
31201,49.57
31202,49.08
31203,46.57
31204,47.42
31205,53.97
31206,60.63
31207,62.9
31208,61.32
31209,59.57
31210,58.46
31211,57.41
31212,55.36
31213,55.92
31214,57.67
31215,58.19
31216,61.86
31217,64.17
31218,65.51
31219,64.22
31220,63.89
31221,60.44
31222,54.91
31223,53.64
31224,50.66
31225,49.08
31226,50.31
31227,48.82
31228,49.79
31229,55.71
31230,62.96
31231,65
31232,65.07
31233,62.93
31234,61.43
31235,58.66
31236,56.27
31237,56.42
31238,57.95
31239,58.47
31240,61.4
31241,65.8
31242,66.9
31243,65.45
31244,64.37
31245,62.02
31246,54.43
31247,50.02
31248,48.4
31249,47.5
31250,48.3
31251,46.35
31252,47.34
31253,52.28
31254,60.77
31255,64.08
31256,62.96
31257,60
31258,59.67
31259,52.43
31260,54.69
31261,54.71
31262,56.63
31263,55.45
31264,57.59
31265,61
31266,61.95
31267,60.61
31268,59.8
31269,54.32
31270,47.16
31271,47.5
31272,50.26
31273,48.11
31274,47.76
31275,44.72
31276,47.02
31277,52.51
31278,60.91
31279,62.01
31280,61.09
31281,58.91
31282,58.47
31283,55.04
31284,52.02
31285,52.55
31286,50.56
31287,54.07
31288,58.02
31289,60.09
31290,61.21
31291,54.67
31292,54.51
31293,53.03
31294,50.85
31295,46.09
31296,44.24
31297,45.05
31298,43.09
31299,42.24
31300,44.46
31301,47.05
31302,49.85
31303,52.08
31304,53.08
31305,53.17
31306,52.17
31307,52.14
31308,51.35
31309,49.1
31310,50.62
31311,50.84
31312,50.88
31313,51.46
31314,52.88
31315,52.84
31316,53.09
31317,53.45
31318,50.59
31319,47.4
31320,46.74
31321,45.04
31322,44.05
31323,43.9
31324,44.02
31325,46.83
31326,48.08
31327,50.2
31328,51.15
31329,51.38
31330,51.25
31331,51.14
31332,51.12
31333,51.21
31334,51.39
31335,51.39
31336,50.18
31337,50.73
31338,55.76
31339,57.43
31340,57.94
31341,54.43
31342,53.03
31343,49.87
31344,46.58
31345,45.04
31346,45.35
31347,44.81
31348,45.04
31349,52.56
31350,59.21
31351,60.99
31352,61.08
31353,57.36
31354,57.06
31355,55.91
31356,54.47
31357,53.9
31358,54.54
31359,55.94
31360,61.45
31361,62.8
31362,64.63
31363,63.46
31364,62.06
31365,60.37
31366,51.46
31367,47.02
31368,45.98
31369,50.19
31370,49.68
31371,45.37
31372,46.07
31373,51.91
31374,62.48
31375,65.77
31376,65.9
31377,62.03
31378,60.73
31379,56.65
31380,54.46
31381,52.87
31382,53.1
31383,54.02
31384,61.01
31385,65.06
31386,65.96
31387,65.32
31388,65.32
31389,63.68
31390,52.93
31391,47.13
31392,49.64
31393,49.07
31394,48.64
31395,47.94
31396,49.9
31397,49.4
31398,58.83
31399,60.52
31400,62
31401,60.43
31402,59.1
31403,58.22
31404,57.8
31405,57.99
31406,58
31407,58.24
31408,63.03
31409,65
31410,65.87
31411,64
31412,63.59
31413,62.54
31414,53.77
31415,47.77
31416,50.04
31417,49.58
31418,49.26
31419,48.57
31420,46.81
31421,53.06
31422,62.21
31423,64.66
31424,65.7
31425,65.7
31426,64.99
31427,64.15
31428,62.85
31429,61.08
31430,61.94
31431,63.07
31432,66.42
31433,67.98
31434,69.41
31435,67.72
31436,67.1
31437,65.44
31438,56.01
31439,52.37
31440,51.14
31441,50.29
31442,49.54
31443,48.47
31444,49.98
31445,58.7
31446,68.6
31447,69.98
31448,70.26
31449,70.46
31450,70
31451,65.93
31452,62.92
31453,60.38
31454,61.09
31455,65.92
31456,69.72
31457,70.51
31458,75.49
31459,70.35
31460,70.01
31461,66.98
31462,58.61
31463,55.84
31464,51.51
31465,49.94
31466,49.5
31467,48.75
31468,48.73
31469,49.96
31470,51.63
31471,54.89
31472,56.46
31473,53.79
31474,51.68
31475,51.11
31476,51.43
31477,51.24
31478,51.08
31479,50.34
31480,49.7
31481,52.76
31482,55.97
31483,52.93
31484,52.92
31485,52.09
31486,49.53
31487,50.61
31488,49.88
31489,49.41
31490,47.86
31491,46.07
31492,45.07
31493,45.68
31494,47.44
31495,49.44
31496,49.78
31497,46.09
31498,45.6
31499,45.04
31500,43.54
31501,35.85
31502,43.52
31503,44.41
31504,49
31505,52.22
31506,52.39
31507,52.91
31508,53.42
31509,52.97
31510,51.51
31511,50.05
31512,47.99
31513,47.02
31514,46.02
31515,45.08
31516,47.1
31517,54.38
31518,64.94
31519,68.01
31520,68.34
31521,65.94
31522,64.45
31523,62.36
31524,59.72
31525,60.42
31526,63.06
31527,66.99
31528,71.71
31529,76.42
31530,85.96
31531,79.19
31532,74.82
31533,71.61
31534,63.05
31535,58.11
31536,52.42
31537,51.01
31538,49.75
31539,49.53
31540,51.51
31541,57.99
31542,68.85
31543,71.73
31544,70.68
31545,69
31546,67.94
31547,66.92
31548,65.75
31549,66.11
31550,66.99
31551,69.12
31552,72.59
31553,77.87
31554,79.96
31555,78.28
31556,70.2
31557,66.91
31558,53.04
31559,47.77
31560,46.41
31561,45.49
31562,43.9
31563,43.9
31564,46.66
31565,51.15
31566,58.71
31567,65.06
31568,65.04
31569,59.12
31570,55.79
31571,50.54
31572,52.23
31573,50.56
31574,50.97
31575,54.56
31576,54.33
31577,53.14
31578,52.86
31579,66.67
31580,68
31581,68.01
31582,64.97
31583,50.57
31584,47.47
31585,46.14
31586,45.07
31587,45.08
31588,47.76
31589,55.5
31590,64.11
31591,65.08
31592,64.88
31593,64.67
31594,64.59
31595,62.77
31596,60
31597,57.56
31598,56.03
31599,54.39
31600,56.54
31601,58.76
31602,56.9
31603,52.36
31604,51.3
31605,49.54
31606,47.29
31607,32.68
31608,24.4
31609,18.68
31610,18.43
31611,18.49
31612,29.4
31613,43.81
31614,49.69
31615,51.43
31616,51.58
31617,51.08
31618,50.6
31619,48.66
31620,45.55
31621,44.05
31622,44.7
31623,48.04
31624,51.69
31625,51.2
31626,51.17
31627,50.39
31628,51.09
31629,51.11
31630,50.52
31631,49.43
31632,45.8
31633,44.02
31634,41.39
31635,40.64
31636,41.01
31637,41.52
31638,44.22
31639,47.97
31640,48.48
31641,48.46
31642,48.56
31643,48.76
31644,48.43
31645,34.35
31646,28.19
31647,33.89
31648,41.09
31649,49.6
31650,57.98
31651,51.43
31652,51.17
31653,50.2
31654,49.38
31655,47.06
31656,44.5
31657,42.8
31658,42.05
31659,40.99
31660,40.93
31661,41.47
31662,40.97
31663,42.11
31664,43.89
31665,44.54
31666,45.02
31667,45.02
31668,44.43
31669,44.41
31670,45.09
31671,45.87
31672,45.84
31673,51.19
31674,57.55
31675,61.35
31676,63.02
31677,62.1
31678,57.73
31679,50.6
31680,47.08
31681,44.97
31682,44.18
31683,44.06
31684,47.26
31685,53.69
31686,60.79
31687,63.04
31688,63.76
31689,64.49
31690,64.93
31691,63.44
31692,64.81
31693,64.32
31694,60.84
31695,59.56
31696,60.14
31697,59.91
31698,62.09
31699,59.9
31700,59.99
31701,56.7
31702,50.83
31703,49.41
31704,47.88
31705,46.88
31706,45.7
31707,45.77
31708,48.22
31709,53.47
31710,61.71
31711,64.07
31712,64.39
31713,64.93
31714,65.09
31715,65.7
31716,58.48
31717,58.43
31718,50.09
31719,50.03
31720,50.92
31721,59.89
31722,63.53
31723,63.44
31724,63.49
31725,62.15
31726,51.77
31727,48.73
31728,48.05
31729,47.85
31730,46.01
31731,44.46
31732,47.19
31733,51.07
31734,55.25
31735,59.68
31736,59.27
31737,59.62
31738,61.3
31739,60.62
31740,58.43
31741,50.04
31742,50.09
31743,48.66
31744,53
31745,62.21
31746,64.28
31747,65
31748,64.83
31749,63.83
31750,55.75
31751,49.88
31752,47.97
31753,47.39
31754,46.82
31755,46.51
31756,48.5
31757,53.07
31758,62.11
31759,63.63
31760,57.99
31761,55.01
31762,53.03
31763,51.02
31764,50.72
31765,50.46
31766,50.8
31767,51.88
31768,53.03
31769,53
31770,66.71
31771,67.06
31772,66.2
31773,64.39
31774,60.03
31775,50.66
31776,49.39
31777,47.44
31778,46.5
31779,47.02
31780,48.08
31781,56.64
31782,62.88
31783,64.44
31784,64.39
31785,63.05
31786,62.82
31787,61.96
31788,59.27
31789,55.24
31790,54.32
31791,57.21
31792,63
31793,64.46
31794,64.6
31795,64.57
31796,64.48
31797,63.9
31798,54.58
31799,53.2
31800,51.1
31801,47.73
31802,46.41
31803,46.16
31804,45.92
31805,47.64
31806,48.66
31807,49.99
31808,50.36
31809,50.15
31810,49.48
31811,47.42
31812,46.06
31813,45.57
31814,46.03
31815,46.85
31816,48
31817,48.16
31818,48.11
31819,47.67
31820,48.04
31821,46.41
31822,43.64
31823,44.18
31824,42.89
31825,42.66
31826,43.76
31827,44.57
31828,44.62
31829,44.21
31830,45
31831,46.06
31832,47.02
31833,46.02
31834,45.89
31835,44.7
31836,44.24
31837,42.65
31838,41.55
31839,44.02
31840,47.09
31841,56.31
31842,62.26
31843,63.41
31844,64.23
31845,63.63
31846,62.26
31847,46.1
31848,46.06
31849,44.15
31850,43.8
31851,43.6
31852,46.76
31853,50.76
31854,54.25
31855,59.95
31856,59.96
31857,59.94
31858,58.87
31859,57.09
31860,54.99
31861,52.86
31862,52.79
31863,52.76
31864,53.83
31865,54.65
31866,54.56
31867,54.05
31868,53.02
31869,50.58
31870,48.19
31871,48.92
31872,48.24
31873,48.08
31874,48.03
31875,47.95
31876,48.91
31877,65
31878,72.61
31879,75.1
31880,75.1
31881,71.96
31882,71.01
31883,68.91
31884,67.7
31885,67.92
31886,67.65
31887,69
31888,73.53
31889,74.9
31890,76.52
31891,75.54
31892,73.07
31893,68.93
31894,61.85
31895,52.42
31896,49.6
31897,49.27
31898,48.47
31899,48.67
31900,49.1
31901,58.49
31902,70
31903,72.2
31904,72.14
31905,68.99
31906,67.89
31907,60.93
31908,57.39
31909,57.1
31910,59.89
31911,56.88
31912,64.14
31913,69.78
31914,70.11
31915,63.55
31916,68.7
31917,64.44
31918,56.31
31919,48.38
31920,48.72
31921,48.4
31922,48.63
31923,48.79
31924,54.65
31925,66.67
31926,69.91
31927,73.77
31928,71.92
31929,69.92
31930,64.98
31931,58.61
31932,53.4
31933,54.01
31934,60.93
31935,66.68
31936,69.91
31937,72.86
31938,73.97
31939,74.19
31940,72.82
31941,69.73
31942,59.63
31943,50.42
31944,50.21
31945,49.73
31946,49.06
31947,48.97
31948,49.62
31949,53.18
31950,60.33
31951,64.98
31952,62.96
31953,57.89
31954,54.87
31955,51.43
31956,49.29
31957,48.84
31958,48.07
31959,48.05
31960,50.98
31961,53.53
31962,53.53
31963,52.85
31964,52.87
31965,50.27
31966,49.5
31967,50.21
31968,49.55
31969,49.1
31970,49.28
31971,49.23
31972,49.38
31973,49.64
31974,51.09
31975,54.62
31976,56.72
31977,55.49
31978,50.52
31979,48.72
31980,49.79
31981,49.61
31982,49.62
31983,46.27
31984,50.04
31985,60.62
31986,59.99
31987,57.45
31988,58.22
31989,53.12
31990,49.88
31991,48.49
31992,46
31993,42.09
31994,48.56
31995,48.45
31996,48.24
31997,48.39
31998,49.25
31999,50.26
32000,50.19
32001,50.28
32002,50.72
32003,50.55
32004,49.04
32005,48.15
32006,43.01
32007,46
32008,49.07
32009,59.97
32010,68.1
32011,70
32012,63.94
32013,53.61
32014,50.15
32015,29.08
32016,27.12
32017,27.59
32018,21.42
32019,19.98
32020,24.53
32021,43.23
32022,51.82
32023,52.83
32024,51.09
32025,50.52
32026,50.09
32027,50.04
32028,50.09
32029,50.4
32030,50.21
32031,49.05
32032,53.46
32033,57.58
32034,62.18
32035,60.96
32036,59.43
32037,54.03
32038,49
32039,52.75
32040,52.04
32041,52.51
32042,52.47
32043,52.33
32044,53.55
32045,62.7
32046,70
32047,72.18
32048,72.24
32049,70.53
32050,69.95
32051,66.2
32052,68.65
32053,67.1
32054,68.16
32055,68.74
32056,71.95
32057,74.97
32058,79.52
32059,82.51
32060,73.82
32061,69.92
32062,58.82
32063,56.16
32064,54.87
32065,53.54
32066,51.15
32067,51.25
32068,54.1
32069,66.68
32070,71.95
32071,73.66
32072,73.06
32073,71.1
32074,71.03
32075,67.91
32076,64.99
32077,64.94
32078,68.67
32079,70.07
32080,73.28
32081,75.02
32082,74.9
32083,74.1
32084,70.74
32085,55.04
32086,51.14
32087,51.14
32088,50.3
32089,49.84
32090,49.61
32091,50
32092,51.09
32093,57
32094,66.14
32095,69.4
32096,68.31
32097,64.6
32098,56.99
32099,52.03
32100,53.44
32101,53.32
32102,53.47
32103,51.03
32104,56.72
32105,67.1
32106,68.31
32107,69.77
32108,63.7
32109,57.46
32110,52.63
32111,52.57
32112,52.8
32113,52.66
32114,53.04
32115,52.09
32116,53.58
32117,62.11
32118,70.8
32119,73.32
32120,71.98
32121,71.19
32122,71.06
32123,69.09
32124,67.25
32125,66.77
32126,65.6
32127,66.7
32128,70.07
32129,70.2
32130,71.36
32131,71.97
32132,70.38
32133,62.21
32134,56.88
32135,57.58
32136,55.99
32137,55.56
32138,54.02
32139,53.99
32140,54.08
32141,54.94
32142,57.95
32143,60.91
32144,66.5
32145,64.68
32146,64.86
32147,62.71
32148,57.72
32149,56.42
32150,55.57
32151,56.05
32152,61.52
32153,68.49
32154,70
32155,71.14
32156,68.58
32157,56.58
32158,51.07
32159,50.2
32160,55.01
32161,54.07
32162,53.74
32163,53.78
32164,53.77
32165,54.07
32166,54.8
32167,56.23
32168,56.48
32169,56.25
32170,57.49
32171,57.88
32172,55.61
32173,55.57
32174,55.63
32175,56.69
32176,54.74
32177,62.1
32178,67.72
32179,69.39
32180,62.36
32181,54.74
32182,52.44
32183,53.29
32184,52.94
32185,52.53
32186,52.23
32187,51.26
32188,50.4
32189,67.04
32190,72
32191,73.55
32192,73.91
32193,73.51
32194,73.6
32195,71.12
32196,68.63
32197,67.05
32198,64.97
32199,66.96
32200,70.81
32201,72.3
32202,72.99
32203,72.91
32204,67.04
32205,53.61
32206,52.26
32207,54.77
32208,54.09
32209,53.29
32210,52.94
32211,52.47
32212,54.6
32213,67.09
32214,73.02
32215,74.68
32216,74.91
32217,73.92
32218,73.46
32219,71.06
32220,69.02
32221,68.81
32222,68.55
32223,70.01
32224,72.94
32225,73.99
32226,75
32227,75
32228,73.06
32229,66.93
32230,57.99
32231,55.72
32232,54.47
32233,53.56
32234,53.38
32235,53.18
32236,55.32
32237,71.54
32238,75.65
32239,76.76
32240,75.35
32241,71.96
32242,70.97
32243,66.91
32244,64.74
32245,64.55
32246,67
32247,69.95
32248,75.36
32249,76.76
32250,79.62
32251,79.33
32252,73.66
32253,68.82
32254,58.84
32255,55.11
32256,53.63
32257,53.11
32258,52.31
32259,52.38
32260,54.64
32261,68.98
32262,73.78
32263,74.95
32264,73.78
32265,70.07
32266,68.91
32267,66.88
32268,64.76
32269,68.4
32270,67.84
32271,69.38
32272,73.73
32273,73.89
32274,74.03
32275,65.94
32276,62.12
32277,57.51
32278,54.65
32279,54.57
32280,53.69
32281,53.38
32282,53.37
32283,53.66
32284,55.37
32285,60.78
32286,74.14
32287,79.99
32288,74.2
32289,72.68
32290,71.3
32291,65.63
32292,58.92
32293,55.59
32294,55.15
32295,54.68
32296,60.52
32297,67.22
32298,71.14
32299,72.01
32300,59.56
32301,55.46
32302,53.34
32303,52.67
32304,50.04
32305,48.57
32306,46.88
32307,50.39
32308,47.01
32309,50.45
32310,53.47
32311,55.83
32312,51.9
32313,43.1
32314,32.4
32315,32.18
32316,27.02
32317,26.56
32318,39.35
32319,46.27
32320,55.68
32321,57.26
32322,57.87
32323,57.57
32324,56.8
32325,55.39
32326,53.65
32327,54.88
32328,49.04
32329,41.93
32330,36.92
32331,33.59
32332,34.02
32333,41.42
32334,45.06
32335,47.48
32336,48.07
32337,43.29
32338,43.6
32339,43.4
32340,37.89
32341,31.2
32342,42
32343,46.01
32344,55.75
32345,68.14
32346,71.9
32347,74.11
32348,58.99
32349,55.82
32350,53.11
32351,53.47
32352,50.9
32353,49.52
32354,48.06
32355,47.51
32356,51.85
32357,60.59
32358,74.3
32359,75.19
32360,71.95
32361,70.3
32362,58.31
32363,57.43
32364,56.82
32365,57.13
32366,56.86
32367,57.12
32368,57.44
32369,75.4
32370,77.36
32371,79.93
32372,74.94
32373,69.93
32374,58.8
32375,53.4
32376,51.28
32377,48.59
32378,46.9
32379,48
32380,48.74
32381,61.67
32382,72.5
32383,69.97
32384,58.9
32385,57.35
32386,49.41
32387,49.08
32388,47.06
32389,46.53
32390,48.03
32391,45.96
32392,51.94
32393,57.36
32394,57.09
32395,57.28
32396,56.65
32397,54.36
32398,50.94
32399,48.32
32400,47.14
32401,45.97
32402,47.15
32403,47.73
32404,51.15
32405,53.86
32406,56.44
32407,57.93
32408,57.05
32409,56.53
32410,53.4
32411,53.04
32412,52.88
32413,53.34
32414,54.13
32415,54.09
32416,54.6
32417,54.88
32418,55.6
32419,54.88
32420,54.26
32421,52.06
32422,49.55
32423,50.53
32424,50.12
32425,50.12
32426,50.65
32427,51.81
32428,58.31
32429,74.48
32430,81.34
32431,83.91
32432,79.94
32433,78.89
32434,77.75
32435,76.66
32436,75.32
32437,74.93
32438,74.08
32439,72.93
32440,75.7
32441,77.73
32442,79.2
32443,82.43
32444,73.18
32445,66.32
32446,53.65
32447,53.24
32448,52
32449,51.57
32450,50.81
32451,51.11
32452,54.76
32453,70.91
32454,75.95
32455,78.45
32456,78.46
32457,77.45
32458,75.96
32459,69.58
32460,63.62
32461,57.51
32462,56.39
32463,56.92
32464,60.78
32465,71.16
32466,73.23
32467,58.5
32468,55.14
32469,52.28
32470,50.09
32471,49.65
32472,48.6
32473,46.04
32474,44.26
32475,43.86
32476,44.04
32477,46.62
32478,49.06
32479,50.38
32480,52.02
32481,48.08
32482,48.72
32483,48.22
32484,47.97
32485,47.64
32486,45.79
32487,43.48
32488,50.1
32489,57.52
32490,67.13
32491,67.35
32492,67.11
32493,59.77
32494,53.69
32495,54.73
32496,50.02
32497,46.13
32498,42.54
32499,43.75
32500,43.7
32501,43.8
32502,43.33
32503,44.41
32504,45.75
32505,45.21
32506,43.22
32507,42.34
32508,32.08
32509,26.11
32510,30.47
32511,42.34
32512,49.09
32513,53.7
32514,49.58
32515,49.97
32516,49.59
32517,48.83
32518,47.43
32519,44.2
32520,43.08
32521,43.04
32522,41.74
32523,42.91
32524,49.05
32525,63.75
32526,75.47
32527,75.91
32528,75.91
32529,71.94
32530,61.8
32531,54.66
32532,51.78
32533,54.05
32534,57.05
32535,68
32536,75
32537,78.49
32538,91.31
32539,81.82
32540,73.72
32541,64.5
32542,50.03
32543,50
32544,47.93
32545,44.46
32546,42.4
32547,43.88
32548,46.03
32549,59.54
32550,71.92
32551,73.96
32552,69.92
32553,57.16
32554,53.49
32555,47.94
32556,47.79
32557,47.59
32558,44.46
32559,42.89
32560,44.02
32561,42.78
32562,42.58
32563,43.01
32564,42.87
32565,41.44
32566,42.03
32567,43.01
32568,41.23
32569,41.28
32570,41.69
32571,42.84
32572,43.88
32573,56.2
32574,74.22
32575,74.22
32576,58.03
32577,54.78
32578,44.43
32579,44.5
32580,44.32
32581,44.27
32582,44.04
32583,44.12
32584,44.35
32585,44.24
32586,44.1
32587,43.73
32588,43.31
32589,41.11
32590,37.58
32591,37.12
32592,31.16
32593,29.58
32594,31.76
32595,33.52
32596,41.26
32597,47.68
32598,49.23
32599,49.64
32600,48.51
32601,46.5
32602,45.35
32603,45
32604,44.71
32605,44.5
32606,44.89
32607,46.04
32608,66.95
32609,75.01
32610,79.65
32611,78.89
32612,69.46
32613,44.21
32614,41.86
32615,40.02
32616,34.02
32617,25.48
32618,25.73
32619,26.29
32620,34.05
32621,42.85
32622,46.68
32623,48.89
32624,46.48
32625,32.03
32626,32.54
32627,28.79
32628,26.48
32629,26.98
32630,31.59
32631,28.72
32632,40.07
32633,43.45
32634,43.49
32635,37.98
32636,34.65
32637,22.17
32638,2.4
32639,3.98
32640,3.06
32641,2.42
32642,2.33
32643,2.82
32644,3.52
32645,16.43
32646,23.53
32647,32.04
32648,31.68
32649,27.14
32650,27.13
32651,1.79
32652,-6.74
32653,-6.79
32654,-0.02
32655,23.89
32656,31.54
32657,35.3
32658,35.43
32659,35.48
32660,31.96
32661,25.94
32662,21.04
32663,22.09
32664,12.97
32665,10.03
32666,17
32667,22.8
32668,30.84
32669,34.94
32670,36.08
32671,42.05
32672,43.71
32673,44.41
32674,44.32
32675,43.83
32676,43.69
32677,43.57
32678,40.23
32679,37.24
32680,39.35
32681,39.61
32682,39.84
32683,44.99
32684,35.13
32685,31.55
32686,25.17
32687,25.53
32688,18.13
32689,3.97
32690,4.4
32691,19.69
32692,29.99
32693,44.88
32694,41.61
32695,49.64
32696,40.85
32697,35.42
32698,30.14
32699,29.97
32700,28.75
32701,27.57
32702,32.74
32703,29.97
32704,48.14
32705,46.04
32706,48.85
32707,48.63
32708,46.09
32709,42.77
32710,39.22
32711,37.96
32712,38.06
32713,38.13
32714,38.64
32715,39.22
32716,45.19
32717,67.53
32718,76.93
32719,75.01
32720,68.61
32721,65.35
32722,66.99
32723,60.88
32724,55.86
32725,56.9
32726,60.03
32727,48.01
32728,66.52
32729,69.17
32730,48.57
32731,46.7
32732,42.81
32733,38.02
32734,34.47
32735,25.32
32736,16.26
32737,10.09
32738,6.28
32739,3.88
32740,19.04
32741,35
32742,37.68
32743,38.1
32744,37.8
32745,37.37
32746,36.69
32747,32.94
32748,31.98
32749,30.82
32750,33.95
32751,36.24
32752,37.47
32753,38
32754,38.52
32755,37.9
32756,35.2
32757,30
32758,21.61
32759,18.67
32760,14.49
32761,17.98
32762,22.54
32763,17.46
32764,29.43
32765,39.33
32766,43.91
32767,43.91
32768,42.33
32769,40.99
32770,39.76
32771,38.99
32772,38.3
32773,37.52
32774,35.78
32775,36.56
32776,38.5
32777,39.54
32778,40.05
32779,40.04
32780,39.47
32781,36
32782,30.41
32783,32.78
32784,29.91
32785,26.07
32786,28.54
32787,28.87
32788,35.65
32789,40.2
32790,44.44
32791,45.48
32792,45.06
32793,44.91
32794,42.71
32795,41.1
32796,40.23
32797,39.81
32798,38.89
32799,38.49
32800,39.15
32801,44.13
32802,44.65
32803,44.64
32804,43.95
32805,43.77
32806,42.98
32807,42.91
32808,42.46
32809,42.48
32810,42.46
32811,42.5
32812,42.07
32813,49.6
32814,49.8
32815,55.18
32816,54.94
32817,43.31
32818,40.29
32819,36.1
32820,32.84
32821,27.26
32822,33.36
32823,35.69
32824,39.45
32825,40.86
32826,41.06
32827,40.07
32828,37.41
32829,29.1
32830,19.92
32831,25.89
32832,20.63
32833,19.17
32834,21.71
32835,24.99
32836,26.53
32837,30.52
32838,32.31
32839,35.65
32840,37.63
32841,32.06
32842,31.14
32843,30.91
32844,29.32
32845,26.73
32846,33.92
32847,39.12
32848,55.8
32849,64.62
32850,74.21
32851,71.31
32852,65.31
32853,65.08
32854,60.87
32855,50.32
32856,50.43
32857,42.4
32858,45.86
32859,46.34
32860,51.61
32861,69.13
32862,77.32
32863,84.97
32864,79.56
32865,73.7
32866,71.63
32867,63.15
32868,60.24
32869,56.18
32870,53
32871,53.37
32872,60.42
32873,69.93
32874,75
32875,65.83
32876,53.86
32877,45.35
32878,42.5
32879,45.1
32880,44.1
32881,44.06
32882,43.77
32883,44.29
32884,48.13
32885,57.7
32886,68.21
32887,70.36
32888,54.53
32889,48.49
32890,46.19
32891,44.15
32892,30.79
32893,27.75
32894,30.74
32895,26.77
32896,38.68
32897,45.86
32898,45.71
32899,45.43
32900,32.04
32901,26.22
32902,0.11
32903,0.13
32904,0.1
32905,0.05
32906,0.07
32907,-0.08
32908,-0.09
32909,-4.97
32910,-0.06
32911,0.7
32912,0.91
32913,-0.03
32914,0.03
32915,-0.04
32916,0
32917,0.03
32918,5.75
32919,20.28
32920,43.2
32921,54.06
32922,58
32923,63.82
32924,55.22
32925,46.1
32926,44.16
32927,53.24
32928,46.1
32929,45.6
32930,46.88
32931,47.53
32932,50.88
32933,74.69
32934,80.15
32935,81
32936,82.09
32937,78.96
32938,75.34
32939,63.05
32940,54.49
32941,54.4
32942,57.61
32943,66.96
32944,77.23
32945,80.25
32946,88.08
32947,80.67
32948,72.22
32949,48.59
32950,43.67
32951,45.26
32952,42.47
32953,40.64
32954,41.06
32955,42.45
32956,46.07
32957,63.62
32958,78.87
32959,79.74
32960,74.5
32961,55.42
32962,50.21
32963,46.64
32964,50.72
32965,48.24
32966,48.55
32967,54.98
32968,74.99
32969,78.66
32970,82.96
32971,79.9
32972,65.08
32973,59.86
32974,52.68
32975,49.36
32976,48.95
32977,48.94
32978,48.99
32979,49.03
32980,46.91
32981,53.03
32982,62.37
32983,63.98
32984,70.72
32985,64.79
32986,59.06
32987,58
32988,51.51
32989,50.2
32990,49.23
32991,54.81
32992,59.93
32993,72.06
32994,82.12
32995,68.91
32996,57.11
32997,47.13
32998,45.34
32999,46.95
33000,45.5
33001,44.65
33002,43.02
33003,42.5
33004,43.8
33005,44.6
33006,46.56
33007,49.49
33008,52.96
33009,55.09
33010,55.13
33011,52.77
33012,50.9
33013,49.91
33014,49.05
33015,50.21
33016,55.48
33017,70
33018,80.94
33019,77.07
33020,71.47
33021,59.91
33022,51.47
33023,46.15
33024,44.16
33025,42.94
33026,41.82
33027,41.79
33028,44.2
33029,47.25
33030,47.81
33031,47.75
33032,47.79
33033,47.74
33034,47.54
33035,47.13
33036,47.26
33037,47.2
33038,46.81
33039,46.88
33040,47.19
33041,47.43
33042,47.61
33043,47.55
33044,47.31
33045,46.15
33046,43.98
33047,41.32
33048,38.65
33049,37.03
33050,38.55
33051,38.79
33052,43.16
33053,45.12
33054,45.92
33055,46.48
33056,46.1
33057,45.77
33058,45.5
33059,45.13
33060,45.11
33061,45.1
33062,44.79
33063,44.49
33064,44.69
33065,44.98
33066,45.14
33067,45.27
33068,45.06
33069,43.58
33070,41.35
33071,42.28
33072,41.4
33073,41.35
33074,42.33
33075,42.35
33076,49.09
33077,72.16
33078,88
33079,93.22
33080,86.84
33081,80.81
33082,73.69
33083,55.27
33084,53.61
33085,51.99
33086,53.68
33087,57.47
33088,69.3
33089,70.68
33090,57.67
33091,50.95
33092,51.18
33093,46.74
33094,33.04
33095,35.01
33096,31.71
33097,29.97
33098,30.05
33099,35.85
33100,40.47
33101,42.95
33102,43.69
33103,43.93
33104,43.77
33105,43.66
33106,43.39
33107,43.2
33108,43.14
33109,43.1
33110,43.1
33111,43.28
33112,48.05
33113,48.59
33114,48.11
33115,48.89
33116,47.44
33117,44.6
33118,42.12
33119,17.28
33120,40.13
33121,39.36
33122,40.19
33123,40.39
33124,44.86
33125,48.14
33126,50.97
33127,50.07
33128,50.05
33129,51.45
33130,49.43
33131,49.25
33132,47.65
33133,46.76
33134,42.42
33135,45.6
33136,47.41
33137,47.57
33138,46.94
33139,45.35
33140,42.53
33141,41
33142,39.38
33143,35.28
33144,30
33145,26.33
33146,25.42
33147,26.97
33148,31.4
33149,34.56
33150,36.56
33151,39.45
33152,40.32
33153,40.52
33154,40.39
33155,37.4
33156,34.1
33157,31.95
33158,36.52
33159,38.54
33160,39.85
33161,41.29
33162,40.35
33163,38.68
33164,31.52
33165,24.72
33166,13.99
33167,4.69
33168,4.27
33169,3.37
33170,3.23
33171,3.7
33172,4.18
33173,4.06
33174,5.06
33175,23.42
33176,26.71
33177,26.94
33178,25.76
33179,20.73
33180,20.75
33181,13.92
33182,19.54
33183,20.74
33184,36.15
33185,38.53
33186,38.27
33187,32.6
33188,29.41
33189,23.75
33190,4.45
33191,1.92
33192,2.41
33193,4.1
33194,7.33
33195,12.33
33196,40.95
33197,60.02
33198,79.38
33199,79.05
33200,74.72
33201,62.39
33202,52.89
33203,48.52
33204,49.82
33205,51.45
33206,55.26
33207,71.86
33208,80.28
33209,90
33210,107.32
33211,75.31
33212,70.49
33213,59.05
33214,59.07
33215,56.06
33216,53.55
33217,52.01
33218,51
33219,52.2
33220,57.02
33221,77.73
33222,86.98
33223,95.01
33224,86.02
33225,78.82
33226,75.93
33227,70.91
33228,69.36
33229,68.61
33230,69.19
33231,74.04
33232,80.95
33233,89.97
33234,105.12
33235,84.96
33236,76.02
33237,59.99
33238,56.5
33239,53.09
33240,52.33
33241,50.33
33242,50
33243,51.52
33244,55.65
33245,73.6
33246,88.77
33247,89.99
33248,87.6
33249,80.48
33250,74.24
33251,59.75
33252,57.85
33253,60.01
33254,70.81
33255,79.94
33256,82.94
33257,89.94
33258,112.66
33259,86.14
33260,75.57
33261,58.46
33262,58.16
33263,55.35
33264,53.36
33265,50.75
33266,42.33
33267,44.01
33268,51.06
33269,61.06
33270,79.86
33271,80.99
33272,79.02
33273,63.1
33274,59.77
33275,53.41
33276,53.42
33277,53.46
33278,55.28
33279,60.45
33280,71.69
33281,80.15
33282,83.86
33283,75.48
33284,60.07
33285,58.76
33286,54.21
33287,52.47
33288,51.85
33289,50.61
33290,49.96
33291,50.25
33292,54.34
33293,72.63
33294,80.96
33295,84.09
33296,84.28
33297,81.94
33298,75.19
33299,69.16
33300,62.72
33301,60.29
33302,60.92
33303,70.63
33304,80.71
33305,81.96
33306,83.95
33307,79.48
33308,68.95
33309,59.99
33310,53.72
33311,45
33312,43.51
33313,42.09
33314,40.92
33315,41.38
33316,43.04
33317,42.73
33318,46.44
33319,54.07
33320,59.45
33321,56.12
33322,54.11
33323,53.17
33324,46.49
33325,47.02
33326,50.47
33327,53.67
33328,59.19
33329,75.8
33330,70.51
33331,65.26
33332,57.22
33333,56.16
33334,54.07
33335,53.26
33336,47
33337,47.28
33338,39.43
33339,39.38
33340,40
33341,39.97
33342,43.98
33343,46.97
33344,46.99
33345,46.74
33346,42.12
33347,41.83
33348,40.78
33349,39.89
33350,39.53
33351,40.12
33352,42.05
33353,42.39
33354,42.24
33355,41.57
33356,40.4
33357,38.32
33358,35.08
33359,24.82
33360,20.99
33361,19.95
33362,21.11
33363,25.26
33364,39.14
33365,41.62
33366,43.39
33367,43.88
33368,43.68
33369,43.26
33370,42.5
33371,42.08
33372,41.69
33373,41.28
33374,41.57
33375,42.14
33376,43.12
33377,43.62
33378,43.49
33379,42.72
33380,41.6
33381,39.43
33382,35.01
33383,30.36
33384,17.38
33385,12.1
33386,12.96
33387,21.8
33388,30.96
33389,41.21
33390,43.54
33391,43.66
33392,43.1
33393,42.83
33394,41.99
33395,39.92
33396,38.78
33397,40.52
33398,34.98
33399,28.15
33400,34.98
33401,41.22
33402,40.93
33403,32.13
33404,30.07
33405,22.53
33406,6.03
33407,4.07
33408,0.98
33409,0.04
33410,0.97
33411,10.05
33412,19.55
33413,42.57
33414,51.48
33415,52.89
33416,50.66
33417,45.99
33418,45.83
33419,45.5
33420,45.32
33421,45.07
33422,44.64
33423,45
33424,45.44
33425,45.76
33426,45.78
33427,45.4
33428,44.28
33429,42.87
33430,41.19
33431,40.92
33432,30.66
33433,29.58
33434,26.49
33435,25.59
33436,30.83
33437,44.59
33438,46.78
33439,46.92
33440,46.79
33441,46.16
33442,45.59
33443,44.52
33444,43.92
33445,44.12
33446,44.86
33447,45.7
33448,46.59
33449,46.94
33450,46.96
33451,46.81
33452,46.14
33453,45.16
33454,44.21
33455,44.93
33456,44.66
33457,44.72
33458,45.06
33459,45.65
33460,48.7
33461,68.65
33462,77.55
33463,80.31
33464,71.64
33465,61.14
33466,55.56
33467,55.19
33468,50.46
33469,47.85
33470,48.6
33471,55.27
33472,61.25
33473,71.01
33474,65.98
33475,56.68
33476,49.95
33477,43.79
33478,39.96
33479,30.55
33480,25.52
33481,25.14
33482,27.86
33483,24.39
33484,30.11
33485,37.43
33486,46.51
33487,44.71
33488,45.59
33489,46
33490,46.09
33491,45.6
33492,45.47
33493,45.48
33494,45.24
33495,46.09
33496,46.78
33497,61.18
33498,51.37
33499,46.43
33500,46.16
33501,45.82
33502,44.23
33503,44.53
33504,43.58
33505,41.62
33506,41.59
33507,40.12
33508,40.01
33509,40.93
33510,39.95
33511,42.7
33512,45.83
33513,47.97
33514,46.45
33515,46.87
33516,46.25
33517,42.64
33518,41.31
33519,45.58
33520,47.2
33521,48.37
33522,47.94
33523,46.3
33524,45
33525,44.27
33526,42.58
33527,34.99
33528,23
33529,24.25
33530,23.45
33531,24.27
33532,25.32
33533,30.83
33534,51.33
33535,64.34
33536,53.83
33537,48.9
33538,48.19
33539,47.03
33540,46.53
33541,46.07
33542,45.92
33543,45.96
33544,46.51
33545,46.96
33546,47.51
33547,45.63
33548,45.64
33549,40.75
33550,30.33
33551,23.16
33552,26.02
33553,20.09
33554,18.65
33555,19.13
33556,19.15
33557,22.11
33558,33.68
33559,44.89
33560,44.81
33561,35.89
33562,30.51
33563,30.37
33564,31.19
33565,43.77
33566,42.78
33567,45.75
33568,45.43
33569,46.36
33570,46.12
33571,44.91
33572,44.02
33573,42.81
33574,40.33
33575,21.66
33576,37.26
33577,37.04
33578,35.06
33579,35.21
33580,38.45
33581,40.16
33582,44.09
33583,44.94
33584,44.82
33585,44.19
33586,43.83
33587,44.04
33588,43.98
33589,37.16
33590,52.42
33591,64.48
33592,73.4
33593,82.07
33594,74.02
33595,62.2
33596,50.08
33597,44.42
33598,41.29
33599,35.06
33600,40.86
33601,41.1
33602,40.59
33603,40.09
33604,40.07
33605,42.78
33606,44.03
33607,44.55
33608,45.33
33609,45.05
33610,45.37
33611,45.91
33612,46.93
33613,49.6
33614,47.95
33615,47.31
33616,49.17
33617,62.99
33618,65.04
33619,63.19
33620,53.98
33621,45.8
33622,44.63
33623,40.86
33624,42.22
33625,40.98
33626,40.8
33627,40.55
33628,40.82
33629,44.04
33630,45.73
33631,48.14
33632,51.87
33633,47.26
33634,45.78
33635,45.06
33636,45.26
33637,45.78
33638,45.15
33639,44.94
33640,45.81
33641,49.3
33642,47.3
33643,44.89
33644,44.2
33645,43.94
33646,43.45
33647,42.54
33648,42.87
33649,42.15
33650,41.7
33651,41.64
33652,41.92
33653,42.85
33654,50.01
33655,55.84
33656,61.5
33657,65.03
33658,63.36
33659,56.3
33660,50.32
33661,48.02
33662,44.63
33663,51.61
33664,59.07
33665,69.58
33666,62.24
33667,54.45
33668,44.58
33669,43.74
33670,42.33
33671,41.44
33672,42.44
33673,42.06
33674,41.9
33675,41.19
33676,41.04
33677,41.34
33678,41.95
33679,43.13
33680,44.03
33681,44.51
33682,44.7
33683,44.66
33684,44.53
33685,44.42
33686,45.87
33687,51.01
33688,52.3
33689,62.99
33690,67.17
33691,57.69
33692,48.04
33693,45
33694,44.78
33695,42.93
33696,40.54
33697,42.66
33698,43.13
33699,41.72
33700,40.58
33701,42.53
33702,54.22
33703,67.64
33704,69.91
33705,67.5
33706,68.28
33707,68.31
33708,65.83
33709,67.17
33710,68.21
33711,69.24
33712,69.8
33713,68.81
33714,59.33
33715,58.57
33716,50.9
33717,46.31
33718,44.76
33719,43
33720,42.92
33721,42.39
33722,42.23
33723,42.14
33724,42.52
33725,45.29
33726,57.1
33727,67.95
33728,70.1
33729,68.25
33730,64.72
33731,63.86
33732,60.73
33733,62.41
33734,63.14
33735,64.34
33736,66.89
33737,74.68
33738,72.94
33739,70.97
33740,59.26
33741,52
33742,47.99
33743,44.49
33744,43.45
33745,42.51
33746,41.59
33747,40.64
33748,41.77
33749,43.77
33750,50.79
33751,61.99
33752,64.18
33753,63.01
33754,61.56
33755,58.36
33756,58.35
33757,60.03
33758,61.43
33759,64.04
33760,67.7
33761,70.99
33762,68.61
33763,64.46
33764,55.86
33765,49.3
33766,44.79
33767,43.53
33768,43.73
33769,43.33
33770,42.89
33771,42.92
33772,43.5
33773,45.66
33774,53.54
33775,67
33776,68.95
33777,68.67
33778,67.71
33779,60.74
33780,51.07
33781,59.57
33782,67.49
33783,68.49
33784,72.63
33785,92.18
33786,90.06
33787,75.82
33788,67.41
33789,60.4
33790,56.41
33791,43.85
33792,44.8
33793,44.14
33794,43.66
33795,43.7
33796,44.08
33797,46.1
33798,59.69
33799,69.06
33800,72.56
33801,66.3
33802,66.07
33803,64.41
33804,59.09
33805,57.73
33806,56.57
33807,56.52
33808,54.94
33809,69.72
33810,66.53
33811,57.71
33812,45.62
33813,45.38
33814,44.26
33815,42.71
33816,42.69
33817,40.49
33818,38.79
33819,38.92
33820,38.2
33821,38.23
33822,38.78
33823,40.31
33824,42.71
33825,43.23
33826,43.69
33827,43.75
33828,43.74
33829,42.87
33830,43.99
33831,44.49
33832,45.16
33833,45.89
33834,45.32
33835,44.35
33836,42.93
33837,41.21
33838,41.19
33839,39.58
33840,34.58
33841,30.67
33842,37.93
33843,35.84
33844,34.05
33845,34.15
33846,33.96
33847,37.98
33848,40.05
33849,41.26
33850,42.08
33851,42.25
33852,41.14
33853,40.36
33854,40.41
33855,42.38
33856,44.75
33857,46.08
33858,45.12
33859,43.85
33860,43.04
33861,41.64
33862,41.68
33863,38.58
33864,36.1
33865,37.8
33866,38.26
33867,39.2
33868,38.57
33869,43.54
33870,46.41
33871,66.7
33872,68.71
33873,51.98
33874,52.11
33875,51.98
33876,52.77
33877,52.77
33878,59.93
33879,60.95
33880,67.63
33881,66.76
33882,63.48
33883,59.16
33884,51.64
33885,46.9
33886,44.25
33887,41.81
33888,42.87
33889,42.62
33890,42.5
33891,42.48
33892,42.93
33893,44.98
33894,51.01
33895,52.05
33896,51.39
33897,50.39
33898,49.91
33899,49.78
33900,48.52
33901,47.91
33902,48.31
33903,49.94
33904,51.65
33905,52.06
33906,51.7
33907,50.35
33908,48.05
33909,46.69
33910,45.52
33911,43.68
33912,43.14
33913,43.13
33914,43.15
33915,44.2
33916,44.94
33917,46.97
33918,58.89
33919,62.73
33920,71.04
33921,69.87
33922,65.53
33923,64.45
33924,62.23
33925,63.75
33926,64.32
33927,68.42
33928,66.34
33929,81.47
33930,71.31
33931,64.16
33932,61.43
33933,48.2
33934,46.69
33935,45.18
33936,44.76
33937,44.07
33938,43.77
33939,43.52
33940,44.67
33941,46.18
33942,55.81
33943,71.41
33944,74.44
33945,73.27
33946,70
33947,66.76
33948,67.19
33949,65.89
33950,66.79
33951,71.35
33952,72.69
33953,79.7
33954,71.34
33955,59.9
33956,57.3
33957,47.21
33958,46.02
33959,44.99
33960,44.88
33961,44.41
33962,44.05
33963,44.19
33964,44.66
33965,46.45
33966,56.15
33967,64.94
33968,70.06
33969,67.11
33970,67.51
33971,61.97
33972,58.51
33973,61.83
33974,65.25
33975,66.05
33976,68.29
33977,67.76
33978,58.41
33979,50.78
33980,46.08
33981,45.77
33982,45.23
33983,43.8
33984,43.71
33985,38.43
33986,43.81
33987,42.03
33988,42.87
33989,41.16
33990,44.22
33991,46.19
33992,46.17
33993,46.9
33994,46.82
33995,46.9
33996,46.4
33997,46.4
33998,46.89
33999,51.56
34000,59.66
34001,58.2
34002,60.62
34003,58.12
34004,51.62
34005,48.18
34006,50.13
34007,45.39
34008,46.23
34009,43.86
34010,42.94
34011,43.93
34012,44.28
34013,43.38
34014,45.33
34015,45.51
34016,46.36
34017,47.99
34018,47.96
34019,48.4
34020,48.95
34021,48.27
34022,48.4
34023,49.91
34024,50.93
34025,52.39
34026,51.9
34027,49.52
34028,46.96
34029,46.15
34030,46.47
34031,44.16
34032,40.82
34033,41.71
34034,40.13
34035,39.91
34036,41.55
34037,44.72
34038,48.08
34039,53.69
34040,53.67
34041,53.17
34042,52.28
34043,51.97
34044,51.5
34045,51.59
34046,52.16
34047,53.09
34048,53.63
34049,56.43
34050,53.11
34051,51.56
34052,47.17
34053,45.1
34054,42.44
34055,35.33
34056,25.01
34057,33
34058,29.85
34059,30.8
34060,31.66
34061,32.02
34062,45.26
34063,51.74
34064,51.66
34065,49.78
34066,48.94
34067,48.78
34068,48.44
34069,49.05
34070,50.11
34071,51.49
34072,51.99
34073,52.28
34074,51.62
34075,50.63
34076,49.46
34077,48.86
34078,47.12
34079,44.65
34080,44.52
34081,42.83
34082,42.43
34083,42.17
34084,43.22
34085,44.42
34086,49.52
34087,53.04
34088,53.01
34089,52.48
34090,51.76
34091,51.51
34092,51.51
34093,51.65
34094,51.88
34095,53.65
34096,59.93
34097,61.62
34098,56.99
34099,52.67
34100,51.02
34101,50.41
34102,49.2
34103,47.61
34104,47.15
34105,46.65
34106,46.37
34107,46.53
34108,47.37
34109,49.46
34110,61.26
34111,80.94
34112,78.92
34113,78.81
34114,78.83
34115,68.56
34116,63.23
34117,72.85
34118,83.5
34119,94.37
34120,103
34121,128.26
34122,109.94
34123,84.08
34124,78.18
34125,60.46
34126,52.57
34127,49.56
34128,49.73
34129,49.12
34130,48.53
34131,48.67
34132,49.33
34133,50.67
34134,71.26
34135,95
34136,106
34137,98
34138,97.17
34139,98.93
34140,98.28
34141,94.9
34142,93.6
34143,94.43
34144,97.09
34145,109.2
34146,96.02
34147,86.11
34148,75.56
34149,63.48
34150,58.66
34151,52.12
34152,62.13
34153,55.3
34154,52.03
34155,52.83
34156,50.36
34157,50.13
34158,50.36
34159,53.35
34160,63.17
34161,72.2
34162,73.49
34163,73.17
34164,73.01
34165,66.93
34166,64.57
34167,65.04
34168,68.11
34169,74.5
34170,70.8
34171,71.79
34172,61.97
34173,56.21
34174,55.04
34175,48.12
34176,48.43
34177,47.9
34178,47.23
34179,46.91
34180,46.57
34181,46.92
34182,47.91
34183,47.97
34184,49.27
34185,59.06
34186,60.84
34187,62.09
34188,52.96
34189,49.87
34190,55.02
34191,50.35
34192,61.47
34193,67.65
34194,65.45
34195,51.68
34196,51.19
34197,49.71
34198,49.41
34199,47.88
34200,48.27
34201,47.85
34202,46.42
34203,45.07
34204,44.8
34205,48.8
34206,56.94
34207,79.27
34208,83.08
34209,81.21
34210,80.25
34211,86.99
34212,86.93
34213,92.42
34214,94.74
34215,95
34216,100.02
34217,105.02
34218,94.05
34219,85
34220,77.61
34221,70.96
34222,59.92
34223,49.06
34224,49.01
34225,48.26
34226,48.05
34227,48.45
34228,49.32
34229,51.34
34230,71.9
34231,93.03
34232,100
34233,99
34234,93.37
34235,95
34236,88.98
34237,88.21
34238,85.99
34239,86.94
34240,87.19
34241,98.27
34242,92.43
34243,82.76
34244,70.16
34245,57.55
34246,53.12
34247,49.49
34248,48.97
34249,47.57
34250,47.01
34251,46.28
34252,46.73
34253,48.95
34254,55.78
34255,67.76
34256,70
34257,56.19
34258,52.46
34259,51.83
34260,51.35
34261,51.19
34262,51.57
34263,51.5
34264,51.59
34265,51.48
34266,50.39
34267,49.21
34268,47.79
34269,46.21
34270,44.91
34271,38.47
34272,40.9
34273,35.96
34274,34.26
34275,35.01
34276,38.98
34277,43.69
34278,47.88
34279,49.6
34280,49.6
34281,48.94
34282,48.65
34283,48.65
34284,48.65
34285,48.78
34286,48.65
34287,48.83
34288,48.77
34289,48.88
34290,48.68
34291,48
34292,46.74
34293,45.63
34294,42.73
34295,39.34
34296,35.26
34297,36.77
34298,36.63
34299,36.96
34300,39.51
34301,43.05
34302,46.61
34303,48.56
34304,48.97
34305,48.67
34306,48.13
34307,47.95
34308,47.92
34309,47.98
34310,47.99
34311,48.36
34312,48.98
34313,49.22
34314,48.59
34315,47.52
34316,46.08
34317,45.67
34318,44.8
34319,43.22
34320,43.25
34321,42.09
34322,42.03
34323,42.05
34324,43.57
34325,43.37
34326,42.89
34327,45.6
34328,46.37
34329,47.06
34330,47.46
34331,47.8
34332,47.7
34333,47.61
34334,47.93
34335,48.45
34336,48.97
34337,56.95
34338,49.6
34339,45.37
34340,37.55
34341,32.05
34342,34.35
34343,25
34344,30.26
34345,24.35
34346,22.58
34347,21.22
34348,20.82
34349,19.65
34350,17.07
34351,20.86
34352,24.38
34353,30.76
34354,36.96
34355,39.11
34356,39.16
34357,36.27
34358,31.76
34359,39.99
34360,47.29
34361,47.56
34362,47.38
34363,46.7
34364,45.87
34365,45.1
34366,43.09
34367,28.37
34368,43.52
34369,41.93
34370,40.77
34371,40.86
34372,42.01
34373,42.7
34374,47.66
34375,52.38
34376,51.03
34377,50
34378,49.58
34379,49.3
34380,49.2
34381,49.33
34382,49.69
34383,50.07
34384,50.53
34385,50.56
34386,50.02
34387,49.67
34388,48.93
34389,47.56
34390,46.03
34391,41.95
34392,36.22
34393,31.54
34394,31.06
34395,27.97
34396,31.88
34397,39.87
34398,46.62
34399,48.22
34400,48.85
34401,48.58
34402,47.95
34403,47.03
34404,46.61
34405,47.18
34406,47.8
34407,48.07
34408,48.9
34409,49.31
34410,49.04
34411,49.03
34412,48.25
34413,47.49
34414,46.24
34415,45.17
34416,46.01
34417,45.82
34418,45.94
34419,45.81
34420,46.01
34421,47.08
34422,54.64
34423,66.26
34424,68.94
34425,68.17
34426,66.24
34427,66.21
34428,53.54
34429,52.74
34430,52.94
34431,54.31
34432,57.92
34433,59.01
34434,53.39
34435,51.29
34436,50.63
34437,49.21
34438,48.57
34439,46.54
34440,41.01
34441,42.26
34442,45.87
34443,45.45
34444,42.07
34445,47.7
34446,54.04
34447,56.42
34448,58.06
34449,57.98
34450,54.56
34451,54.58
34452,56.5
34453,55.17
34454,56.26
34455,55.65
34456,60.5
34457,57.15
34458,53.95
34459,52.45
34460,51.06
34461,49.08
34462,47.12
34463,46.56
34464,35.83
34465,32.17
34466,34.5
34467,43.56
34468,43.67
34469,33.71
34470,48.57
34471,61.13
34472,59.95
34473,54.5
34474,53.23
34475,52.8
34476,51.69
34477,49.79
34478,48.04
34479,46.92
34480,49
34481,49
34482,48.53
34483,47.22
34484,43.26
34485,32.47
34486,27.18
34487,16.85
34488,10.56
34489,6.53
34490,1.34
34491,-0.08
34492,0.06
34493,0.09
34494,1.71
34495,15.74
34496,15.88
34497,26.33
34498,36
34499,10.45
34500,19.03
34501,19.6
34502,20.25
34503,20.97
34504,20.94
34505,20.81
34506,25.46
34507,21.05
34508,15.84
34509,0.05
34510,10.69
34511,8.5
34512,-0.78
34513,-1.72
34514,-5.9
34515,0.01
34516,0.1
34517,12.25
34518,25.06
34519,37.34
34520,43.39
34521,44.78
34522,45.52
34523,43.1
34524,29.68
34525,25.23
34526,19.39
34527,25.28
34528,29.16
34529,43.25
34530,30.93
34531,19.44
34532,11.69
34533,3.74
34534,19.49
34535,14.19
34536,4.96
34537,2.19
34538,0.12
34539,0.91
34540,0.06
34541,21.17
34542,44.51
34543,51.71
34544,51.18
34545,52.48
34546,48.89
34547,39.49
34548,38.09
34549,43.21
34550,47.94
34551,51.3
34552,50.59
34553,50.68
34554,49.14
34555,49.39
34556,47.73
34557,39.63
34558,39.59
34559,38.65
34560,35.64
34561,31.87
34562,35.26
34563,35.03
34564,33.49
34565,33.02
34566,44.63
34567,52.66
34568,57.62
34569,54.06
34570,53.24
34571,53
34572,52.82
34573,52.8
34574,53.19
34575,54.62
34576,56.66
34577,56.7
34578,53.81
34579,53.19
34580,52.52
34581,51.01
34582,49.45
34583,48.41
34584,48.82
34585,48.09
34586,47.83
34587,47.82
34588,48.36
34589,51.32
34590,58.14
34591,69.62
34592,75.62
34593,73.66
34594,71.58
34595,69.6
34596,66.94
34597,66.97
34598,67.46
34599,74.94
34600,82.18
34601,83.71
34602,80.28
34603,70.18
34604,53.57
34605,60.69
34606,52.6
34607,49.22
34608,49.57
34609,48.77
34610,48.16
34611,47.86
34612,48.24
34613,50.08
34614,56.05
34615,70.04
34616,74.66
34617,74.08
34618,62.41
34619,58.46
34620,65.46
34621,62.9
34622,63.03
34623,76.1
34624,65.69
34625,60.93
34626,56.21
34627,54.31
34628,52.81
34629,52.69
34630,50.74
34631,49.65
34632,49.69
34633,48.83
34634,48.39
34635,48.69
34636,49.49
34637,52.98
34638,61.27
34639,71.99
34640,71.94
34641,69.88
34642,60.06
34643,59.05
34644,64.45
34645,60.48
34646,61.75
34647,65.9
34648,74.93
34649,74.92
34650,61.27
34651,55.92
34652,55.1
34653,55
34654,53.71
34655,51.55
34656,53.1
34657,51.56
34658,50.92
34659,51.06
34660,50.5
34661,50.78
34662,51.07
34663,52.21
34664,53.06
34665,53.87
34666,54.13
34667,54.12
34668,53.95
34669,53.91
34670,53.98
34671,53.89
34672,53.66
34673,60.32
34674,52.87
34675,48.29
34676,50.3
34677,46.92
34678,43.64
34679,36.72
34680,36.96
34681,38.81
34682,38.1
34683,38.58
34684,38.23
34685,38.42
34686,38.41
34687,37.08
34688,42.76
34689,47.42
34690,47.59
34691,50.55
34692,51.52
34693,51.45
34694,51.71
34695,51.61
34696,55.2
34697,54.76
34698,54.49
34699,52.93
34700,52.13
34701,51.57
34702,50.63
34703,49.82
34704,52.08
34705,49.94
34706,49.78
34707,49.05
34708,49.47
34709,52.03
34710,57.4
34711,75.81
34712,81.02
34713,80.04
34714,76.69
34715,77.73
34716,76.49
34717,76.49
34718,76.75
34719,78.81
34720,79.05
34721,80.9
34722,78.78
34723,70.15
34724,56.56
34725,55.28
34726,53.58
34727,52.5
34728,51.16
34729,51.02
34730,49.83
34731,48.93
34732,49
34733,51.03
34734,58.81
34735,71.23
34736,74.63
34737,72.04
34738,69.68
34739,67.63
34740,66.12
34741,66.43
34742,66.87
34743,66.15
34744,65.9
34745,67.14
34746,61.05
34747,55.07
34748,53.53
34749,50.26
34750,48.42
34751,43.81
34752,40.02
34753,37.97
34754,37.03
34755,35.14
34756,39.91
34757,42.41
34758,47.3
34759,52.45
34760,56.37
34761,54.95
34762,55.01
34763,55.29
34764,55.31
34765,55.12
34766,55.1
34767,55.93
34768,56.58
34769,56.38
34770,55.67
34771,55.15
34772,54.31
34773,53.13
34774,51.63
34775,50.08
34776,47.62
34777,48.18
34778,48.35
34779,47.5
34780,47.72
34781,47.19
34782,54.37
34783,60.38
34784,57.69
34785,56.98
34786,56.68
34787,56.39
34788,56.65
34789,56.52
34790,56.46
34791,56.66
34792,57.09
34793,57.97
34794,57.73
34795,55.75
34796,49.6
34797,47.79
34798,50
34799,48.12
34800,47.27
34801,46.52
34802,45.73
34803,46.15
34804,44.93
34805,42.8
34806,47.55
34807,62.77
34808,62.81
34809,56.91
34810,57.26
34811,56.21
34812,55.99
34813,56.34
34814,54.34
34815,52.8
34816,53.94
34817,54.42
34818,53.91
34819,52.76
34820,52.03
34821,51.43
34822,50.07
34823,49.01
34824,46.32
34825,45.51
34826,45.33
34827,45.3
34828,46.54
34829,47.9
34830,48.42
34831,49.44
34832,50.29
34833,51.52
34834,52.56
34835,53.08
34836,52.99
34837,53.13
34838,52.93
34839,53.78
34840,55.04
34841,56.52
34842,57.07
34843,58.4
34844,51.92
34845,50.11
34846,51.09
34847,50.47
34848,51.49
34849,50.83
34850,50.74
34851,50.14
34852,49.94
34853,50.46
34854,50.88
34855,51.37
34856,51.61
34857,52.22
34858,52.8
34859,53
34860,53.11
34861,52.93
34862,52.93
34863,51.6
34864,55.99
34865,63.36
34866,61.2
34867,57.42
34868,55.61
34869,53.99
34870,53.86
34871,52.32
34872,43.01
34873,39.93
34874,41.92
34875,48.76
34876,48.43
34877,49.71
34878,50.02
34879,49.99
34880,52.9
34881,53.39
34882,53.1
34883,52.88
34884,52.97
34885,52.46
34886,52.44
34887,52.9
34888,53.24
34889,52.61
34890,51.31
34891,50.74
34892,49.76
34893,48.53
34894,48.38
34895,31.88
34896,23.79
34897,0.09
34898,-0.04
34899,7.94
34900,12.48
34901,0.72
34902,-7.3
34903,-5.68
34904,20.34
34905,24.85
34906,14.93
34907,24.68
34908,26.49
34909,5.81
34910,3.91
34911,17.99
34912,25.4
34913,29.49
34914,41.79
34915,42.4
34916,42.53
34917,36.23
34918,39.94
34919,27.4
34920,25.04
34921,24.57
34922,21.71
34923,23.68
34924,20.99
34925,28.51
34926,28.99
34927,46.48
34928,49.35
34929,51.1
34930,51.82
34931,52.06
34932,51.78
34933,51.81
34934,51.33
34935,51.92
34936,52.58
34937,52.53
34938,52.36
34939,52.02
34940,51.54
34941,49.73
34942,49.21
34943,48.03
34944,47.41
34945,47.1
34946,46.74
34947,45.03
34948,46.02
34949,49.18
34950,51.03
34951,53.14
34952,52.77
34953,53.39
34954,53.4
34955,53.24
34956,53.44
34957,53.25
34958,53.23
34959,53.77
34960,54.45
34961,54.54
34962,53.76
34963,52.9
34964,52.09
34965,51.47
34966,50.96
34967,50.49
34968,50.04
34969,49.42
34970,49.19
34971,48.51
34972,48.07
34973,49.82
34974,52.03
34975,52.95
34976,54.37
34977,55.21
34978,55.23
34979,55.21
34980,55.39
34981,55.28
34982,55.29
34983,56.26
34984,58.61
34985,61.72
34986,56.96
34987,55.25
34988,53.1
34989,52.4
34990,51.48
34991,50.18
34992,51.08
34993,49.87
34994,48.9
34995,47.15
34996,46.79
34997,47.21
34998,48.01
34999,50.02
35000,51.12
35001,52
35002,51.73
35003,51.74
35004,52.09
35005,51.98
35006,51.14
35007,50.79
35008,51.28
35009,52.89
35010,52
35011,50.79
35012,49.22
35013,38.77
35014,24.84
35015,0.12
35016,13.75
35017,0.02
35018,5.88
35019,2.09
35020,1.36
35021,-9.9
35022,-6.58
35023,0.08
35024,30.94
35025,42.1
35026,49.54
35027,51.16
35028,51.16
35029,49.64
35030,46.19
35031,47.64
35032,48.33
35033,58.4
35034,62.43
35035,55
35036,53.98
35037,52.98
35038,52.99
35039,52.52
35040,50.94
35041,49.57
35042,48.32
35043,45.89
35044,45.47
35045,47.11
35046,49.12
35047,50.5
35048,50.63
35049,50.92
35050,51.18
35051,51.19
35052,50.9
35053,50.77
35054,50.64
35055,50.51
35056,50.83
35057,50.11
35058,49.35
35059,47.51
35060,45.82
35061,43.03
35062,38.54
35063,25.7
35064,28.32
35065,10.07
35066,-4.08
35067,-9.91
35068,-7.41
35069,-12.55
35070,-17.25
35071,-15.07
35072,-4.93
35073,-6.33
35074,-4.93
35075,0.45
35076,0.12
35077,-0.02
35078,0
35079,-0.03
35080,1.97
35081,9.06
35082,0.07
35083,-4.97
35084,-6.98
35085,-16.01
35086,-4.87
35087,-28.93
35088,-33.57
35089,-45.92
35090,-48.29
35091,-33.6
35092,-33.54
35093,-17.79
35094,-0.01
35095,37.43
35096,48.06
35097,50.74
35098,48.11
35099,48.66
35100,49.94
35101,47.26
35102,49.64
35103,53.67
35104,56.01
35105,56.95
35106,55.39
35107,54.9
35108,53.86
35109,52.71
35110,52.09
35111,50.76
35112,42.91
35113,45.22
35114,48.31
35115,48.4
35116,48.79
35117,45.92
35118,51.07
35119,52.77
35120,62.89
35121,60.03
35122,58.19
35123,61.47
35124,62
35125,63.12
35126,63.67
35127,66.13
35128,68.41
35129,69.55
35130,65.67
35131,61.51
35132,56.04
35133,54.44
35134,52.09
35135,49.98
35136,49.87
35137,47.11
35138,47.07
35139,46.94
35140,47
35141,46.91
35142,49.59
35143,55.27
35144,54.44
35145,54.18
35146,53.9
35147,53.01
35148,51.74
35149,51.6
35150,51.41
35151,51.69
35152,52.59
35153,53.34
35154,52.81
35155,51.89
35156,46.58
35157,45.43
35158,43.96
35159,31.41
35160,26.9
35161,25.12
35162,24.12
35163,22.04
35164,18.37
35165,22.09
35166,23.35
35167,47.04
35168,49.99
35169,50.73
35170,50.93
35171,51.02
35172,51.36
35173,51.74
35174,51.92
35175,53.22
35176,55.26
35177,55.87
35178,55.26
35179,53.8
35180,52.75
35181,51.9
35182,51.38
35183,49.96
35184,50.29
35185,47.72
35186,48.81
35187,48.66
35188,47.82
35189,48.72
35190,48.19
35191,49.11
35192,50.44
35193,53.4
35194,52.35
35195,52.77
35196,52.86
35197,52.44
35198,51.52
35199,51.57
35200,53.28
35201,55.25
35202,54.25
35203,52.9
35204,51.95
35205,51.57
35206,50.71
35207,50.23
35208,46.03
35209,47.98
35210,47.84
35211,46.11
35212,46.08
35213,47.62
35214,55.77
35215,59.66
35216,57.94
35217,56.9
35218,56.28
35219,55.56
35220,55.14
35221,54.16
35222,53.73
35223,53.25
35224,53.26
35225,53.42
35226,50.19
35227,45.08
35228,40.96
35229,37.4
35230,21.15
35231,14.38
35232,17.94
35233,20.91
35234,7.78
35235,14.33
35236,18.56
35237,18.57
35238,35.81
35239,43.87
35240,46.93
35241,43.88
35242,43.85
35243,46.74
35244,43.94
35245,43.21
35246,43.81
35247,45.6
35248,35.21
35249,45.64
35250,45.63
35251,37.94
35252,39.53
35253,35.97
35254,29.72
35255,22.55
35256,20.04
35257,7.24
35258,3.43
35259,10.04
35260,14.2
35261,25.41
35262,36.98
35263,43.89
35264,50.98
35265,50.3
35266,50.21
35267,45.8
35268,43.64
35269,43.49
35270,45.05
35271,49.95
35272,53.82
35273,55.94
35274,54.19
35275,54.19
35276,52.98
35277,51.68
35278,50.96
35279,49.96
35280,50.51
35281,49.98
35282,49.55
35283,49.98
35284,49.94
35285,49.8
35286,56.97
35287,72.6
35288,79.23
35289,79.17
35290,78.55
35291,77.44
35292,69.66
35293,63.61
35294,59.94
35295,59.01
35296,59.57
35297,59.21
35298,56.38
35299,54.28
35300,52.78
35301,52.01
35302,50.48
35303,49.44
35304,47.84
35305,46.58
35306,45.74
35307,43.81
35308,46.24
35309,46.46
35310,51.29
35311,53.03
35312,54.25
35313,53.69
35314,53.63
35315,53.32
35316,51.89
35317,50.8
35318,45.46
35319,42.2
35320,45.93
35321,51.51
35322,50.44
35323,49.64
35324,48.93
35325,48.34
35326,47.54
35327,45.03
35328,47.24
35329,45.88
35330,44.61
35331,42.9
35332,42.03
35333,42
35334,44.06
35335,46.39
35336,48.02
35337,49.91
35338,50.3
35339,50.32
35340,50.32
35341,49.95
35342,50.09
35343,50.82
35344,51.7
35345,52.96
35346,52.33
35347,51.23
35348,50.02
35349,49.23
35350,48.29
35351,47.22
35352,44.01
35353,44.02
35354,37.03
35355,26.54
35356,23.25
35357,20.01
35358,40.06
35359,45.86
35360,26.23
35361,37.16
35362,26.3
35363,30.81
35364,27.06
35365,8.5
35366,34.44
35367,46.59
35368,47.15
35369,50.29
35370,49.08
35371,46.03
35372,40.01
35373,40.22
35374,3.04
35375,-7.28
35376,-3.14
35377,-12
35378,-15.03
35379,-11.09
35380,-4.94
35381,1.59
35382,35.9
35383,51.22
35384,51.66
35385,46.09
35386,50.26
35387,44.49
35388,41.24
35389,38.91
35390,41.79
35391,49.63
35392,50.93
35393,51.25
35394,50.93
35395,50.52
35396,49.61
35397,44.3
35398,41.29
35399,37.26
35400,37.67
35401,36.7
35402,37.06
35403,40.64
35404,44.31
35405,48.46
35406,50.91
35407,53.73
35408,57.02
35409,58.38
35410,56.54
35411,55
35412,53.92
35413,53.31
35414,52.63
35415,52.12
35416,52.28
35417,53.91
35418,52.54
35419,52.76
35420,52.5
35421,51.65
35422,50.4
35423,48.66
35424,49.48
35425,49.01
35426,48.91
35427,49.06
35428,49.12
35429,51.06
35430,52.64
35431,53.8
35432,55.73
35433,53.83
35434,54.22
35435,54.92
35436,53.65
35437,52.69
35438,53.55
35439,53.72
35440,54.83
35441,54.01
35442,52.67
35443,52.16
35444,51.35
35445,50.09
35446,46.4
35447,43.21
35448,31.44
35449,30.59
35450,36.54
35451,38.83
35452,46.99
35453,50.3
35454,52.74
35455,53.94
35456,54.42
35457,54.74
35458,54.8
35459,54.62
35460,54.43
35461,54.47
35462,55
35463,55.9
35464,57.43
35465,58.72
35466,55.06
35467,53.85
35468,53.05
35469,52.75
35470,51.19
35471,50.03
35472,51.16
35473,50.47
35474,50.12
35475,50.15
35476,50.65
35477,53.03
35478,54.77
35479,71.91
35480,75.02
35481,74.07
35482,70.51
35483,69.02
35484,67.29
35485,63.18
35486,60.38
35487,59.38
35488,66.79
35489,73.24
35490,73.7
35491,60.48
35492,57.96
35493,56.33
35494,55.34
35495,53.16
35496,52.47
35497,53.18
35498,54.73
35499,51.15
35500,52.25
35501,51.99
35502,51.72
35503,50.56
35504,55.71
35505,56.62
35506,60.07
35507,57.04
35508,55.26
35509,54.38
35510,52.55
35511,55.41
35512,60.78
35513,63.96
35514,62.72
35515,57.37
35516,54.61
35517,52.32
35518,52.03
35519,50.75
35520,51
35521,49.73
35522,50
35523,50.11
35524,50.85
35525,51.11
35526,50.99
35527,51.83
35528,52.14
35529,53.68
35530,54.48
35531,54.7
35532,54.17
35533,53.71
35534,53.2
35535,55.39
35536,58.02
35537,65.93
35538,67.77
35539,63.62
35540,59.82
35541,57.37
35542,59.56
35543,52.07
35544,55.54
35545,53.02
35546,52.1
35547,51.31
35548,51.14
35549,53.23
35550,65.33
35551,77.08
35552,85.24
35553,83.26
35554,77.48
35555,72.6
35556,68.39
35557,69.27
35558,69.73
35559,74.04
35560,81.08
35561,88.35
35562,88.37
35563,78.01
35564,68.8
35565,61.6
35566,57.94
35567,54.93
35568,54.19
35569,54.05
35570,53.52
35571,52.48
35572,53.44
35573,52.03
35574,62.33
35575,73.91
35576,80.23
35577,76.6
35578,74.19
35579,70.06
35580,62.07
35581,58.45
35582,59.69
35583,65.09
35584,70.21
35585,78.8
35586,71.32
35587,60.1
35588,56.94
35589,55.38
35590,54.81
35591,53.3
35592,53.2
35593,52.62
35594,52.14
35595,51.19
35596,51.02
35597,55.05
35598,60.06
35599,79.48
35600,88.38
35601,84.1
35602,85.35
35603,82.25
35604,76.5
35605,70.97
35606,68.85
35607,74.58
35608,82.24
35609,87.75
35610,85.03
35611,62.25
35612,58.06
35613,57.55
35614,56.83
35615,54.96
35616,55.98
35617,55.8
35618,55.57
35619,55.33
35620,55.8
35621,60.05
35622,75.98
35623,96.7
35624,109.45
35625,107.67
35626,98.06
35627,100.37
35628,95.18
35629,89.67
35630,87.7
35631,88.28
35632,95.01
35633,106.82
35634,100.29
35635,73.38
35636,60.35
35637,59.75
35638,58.45
35639,57.19
35640,57.29
35641,56.47
35642,55.95
35643,55.44
35644,55.28
35645,58.98
35646,69.39
35647,84.48
35648,93.9
35649,90.65
35650,82.96
35651,78
35652,69.06
35653,65.12
35654,62.65
35655,62.22
35656,63
35657,66.67
35658,65.6
35659,57.28
35660,50.78
35661,54.36
35662,53.59
35663,52.35
35664,51.91
35665,51.52
35666,50.98
35667,50.85
35668,51.52
35669,52.01
35670,52.44
35671,53.35
35672,53.99
35673,56.28
35674,58.62
35675,59.18
35676,56.72
35677,57.44
35678,53.32
35679,54.1
35680,54.17
35681,55.95
35682,57.92
35683,53.78
35684,52.53
35685,44.99
35686,43.9
35687,37.75
35688,45.48
35689,40.46
35690,20.83
35691,20.06
35692,16.78
35693,26.58
35694,38.61
35695,45.1
35696,45.68
35697,45.68
35698,50.59
35699,52.56
35700,52.25
35701,52.04
35702,52.05
35703,52.17
35704,53.49
35705,54.31
35706,54.38
35707,54.26
35708,53.61
35709,52.8
35710,52.5
35711,51.53
35712,51.02
35713,50.51
35714,50.32
35715,50.39
35716,50.97
35717,53.57
35718,53.09
35719,64.04
35720,64.88
35721,62.2
35722,58.38
35723,55.92
35724,55.57
35725,55.45
35726,55.25
35727,55.14
35728,55.18
35729,60.83
35730,59.64
35731,55.49
35732,55.17
35733,54.79
35734,53.68
35735,52.36
35736,51.31
35737,50.69
35738,50.59
35739,51
35740,51.56
35741,54.18
35742,56.58
35743,67.67
35744,72.8
35745,70.63
35746,70.38
35747,67.51
35748,64.03
35749,63.84
35750,66.56
35751,66
35752,69.33
35753,71.45
35754,72.82
35755,68.14
35756,58.08
35757,55.74
35758,53.83
35759,52.64
35760,51.46
35761,51.12
35762,50.69
35763,50.82
35764,51.47
35765,53.74
35766,52.09
35767,64.99
35768,68.17
35769,66.76
35770,59.06
35771,53.03
35772,54.19
35773,53.94
35774,53.83
35775,52.85
35776,52.65
35777,60.49
35778,57.02
35779,57.86
35780,50.02
35781,53.36
35782,51.99
35783,46.86
35784,47.17
35785,45.47
35786,45.43
35787,46.82
35788,45.08
35789,48.7
35790,57.36
35791,59.96
35792,56.39
35793,56.32
35794,56.28
35795,56.09
35796,56.08
35797,56.23
35798,56.09
35799,55.92
35800,56.46
35801,57.31
35802,56.94
35803,56.38
35804,55.68
35805,54.01
35806,52.62
35807,51.46
35808,51.31
35809,50.47
35810,50.03
35811,50.1
35812,50.72
35813,52.56
35814,53.98
35815,55.29
35816,56.66
35817,55.93
35818,55.51
35819,56.53
35820,56.05
35821,55.64
35822,55.66
35823,55.59
35824,56.02
35825,56.89
35826,56.28
35827,55.08
35828,54.18
35829,53.99
35830,52.71
35831,50.92
35832,50.04
35833,48.67
35834,48.1
35835,48.05
35836,48.5
35837,49.07
35838,49.21
35839,47.68
35840,51.47
35841,55.28
35842,54.1
35843,53.87
35844,56.08
35845,50.33
35846,50.15
35847,50.01
35848,49.39
35849,56.86
35850,56.03
35851,54.59
35852,50.43
35853,49.83
35854,49.46
35855,48.04
35856,48.5
35857,47.55
35858,47.1
35859,46.74
35860,47.12
35861,47.39
35862,47.93
35863,48.34
35864,48.89
35865,49.86
35866,50.54
35867,51.11
35868,50.73
35869,50.43
35870,50.28
35871,50.58
35872,46.08
35873,51.94
35874,59.54
35875,57.94
35876,54.69
35877,51.94
35878,51.04
35879,48.15
35880,50.18
35881,50.05
35882,49.82
35883,50
35884,50.56
35885,52.13
35886,49.05
35887,60.67
35888,58.93
35889,55.47
35890,49.66
35891,52.74
35892,52.65
35893,47.99
35894,42.28
35895,43.37
35896,43.82
35897,49.06
35898,46.78
35899,42.08
35900,39.42
35901,38.75
35902,38.52
35903,32.51
35904,34.49
35905,36.71
35906,38.42
35907,39.39
35908,39.82
35909,41.72
35910,50.31
35911,56.32
35912,55.07
35913,54.83
35914,54.55
35915,54.09
35916,53.49
35917,53.4
35918,53.61
35919,53.63
35920,54.53
35921,57.12
35922,56.65
35923,55.19
35924,53.69
35925,53.38
35926,50.12
35927,49.58
35928,49.33
35929,49.03
35930,48.92
35931,49.03
35932,49.65
35933,49.88
35934,51.1
35935,57.59
35936,59.01
35937,53.34
35938,53.54
35939,53.32
35940,53.19
35941,52.81
35942,52.93
35943,53.8
35944,55.37
35945,60.27
35946,60.9
35947,57.06
35948,54.03
35949,50.49
35950,50.2
35951,48.17
35952,47.39
35953,46.32
35954,45.84
35955,45.96
35956,47.21
35957,48.97
35958,49.49
35959,53.29
35960,53.04
35961,51.98
35962,51.47
35963,46.38
35964,43.24
35965,42.32
35966,40.75
35967,41.63
35968,41.77
35969,51.37
35970,51.4
35971,45.75
35972,46.07
35973,41.47
35974,38.71
35975,33.68
35976,25.91
35977,30.58
35978,32.57
35979,31.16
35980,35.71
35981,38.99
35982,45.85
35983,52.23
35984,52.8
35985,52.74
35986,51.35
35987,50.66
35988,44.59
35989,39.51
35990,38.77
35991,42.31
35992,43.98
35993,49.61
35994,50.66
35995,46.04
35996,35.88
35997,33.96
35998,27.56
35999,24.47
36000,0.02
36001,0.08
36002,-4.09
36003,-4
36004,0.06
36005,0.09
36006,0.05
36007,6.37
36008,12.08
36009,11.18
36010,10.64
36011,4.12
36012,0.05
36013,-0.1
36014,-2.05
36015,0.09
36016,9.64
36017,26.97
36018,36.17
36019,25.97
36020,16.96
36021,0.09
36022,12.91
36023,0.09
36024,11.43
36025,16.16
36026,16.02
36027,12.45
36028,10.19
36029,14.51
36030,7.01
36031,10.98
36032,20.62
36033,32.95
36034,41.75
36035,46.07
36036,46.47
36037,46.82
36038,46.9
36039,47.04
36040,48.21
36041,49.41
36042,49.73
36043,49.48
36044,48.14
36045,47.25
36046,41.65
36047,30.58
36048,31.57
36049,5.68
36050,-0.02
36051,-2.01
36052,0.01
36053,5.65
36054,39.91
36055,49.04
36056,49.41
36057,44.99
36058,39.94
36059,38.73
36060,36.59
36061,38.54
36062,38.66
36063,38.86
36064,38.61
36065,48.11
36066,48.51
36067,48.73
36068,47.96
36069,41.27
36070,45.19
36071,37.34
36072,37.29
36073,32.8
36074,29.71
36075,31
36076,36.08
36077,40.02
36078,46.44
36079,55.19
36080,54.91
36081,57.33
36082,55.66
36083,50.93
36084,50.02
36085,49.59
36086,49.98
36087,49.98
36088,50.31
36089,54.08
36090,57.61
36091,49.98
36092,45.96
36093,41.6
36094,43.96
36095,41.51
36096,34.14
36097,37.21
36098,36.29
36099,33.31
36100,37.58
36101,35.34
36102,45.84
36103,50.19
36104,48.42
36105,47.33
36106,46.96
36107,46.66
36108,46.14
36109,46.15
36110,46.3
36111,46.82
36112,47.88
36113,48.58
36114,48.89
36115,48.56
36116,47.55
36117,46.42
36118,46.43
36119,43.16
36120,40.74
36121,39.15
36122,38.64
36123,39
36124,38.47
36125,43.04
36126,51.3
36127,58.25
36128,60.96
36129,53.52
36130,50.34
36131,46.12
36132,44
36133,44.65
36134,44.62
36135,46.55
36136,46.53
36137,53.02
36138,60.2
36139,60.86
36140,44.98
36141,44.3
36142,43.84
36143,42.76
36144,43.75
36145,42.19
36146,41.72
36147,40.19
36148,41.1
36149,43.67
36150,46.28
36151,58.53
36152,58.55
36153,55.41
36154,49.12
36155,44.11
36156,42.87
36157,42.43
36158,42.52
36159,44.41
36160,46.04
36161,45.36
36162,45.38
36163,45.01
36164,44.35
36165,43.37
36166,43.83
36167,39.45
36168,35.42
36169,35.19
36170,36
36171,36.29
36172,36.52
36173,35.5
36174,38.39
36175,40.39
36176,40.94
36177,36.08
36178,31.09
36179,35.19
36180,35.62
36181,36
36182,37.21
36183,39.61
36184,42.11
36185,43.87
36186,43.81
36187,43.39
36188,42.49
36189,40.67
36190,38.99
36191,40.07
36192,35.57
36193,35.46
36194,37.24
36195,36.27
36196,36.13
36197,36.74
36198,37.42
36199,40.62
36200,41.58
36201,42.47
36202,43.05
36203,43.3
36204,43.21
36205,43.27
36206,43.13
36207,43.01
36208,41.81
36209,44.03
36210,49.6
36211,50.07
36212,46.15
36213,38.27
36214,42.83
36215,38.75
36216,39.41
36217,38.78
36218,38.78
36219,38.2
36220,38.8
36221,40
36222,49.05
36223,51.02
36224,51.73
36225,49
36226,47.76
36227,44.81
36228,43.09
36229,42.91
36230,44.73
36231,46.65
36232,46.03
36233,52.94
36234,46.23
36235,45.35
36236,44.8
36237,43.98
36238,42.23
36239,35.87
36240,36.09
36241,35.43
36242,35.42
36243,36
36244,36.08
36245,38.1
36246,44.95
36247,47.52
36248,45.64
36249,44.22
36250,41.37
36251,36.45
36252,36.31
36253,36.41
36254,38.09
36255,38.87
36256,42.9
36257,44.9
36258,45.06
36259,44.12
36260,43.67
36261,41.63
36262,39.74
36263,35.69
36264,35.2
36265,34.05
36266,32.95
36267,35.06
36268,36.06
36269,38.06
36270,43.42
36271,48.63
36272,52.22
36273,53.08
36274,52.09
36275,49.73
36276,43.74
36277,45.05
36278,45.58
36279,46.01
36280,49.79
36281,51.96
36282,54.25
36283,54.34
36284,47.08
36285,44.06
36286,43.27
36287,40.13
36288,37.13
36289,36
36290,35.49
36291,35.36
36292,36.08
36293,37.9
36294,45.35
36295,49.78
36296,50.5
36297,46.7
36298,43.2
36299,40.2
36300,43.88
36301,43.83
36302,39.89
36303,42.89
36304,46.3
36305,50.61
36306,53.1
36307,51.94
36308,49.21
36309,46.13
36310,44
36311,42.69
36312,41.48
36313,41.2
36314,40.82
36315,40.56
36316,39.35
36317,42
36318,49.19
36319,55.03
36320,57.95
36321,55.62
36322,54.14
36323,53.06
36324,51.45
36325,48.99
36326,45.88
36327,44.75
36328,46.46
36329,50.42
36330,52.4
36331,47.04
36332,43
36333,42.09
36334,42.17
36335,39.6
36336,38.04
36337,36.54
36338,36.06
36339,36.01
36340,35.61
36341,36.03
36342,37.3
36343,41.11
36344,41.57
36345,41.72
36346,40.94
36347,40.34
36348,40.02
36349,39.31
36350,38.8
36351,35.49
36352,42.34
36353,46.94
36354,50.67
36355,42.48
36356,41.81
36357,40.35
36358,41.29
36359,39
36360,37.82
36361,36.96
36362,36.97
36363,36.21
36364,36.21
36365,37.04
36366,36.98
36367,37.98
36368,39.11
36369,39.79
36370,38.58
36371,37.97
36372,37.67
36373,36.1
36374,35.39
36375,35.86
36376,37.04
36377,42.37
36378,47.88
36379,42.73
36380,42.63
36381,42.23
36382,41.9
36383,41.25
36384,38.7
36385,37.02
36386,37
36387,36.37
36388,36.06
36389,40.07
36390,43.84
36391,52
36392,55.59
36393,50.72
36394,45.18
36395,41.85
36396,40.09
36397,40.82
36398,40.94
36399,42
36400,43.26
36401,49.92
36402,51.07
36403,43.18
36404,41.95
36405,42.18
36406,41.69
36407,40.4
36408,37.1
36409,37
36410,36.84
36411,35.88
36412,36.77
36413,39.41
36414,47.97
36415,53.04
36416,51.88
36417,49.92
36418,44.39
36419,42.12
36420,42.21
36421,42.15
36422,42.14
36423,41.45
36424,46.88
36425,53.46
36426,58.17
36427,54.94
36428,50.92
36429,47.57
36430,44.39
36431,41.29
36432,40.98
36433,39.42
36434,38.58
36435,37.99
36436,39.16
36437,41.09
36438,42.74
36439,51.84
36440,49.83
36441,48.41
36442,44.06
36443,40.79
36444,40.02
36445,39.9
36446,40.36
36447,40.62
36448,42.89
36449,43.34
36450,43.42
36451,42.56
36452,41.32
36453,41.23
36454,40.95
36455,36.21
36456,29.78
36457,30.41
36458,29.8
36459,27.61
36460,28.96
36461,32.93
36462,42.45
36463,44.89
36464,46.33
36465,42.7
36466,42.47
36467,41.49
36468,41.38
36469,41.45
36470,41.61
36471,41.7
36472,42.73
36473,48.03
36474,50.96
36475,50.97
36476,48.54
36477,44.2
36478,43.21
36479,41.44
36480,39.4
36481,40.85
36482,40.69
36483,41.02
36484,41.92
36485,40.4
36486,46.75
36487,47.98
36488,49.99
36489,50.28
36490,51.15
36491,50.97
36492,48.56
36493,47.4
36494,46.91
36495,45.97
36496,46.93
36497,50.79
36498,52.59
36499,52.49
36500,48.66
36501,46.53
36502,45.65
36503,44.41
36504,44.19
36505,43.28
36506,41.09
36507,39.49
36508,39.59
36509,39.97
36510,41.42
36511,43.92
36512,46.33
36513,45.38
36514,45.17
36515,44.37
36516,43.9
36517,40.21
36518,39.26
36519,39.18
36520,40.92
36521,43.84
36522,44.88
36523,43.22
36524,38.27
36525,32.07
36526,30.52
36527,25.34
36528,22.77
36529,8.67
36530,1.84
36531,0.09
36532,0.07
36533,0.03
36534,-2.81
36535,-0.04
36536,2.86
36537,0.08
36538,0.11
36539,3.33
36540,4.02
36541,1.06
36542,2
36543,4.75
36544,20.07
36545,41.79
36546,42.92
36547,43.12
36548,41.07
36549,40.82
36550,40.94
36551,40.32
36552,0.11
36553,-0.21
36554,-6.86
36555,-7
36556,-2.47
36557,6.24
36558,25.83
36559,42.5
36560,42.42
36561,20.69
36562,7.54
36563,0.09
36564,24.65
36565,19.23
36566,14.84
36567,14.71
36568,14.81
36569,40.8
36570,42.46
36571,43.02
36572,25.98
36573,21.1
36574,10.06
36575,-2.39
36576,-0.08
36577,-2.39
36578,-4.95
36579,-1.92
36580,-2.23
36581,11.23
36582,33.49
36583,44.24
36584,44.68
36585,44.73
36586,44.71
36587,44.39
36588,43.99
36589,43.79
36590,43.77
36591,44.09
36592,46.39
36593,49.27
36594,55.01
36595,52.57
36596,47.74
36597,46.41
36598,46.01
36599,41.54
36600,43.07
36601,42.75
36602,42.51
36603,42.58
36604,43.44
36605,44.81
36606,45.48
36607,47.53
36608,47.79
36609,47.8
36610,47.41
36611,46.84
36612,42.83
36613,35.22
36614,34.76
36615,28.66
36616,29.99
36617,36.88
36618,43.7
36619,43.9
36620,40.38
36621,28.96
36622,29.55
36623,27.49
36624,25.05
36625,24.64
36626,34.45
36627,38.05
36628,40.86
36629,43.11
36630,44.79
36631,47.02
36632,47.88
36633,47.61
36634,47.45
36635,46.69
36636,45.91
36637,45.54
36638,44.91
36639,44.42
36640,43.12
36641,43.27
36642,43.95
36643,45.01
36644,39.76
36645,37.91
36646,32.03
36647,21.15
36648,22.31
36649,20.07
36650,20.09
36651,24.5
36652,33.58
36653,38.03
36654,40.78
36655,37.9
36656,32.34
36657,25.06
36658,22.96
36659,25.61
36660,23.35
36661,23.48
36662,25.38
36663,33.71
36664,38.34
36665,42.13
36666,44.07
36667,43.9
36668,41.58
36669,40.57
36670,39.24
36671,30.61
36672,27.67
36673,15.4
36674,4.24
36675,0.07
36676,0.06
36677,0.03
36678,-0.04
36679,0.13
36680,10.05
36681,8.54
36682,7.83
36683,11.03
36684,0.74
36685,0.04
36686,-0.08
36687,-0.82
36688,0.08
36689,10.96
36690,22.8
36691,25.08
36692,21.62
36693,11.96
36694,13.37
36695,0.72
36696,-4.97
36697,-11.15
36698,-12.55
36699,-2.89
36700,-2.6
36701,0.07
36702,13.78
36703,38.96
36704,38.35
36705,39.09
36706,39.9
36707,40.17
36708,38.76
36709,39.75
36710,39.91
36711,39.27
36712,41.34
36713,43.51
36714,44.36
36715,44.08
36716,42.89
36717,41.57
36718,41.24
36719,38.11
36720,40.78
36721,39.35
36722,39.52
36723,40.32
36724,42.16
36725,43.96
36726,45.63
36727,47.96
36728,49.11
36729,48.09
36730,47.05
36731,46.3
36732,45.7
36733,45.43
36734,45.05
36735,44.87
36736,44.07
36737,46.28
36738,50.29
36739,48.94
36740,47.73
36741,46.38
36742,46.08
36743,44.01
36744,40.98
36745,42.23
36746,42.16
36747,41.99
36748,42.81
36749,44.19
36750,46.83
36751,52.05
36752,51.37
36753,48.02
36754,46.78
36755,44.05
36756,39.14
36757,35.52
36758,31.06
36759,32.93
36760,35.26
36761,40.06
36762,44.02
36763,41.57
36764,33.01
36765,26.49
36766,23.87
36767,0.36
36768,10.05
36769,22.54
36770,26.4
36771,34.03
36772,37.01
36773,36.91
36774,38.7
36775,41.87
36776,41.3
36777,39.01
36778,39.26
36779,39.95
36780,41.43
36781,41.95
36782,42.9
36783,42.9
36784,43.13
36785,43.94
36786,44.35
36787,43.98
36788,42.38
36789,41.27
36790,39.16
36791,37.7
36792,24.17
36793,22.25
36794,25
36795,35.03
36796,37.55
36797,41
36798,41.89
36799,43.93
36800,45.03
36801,44.7
36802,44.25
36803,43.62
36804,43.44
36805,43.06
36806,42.94
36807,42.92
36808,42.94
36809,43.72
36810,44.3
36811,43.65
36812,42.93
36813,42.07
36814,41.32
36815,40.4
36816,41.06
36817,40.31
36818,40.43
36819,40.89
36820,41.23
36821,42.09
36822,43.12
36823,44.99
36824,45.17
36825,44.95
36826,44.65
36827,44.23
36828,43.88
36829,43.5
36830,43.14
36831,43.02
36832,43.12
36833,43.35
36834,43.71
36835,41.35
36836,32.06
36837,17.19
36838,0.07
36839,10.79
36840,-1
36841,-2.68
36842,0.01
36843,-1.96
36844,2.02
36845,2.33
36846,9.97
36847,21.59
36848,27.93
36849,34.18
36850,34.14
36851,31.91
36852,31.86
36853,34.08
36854,38.57
36855,40.08
36856,40.01
36857,40.98
36858,40.05
36859,28.27
36860,22.78
36861,5.74
36862,9.09
36863,2.1
36864,-2.3
36865,-3.34
36866,-9.33
36867,-13.53
36868,-6.23
36869,-9.9
36870,-11.37
36871,-6.61
36872,-2.41
36873,-3.3
36874,-6.66
36875,-0.75
36876,-7.06
36877,-9.99
36878,-13.35
36879,-11.09
36880,-6.8
36881,5.33
36882,28.87
36883,36.66
36884,30.64
36885,23.34
36886,25.94
36887,17.22
36888,17.65
36889,12.86
36890,14.27
36891,14.45
36892,6.03
36893,22.51
36894,41.27
36895,46.37
36896,44.13
36897,42.47
36898,33.18
36899,32.03
36900,27.71
36901,30.92
36902,30.94
36903,30.98
36904,35.57
36905,41.95
36906,45.74
36907,45.03
36908,44.25
36909,42.96
36910,41.7
36911,36.77
36912,39.08
36913,38.49
36914,37.45
36915,36.47
36916,40.39
36917,41.25
36918,46.96
36919,51.27
36920,54.38
36921,49.69
36922,46.31
36923,44.93
36924,44.38
36925,43.95
36926,43.75
36927,43.88
36928,44.61
36929,48.96
36930,55.17
36931,59.27
36932,50.87
36933,45.35
36934,44.72
36935,41.08
36936,38.28
36937,36.3
36938,35.05
36939,34.33
36940,34.69
36941,37.2
36942,43.66
36943,46.89
36944,43.85
36945,42.88
36946,42.13
36947,41.54
36948,41.07
36949,38.98
36950,38.16
36951,40.36
36952,42.1
36953,45.49
36954,48.94
36955,43.83
36956,43.14
36957,43.13
36958,42.97
36959,39.76
36960,35.47
36961,34.7
36962,33.51
36963,33.04
36964,33.1
36965,35.93
36966,44.03
36967,43.1
36968,44.91
36969,41.28
36970,38.5
36971,36.84
36972,35.43
36973,34.5
36974,34.61
36975,36.81
36976,39.27
36977,43.4
36978,46.7
36979,41.72
36980,40.99
36981,41.49
36982,41.94
36983,39.28
36984,39
36985,35.95
36986,36.69
36987,36.39
36988,36.28
36989,39.95
36990,46.01
36991,50.98
36992,49.2
36993,44.97
36994,40.41
36995,37.88
36996,40.07
36997,39.33
36998,35.56
36999,35
37000,37.78
37001,44.05
37002,46.91
37003,40.76
37004,40.22
37005,39.99
37006,39.9
37007,37.12
37008,35.53
37009,34.94
37010,34.9
37011,33.1
37012,33.05
37013,34.6
37014,36.64
37015,38.86
37016,38.43
37017,37.38
37018,34.53
37019,31.95
37020,29.82
37021,29.06
37022,28.25
37023,29.52
37024,31.38
37025,37
37026,40.68
37027,39.97
37028,40.01
37029,39.1
37030,39.25
37031,37.93
37032,39.15
37033,36.05
37034,34.45
37035,33.61
37036,33.85
37037,34.2
37038,34.32
37039,34.98
37040,36.6
37041,35.81
37042,33.78
37043,32.01
37044,31.1
37045,25.08
37046,24.13
37047,23.79
37048,25.1
37049,33.02
37050,39.37
37051,40.45
37052,39.33
37053,36.34
37054,34.47
37055,29.99
37056,24.34
37057,22.5
37058,23.01
37059,20.89
37060,21.57
37061,28.97
37062,34.45
37063,38.39
37064,39.17
37065,29.93
37066,29.96
37067,30.79
37068,30.06
37069,31.33
37070,29.25
37071,29.67
37072,30.08
37073,36.68
37074,41.2
37075,46.45
37076,42.35
37077,39.81
37078,39.99
37079,37.56
37080,33.25
37081,30.79
37082,30.07
37083,30.01
37084,30.03
37085,32.5
37086,39
37087,42.8
37088,42.75
37089,35.9
37090,32.54
37091,32.58
37092,32.98
37093,39.84
37094,39.85
37095,39.96
37096,39.99
37097,39.76
37098,43
37099,49.4
37100,46.41
37101,43.37
37102,42.28
37103,38.42
37104,36.62
37105,34.81
37106,34.27
37107,33.37
37108,34.14
37109,36.82
37110,41
37111,46
37112,45.91
37113,43.94
37114,41.48
37115,40.61
37116,40
37117,39.58
37118,38.75
37119,39.47
37120,39.18
37121,41.49
37122,44.17
37123,47.91
37124,43.99
37125,41.22
37126,40.83
37127,36.92
37128,32.73
37129,33.67
37130,33.38
37131,33.29
37132,33.12
37133,36.67
37134,44.48
37135,49.13
37136,48.79
37137,46.78
37138,44.12
37139,43.36
37140,42.54
37141,42.39
37142,43.06
37143,44.09
37144,44.47
37145,46.98
37146,48.16
37147,52.77
37148,46.61
37149,43.48
37150,42.38
37151,39.32
37152,39.28
37153,34.1
37154,34.44
37155,34.47
37156,34.99
37157,38.04
37158,43.08
37159,41.47
37160,41.45
37161,42.86
37162,38.2
37163,34.49
37164,33.43
37165,32.87
37166,32.4
37167,33.13
37168,36.01
37169,43.14
37170,40.27
37171,39.67
37172,39.93
37173,37.82
37174,37.3
37175,37.41
37176,37.49
37177,36.68
37178,34.36
37179,34.61
37180,36.08
37181,35.02
37182,33.51
37183,33.23
37184,34.93
37185,33.17
37186,31.63
37187,29.24
37188,28.77
37189,25.92
37190,25.45
37191,29.25
37192,32.02
37193,36.48
37194,37.43
37195,37.24
37196,35.09
37197,33.68
37198,30.97
37199,26.8
37200,30.7
37201,28.88
37202,25.07
37203,
37204,
37205,26.96
37206,31.24
37207,33.07
37208,32.78
37209,28.82
37210,25.17
37211,25.15
37212,10.46
37213,1.11
37214,1.02
37215,11.51
37216,26.73
37217,33.97
37218,38.69
37219,41.8
37220,39.08
37221,40.3
37222,37.51
37223,31.06
37224,29.96
37225,31.07
37226,31.84
37227,32.4
37228,37.22
37229,47.08
37230,56.95
37231,53.56
37232,45.95
37233,42.2
37234,39.11
37235,39.2
37236,38.98
37237,37.2
37238,36.93
37239,37.24
37240,35.74
37241,43.06
37242,45.1
37243,45.06
37244,39.41
37245,35.8
37246,30.65
37247,29.11
37248,26.93
37249,25.43
37250,25.16
37251,27.52
37252,31.04
37253,40.29
37254,43.78
37255,43.13
37256,39.53
37257,36.68
37258,31.39
37259,29
37260,29.09
37261,29.49
37262,29.09
37263,30.1
37264,35.08
37265,39.03
37266,39.57
37267,38.58
37268,36.4
37269,31.38
37270,27.69
37271,31.9
37272,31.5
37273,31.08
37274,31.19
37275,32.57
37276,35
37277,42.17
37278,44.8
37279,48.44
37280,46.47
37281,46.42
37282,45.76
37283,45.01
37284,43.11
37285,41.77
37286,41.48
37287,41.73
37288,42.68
37289,45.44
37290,51.32
37291,52.34
37292,44.08
37293,39.1
37294,36.58
37295,35.6
37296,35.12
37297,33
37298,32.59
37299,34.13
37300,36.86
37301,44.67
37302,44.96
37303,49.07
37304,45.8
37305,43.78
37306,41.93
37307,40.75
37308,40.53
37309,38.59
37310,38.3
37311,38.1
37312,40.08
37313,44.94
37314,47.65
37315,45.67
37316,43.81
37317,38.49
37318,36.8
37319,35.36
37320,35.47
37321,34.49
37322,33.76
37323,36.17
37324,38.63
37325,44.84
37326,53.16
37327,58.67
37328,47.53
37329,44.77
37330,41.29
37331,41.18
37332,40.08
37333,38.64
37334,38.34
37335,38.64
37336,40.96
37337,40.63
37338,40.6
37339,40.21
37340,40.46
37341,39.48
37342,39.16
37343,41.12
37344,39.86
37345,38.31
37346,36.1
37347,36.13
37348,37.27
37349,39.2
37350,42.03
37351,44.06
37352,46.51
37353,42.72
37354,40.91
37355,34.56
37356,34.1
37357,35.94
37358,35.97
37359,37.43
37360,35.05
37361,41.28
37362,42.91
37363,41.88
37364,39.99
37365,39.21
37366,36.22
37367,38.61
37368,38.51
37369,38.05
37370,38.03
37371,38.64
37372,38.66
37373,38.32
37374,39.43
37375,40.51
37376,40.66
37377,39.66
37378,39.54
37379,39.19
37380,38.88
37381,38.56
37382,38.35
37383,38.29
37384,34.87
37385,42.9
37386,46.65
37387,49.65
37388,46.27
37389,42.04
37390,41.65
37391,38.84
37392,37.7
37393,36.73
37394,36.3
37395,37.2
37396,41.6
37397,42.59
37398,44.43
37399,44.84
37400,44.49
37401,44.17
37402,42.98
37403,42.35
37404,41.85
37405,40.42
37406,40.17
37407,39.73
37408,42.84
37409,43.1
37410,43.95
37411,43.25
37412,42.38
37413,41.94
37414,37.44
37415,34.75
37416,34.69
37417,35.6
37418,34.96
37419,35.12
37420,37.47
37421,47.2
37422,50.51
37423,51.9
37424,47.03
37425,45.61
37426,44.79
37427,42.76
37428,42.29
37429,40.9
37430,40.68
37431,40.3
37432,40.71
37433,44.09
37434,47.01
37435,44.47
37436,42.76
37437,42.01
37438,40.06
37439,37.51
37440,37.18
37441,36.54
37442,35.78
37443,36.63
37444,38.55
37445,46.99
37446,53.13
37447,56.08
37448,49.38
37449,46.21
37450,44.44
37451,43.88
37452,43.53
37453,42.41
37454,42.43
37455,43.46
37456,42.6
37457,46.5
37458,47.2
37459,46.97
37460,44.56
37461,42.6
37462,42.01
37463,42.47
37464,41.94
37465,41.9
37466,41.96
37467,42.3
37468,43.92
37469,47.91
37470,56.4
37471,59.24
37472,51.7
37473,48.55
37474,47.5
37475,47.44
37476,47.48
37477,45.96
37478,45.28
37479,46.05
37480,46.27
37481,47.69
37482,54.02
37483,52.99
37484,49.02
37485,47.2
37486,44.05
37487,42.26
37488,43.68
37489,43.59
37490,43.7
37491,44.19
37492,43.82
37493,49.62
37494,58.98
37495,60.08
37496,51.55
37497,48.97
37498,46.99
37499,45.95
37500,45.2
37501,44.15
37502,43.57
37503,43.61
37504,41.73
37505,46.43
37506,48.43
37507,48.08
37508,45.36
37509,45.27
37510,43.27
37511,44.78
37512,43.89
37513,43.41
37514,43.09
37515,43.32
37516,43.3
37517,43.78
37518,45.1
37519,47.28
37520,46.96
37521,42.45
37522,42.43
37523,38.57
37524,38.02
37525,37.11
37526,36.42
37527,35.65
37528,43.46
37529,43.03
37530,46.09
37531,46.28
37532,43.1
37533,42.96
37534,41.47
37535,40.25
37536,38.07
37537,38.04
37538,38.06
37539,39.18
37540,39.49
37541,38.28
37542,38.18
37543,40.36
37544,39.76
37545,37.1
37546,36.4
37547,34.89
37548,33.87
37549,29.75
37550,28.97
37551,31.26
37552,35.04
37553,41.87
37554,44.7
37555,46.74
37556,43.28
37557,38.59
37558,38.11
37559,35.58
37560,37.11
37561,37.17
37562,38.9
37563,42.18
37564,42.6
37565,50.23
37566,58.76
37567,60.33
37568,47.29
37569,43.02
37570,42.12
37571,44.47
37572,44.31
37573,43.85
37574,43.62
37575,43.88
37576,40.96
37577,47.01
37578,49.27
37579,48.56
37580,45.7
37581,42.43
37582,34.97
37583,43.17
37584,43.05
37585,43.04
37586,43.18
37587,43.5
37588,40.73
37589,46.22
37590,52.06
37591,52.21
37592,46.62
37593,40.72
37594,35.7
37595,35.15
37596,32.95
37597,34.52
37598,37.02
37599,39.28
37600,44.5
37601,49.74
37602,47.46
37603,47.22
37604,47.94
37605,43.9
37606,38.8
37607,33.5
37608,32.99
37609,35.02
37610,35.02
37611,35.36
37612,37.94
37613,46.82
37614,50.43
37615,52.23
37616,50.4
37617,48.01
37618,39.72
37619,38.6
37620,43.27
37621,42.98
37622,42.91
37623,41.34
37624,38.73
37625,46.09
37626,49.49
37627,48.09
37628,44.83
37629,41.03
37630,40.82
37631,42.73
37632,42.59
37633,42.57
37634,42.71
37635,35.06
37636,38.07
37637,47.82
37638,51.95
37639,55.31
37640,49.93
37641,44.57
37642,40.39
37643,37.71
37644,42.3
37645,42.2
37646,42.09
37647,39.73
37648,39.4
37649,45.09
37650,49.31
37651,45.35
37652,44.23
37653,43.19
37654,40.96
37655,38.83
37656,38.1
37657,37.97
37658,38.03
37659,37.07
37660,40.75
37661,41.67
37662,42.68
37663,43.83
37664,43.73
37665,42.97
37666,42.76
37667,42.28
37668,41.93
37669,41.4
37670,40.99
37671,41.79
37672,42.22
37673,42.97
37674,43.68
37675,43.2
37676,44.09
37677,43.88
37678,41.62
37679,42.45
37680,40.96
37681,40.46
37682,40.75
37683,41.26
37684,40.13
37685,40.46
37686,41.42
37687,42.67
37688,42.99
37689,42.88
37690,42.01
37691,41.5
37692,40.99
37693,40.71
37694,40.18
37695,40.46
37696,38.03
37697,44.91
37698,46.92
37699,44.61
37700,43.41
37701,42.5
37702,41.37
37703,36.95
37704,34.86
37705,32.1
37706,32.09
37707,34.04
37708,33.92
37709,34.96
37710,35.01
37711,40.36
37712,41.84
37713,41.44
37714,41.19
37715,40.78
37716,39.67
37717,37.4
37718,33.16
37719,35.01
37720,36.1
37721,41.85
37722,46.23
37723,46.08
37724,44.16
37725,41.38
37726,38.34
37727,35.02
37728,30.08
37729,30.05
37730,30.06
37731,30.02
37732,31.41
37733,36.81
37734,39.29
37735,40.79
37736,37.09
37737,34
37738,23.71
37739,13.27
37740,2.87
37741,0.12
37742,-0.02
37743,-4.99
37744,-2.08
37745,-0.39
37746,15.06
37747,17.03
37748,2.98
37749,0.03
37750,-15.08
37751,-1.72
37752,-6.95
37753,-9.64
37754,-11.03
37755,-9.56
37756,6.84
37757,29.45
37758,38.82
37759,38.53
37760,27.91
37761,16.47
37762,0.03
37763,-9.98
37764,-9.97
37765,-4.49
37766,0.13
37767,13.08
37768,31.56
37769,38.58
37770,41.11
37771,40.68
37772,36.37
37773,29.37
37774,23.71
37775,2.18
37776,4.09
37777,3.93
37778,3.55
37779,5.35
37780,21.69
37781,40.1
37782,43.18
37783,43.85
37784,41.97
37785,38.85
37786,34.43
37787,29.99
37788,32.52
37789,31.6
37790,31.18
37791,34.02
37792,40.98
37793,44.91
37794,42.56
37795,42.28
37796,41.4
37797,38.1
37798,31
37799,27.44
37800,26.1
37801,27.22
37802,28.65
37803,31.3
37804,37.89
37805,43.2
37806,49.6
37807,48.21
37808,44.41
37809,41.26
37810,41.15
37811,40.8
37812,40.68
37813,40.23
37814,40.13
37815,37.03
37816,41.21
37817,46.22
37818,57.49
37819,59.9
37820,47.78
37821,41.2
37822,39.04
37823,37
37824,35
37825,33.53
37826,34.88
37827,36.38
37828,39.52
37829,44.39
37830,52.31
37831,55.03
37832,52.94
37833,49.93
37834,46.94
37835,43.96
37836,42.16
37837,40.35
37838,40.51
37839,41.46
37840,45.72
37841,45
37842,49.06
37843,49.66
37844,46.41
37845,41.97
37846,37.05
37847,32.02
37848,30.1
37849,29.05
37850,28.04
37851,27.43
37852,26.76
37853,27.02
37854,31.99
37855,37.22
37856,38.04
37857,38.02
37858,37.57
37859,33.92
37860,31.55
37861,30.89
37862,30.98
37863,32.04
37864,33.1
37865,38.02
37866,39.92
37867,39.25
37868,37.63
37869,36.36
37870,31.57
37871,31.24
37872,29.05
37873,30
37874,29
37875,29.53
37876,29.96
37877,30.71
37878,31.66
37879,32.05
37880,34.41
37881,34.48
37882,35.53
37883,32.6
37884,31.44
37885,30.4
37886,29.77
37887,31.74
37888,35.51
37889,41.68
37890,45.32
37891,47.75
37892,46.07
37893,42.05
37894,41.67
37895,38.53
37896,36.22
37897,35.57
37898,35.01
37899,34.18
37900,36.57
37901,46.82
37902,52.77
37903,56.71
37904,51.3
37905,46.99
37906,45.61
37907,44.06
37908,43
37909,40.67
37910,39.41
37911,39.9
37912,42.4
37913,44.97
37914,47.08
37915,47.81
37916,46.81
37917,44.86
37918,38.43
37919,34
37920,36.07
37921,35
37922,35.24
37923,34.44
37924,37.04
37925,45.62
37926,52.14
37927,60
37928,51.47
37929,47.43
37930,44.85
37931,40.85
37932,37.7
37933,39.98
37934,39.41
37935,39.51
37936,41.3
37937,47.09
37938,54.4
37939,51.76
37940,48.71
37941,46.28
37942,43.41
37943,38
37944,35.2
37945,32.64
37946,31.16
37947,29.56
37948,29.72
37949,27.51
37950,27.6
37951,30.9
37952,29.4
37953,28.88
37954,28.65
37955,21.12
37956,4.9
37957,-2.46
37958,-2.82
37959,1.98
37960,19.61
37961,29.65
37962,34.51
37963,37.25
37964,33.2
37965,33.68
37966,12.78
37967,13.04
37968,5.06
37969,5.01
37970,0.47
37971,2.73
37972,6.74
37973,41.21
37974,40.26
37975,41.21
37976,40.86
37977,39.7
37978,37.32
37979,31.42
37980,31.9
37981,34.32
37982,37
37983,37.48
37984,39.85
37985,40.07
37986,40.67
37987,41.48
37988,41.71
37989,41.11
37990,40.37
37991,33.29
37992,34.9
37993,33.6
37994,32.48
37995,33.1
37996,35.96
37997,41.95
37998,46.99
37999,43.05
38000,42.73
38001,42.43
38002,41.93
38003,41.79
38004,39.84
38005,36.66
38006,35.61
38007,35.47
38008,38.89
38009,42.01
38010,43.96
38011,42.29
38012,42.38
38013,42.29
38014,41.7
38015,39.72
38016,36.77
38017,35.56
38018,34.9
38019,34.98
38020,34.51
38021,35.59
38022,40.87
38023,45
38024,45.07
38025,43.62
38026,42.65
38027,40.56
38028,36.98
38029,34.95
38030,33
38031,32.68
38032,37.54
38033,41.4
38034,44.87
38035,44.81
38036,45.5
38037,45.92
38038,44.3
38039,35.19
38040,32.02
38041,29.04
38042,28.9
38043,29.04
38044,27.94
38045,28.05
38046,29.01
38047,30.7
38048,30.29
38049,28.46
38050,28.73
38051,28.09
38052,26.4
38053,16.12
38054,15.71
38055,21.72
38056,30.7
38057,32.44
38058,38.47
38059,41.32
38060,41.31
38061,42.34
38062,39.71
38063,37.9
38064,34.99
38065,34.92
38066,33.34
38067,33.07
38068,36.35
38069,45.85
38070,49.77
38071,47.05
38072,45.22
38073,44.75
38074,44.73
38075,44.4
38076,44.19
38077,42.08
38078,41.09
38079,41.16
38080,43.87
38081,44.67
38082,44.12
38083,43.91
38084,44.06
38085,43.43
38086,42.81
38087,42.32
38088,40.98
38089,40.8
38090,40.03
38091,40.03
38092,42.71
38093,45.79
38094,45.44
38095,45.53
38096,45
38097,45.16
38098,44.5
38099,44.42
38100,44.03
38101,43.78
38102,43.31
38103,43.28
38104,43.94
38105,44.67
38106,48.94
38107,60.85
38108,55
38109,50.98
38110,45
38111,44.18
38112,39.03
38113,35.96
38114,40.7
38115,40.18
38116,41.41
38117,44.33
38118,49.44
38119,49.02
38120,46.2
38121,44.66
38122,43.5
38123,42.97
38124,42.62
38125,42.07
38126,41.38
38127,40.66
38128,41.1
38129,37.35
38130,39.19
38131,39.61
38132,38.01
38133,35.24
38134,32.58
38135,33.92
38136,32.01
38137,30.26
38138,30.69
38139,33.1
38140,37.07
38141,45.99
38142,49.92
38143,54.66
38144,52.19
38145,49.95
38146,49.93
38147,49.05
38148,47.76
38149,45.76
38150,45.33
38151,45.54
38152,49.71
38153,49.98
38154,55.05
38155,55.24
38156,49.9
38157,49.07
38158,44
38159,40.1
38160,38.83
38161,37.54
38162,37.25
38163,37.17
38164,39.02
38165,47.63
38166,54.58
38167,56.17
38168,53.07
38169,49.82
38170,46.93
38171,42.7
38172,37.5
38173,37.1
38174,37.06
38175,37.38
38176,42.7
38177,48.9
38178,43.66
38179,43.38
38180,43.57
38181,43.44
38182,43.19
38183,44.06
38184,40
38185,37.94
38186,36.52
38187,37.16
38188,36.83
38189,37.48
38190,39.11
38191,42.17
38192,43
38193,40.96
38194,40.67
38195,36.85
38196,36.22
38197,33.41
38198,32.09
38199,32.09
38200,34.7
38201,37.36
38202,39.9
38203,37.88
38204,37.61
38205,37.26
38206,35.02
38207,35.78
38208,29.56
38209,26.7
38210,22.66
38211,20.91
38212,20.4
38213,23.64
38214,23.04
38215,26.79
38216,20.34
38217,9.93
38218,8.05
38219,9.48
38220,-0.51
38221,-15.06
38222,-19.93
38223,-8.54
38224,9.91
38225,30.34
38226,36.92
38227,40
38228,40.87
38229,41.92
38230,36.02
38231,35.69
38232,29.74
38233,29.37
38234,29.41
38235,30.43
38236,35.73
38237,46.16
38238,53.01
38239,53.01
38240,47.26
38241,40
38242,36.7
38243,40.71
38244,41.03
38245,41.44
38246,41.1
38247,40.93
38248,36.05
38249,43.6
38250,48.95
38251,48.96
38252,47.61
38253,46.88
38254,41.26
38255,38.34
38256,35.83
38257,40.78
38258,40.87
38259,37.41
38260,40.92
38261,48.43
38262,54.76
38263,55.53
38264,46.98
38265,41.59
38266,43.4
38267,43.34
38268,43.14
38269,42.82
38270,42.18
38271,41.95
38272,41.46
38273,43.95
38274,47.91
38275,48.45
38276,48.36
38277,45.19
38278,40.36
38279,37.1
38280,38.92
38281,40.02
38282,40.08
38283,34.99
38284,37.11
38285,46.65
38286,50.99
38287,55.07
38288,47.82
38289,44.84
38290,41.3
38291,42.51
38292,42.34
38293,42.33
38294,42.23
38295,42.15
38296,40.84
38297,44.11
38298,45.8
38299,44.37
38300,43.23
38301,43.5
38302,38.91
38303,34.5
38304,34.5
38305,34.01
38306,32.07
38307,33.09
38308,35.05
38309,42.7
38310,47.21
38311,49.3
38312,45.06
38313,44.23
38314,43.93
38315,41.7
38316,39.97
38317,38.87
38318,37.97
38319,35.9
38320,39.05
38321,40.97
38322,42.8
38323,41.58
38324,41.38
38325,40.83
38326,36.79
38327,35.7
38328,35.18
38329,34.25
38330,33.79
38331,34
38332,36.09
38333,41.13
38334,42.14
38335,42.1
38336,42.05
38337,41.89
38338,41.49
38339,41.32
38340,40.72
38341,39.15
38342,38.49
38343,39.04
38344,42.53
38345,42.07
38346,48.06
38347,52.9
38348,49.25
38349,48.32
38350,43.47
38351,37.37
38352,34.39
38353,34.85
38354,34.11
38355,34.76
38356,33.42
38357,33.92
38358,36.24
38359,38.99
38360,38.76
38361,38.28
38362,37.23
38363,36.26
38364,33.05
38365,32.36
38366,33.25
38367,34.1
38368,35.36
38369,43.09
38370,45.08
38371,45.17
38372,44.75
38373,44.96
38374,42
38375,39.66
38376,36.02
38377,35
38378,34.03
38379,34.3
38380,34.03
38381,33.37
38382,34.04
38383,36.23
38384,36.8
38385,37.18
38386,37.88
38387,37.4
38388,36.83
38389,36.25
38390,35.85
38391,36.22
38392,35.05
38393,38.28
38394,42.28
38395,42.34
38396,41.71
38397,43.33
38398,38.94
38399,37.3
38400,35
38401,34.55
38402,34.13
38403,33.77
38404,36.04
38405,48.06
38406,60.87
38407,63.22
38408,57.73
38409,56.63
38410,55.5
38411,51.99
38412,50.29
38413,47.59
38414,46.01
38415,45.1
38416,46.09
38417,47.91
38418,49.39
38419,46.18
38420,45.8
38421,44.17
38422,37.66
38423,35.2
38424,34.44
38425,33.12
38426,31.49
38427,32.37
38428,35.04
38429,40.81
38430,50.08
38431,57.61
38432,55
38433,52.52
38434,51.15
38435,49.85
38436,46.27
38437,44.25
38438,42.65
38439,41.86
38440,44.38
38441,45.95
38442,46.96
38443,44.87
38444,44.11
38445,42.57
38446,36.35
38447,32.66
38448,32.5
38449,29.66
38450,29
38451,29.61
38452,33.09
38453,37.6
38454,46.6
38455,50.35
38456,48.37
38457,45.77
38458,42.41
38459,40.99
38460,38.65
38461,38.81
38462,36.43
38463,35.71
38464,39
38465,42.85
38466,47.47
38467,47.81
38468,48.14
38469,48.45
38470,41.16
38471,34.94
38472,32.52
38473,31.59
38474,31.08
38475,31.74
38476,35.72
38477,40.8
38478,46.77
38479,47.06
38480,40.86
38481,35.85
38482,35.6
38483,38.22
38484,37.97
38485,35.55
38486,36.76
38487,37.57
38488,42
38489,48.55
38490,52.38
38491,54.04
38492,50.82
38493,48.23
38494,44.19
38495,37.54
38496,35.14
38497,34.28
38498,34.1
38499,33.95
38500,35.99
38501,39.71
38502,43.17
38503,43.67
38504,45.04
38505,43.78
38506,39.54
38507,37.48
38508,35.85
38509,35.35
38510,35
38511,35.08
38512,36.64
38513,41.64
38514,42.86
38515,39.82
38516,39.47
38517,38.86
38518,37.95
38519,38.1
38520,36.26
38521,35.07
38522,34.03
38523,33.84
38524,33.09
38525,34.05
38526,35.11
38527,37.7
38528,37.56
38529,36.32
38530,35.2
38531,34.24
38532,33.01
38533,31.42
38534,31.35
38535,32.08
38536,34.19
38537,37.48
38538,37.8
38539,36.99
38540,36.82
38541,36.53
38542,35.61
38543,35.53
38544,32.75
38545,29.44
38546,28.59
38547,23.06
38548,18.4
38549,14.63
38550,18.65
38551,24.58
38552,22.61
38553,18.69
38554,19.93
38555,19.96
38556,25.02
38557,24.95
38558,26.92
38559,33
38560,35.03
38561,35.42
38562,36.63
38563,37.16
38564,36.59
38565,36.37
38566,33.53
38567,18.67
38568,12.86
38569,12.2
38570,14.09
38571,19.65
38572,28.76
38573,37.32
38574,46.45
38575,43.35
38576,42.37
38577,39.74
38578,39.27
38579,38.03
38580,38
38581,37.4
38582,35.89
38583,35.46
38584,38.52
38585,41.57
38586,39.85
38587,39.98
38588,41.47
38589,39.76
38590,37.44
38591,33.26
38592,33.42
38593,33.14
38594,33.72
38595,28.05
38596,35.32
38597,45.71
38598,53.54
38599,63.04
38600,40.57
38601,40.3
38602,39.97
38603,39.95
38604,39.69
38605,38.92
38606,38.39
38607,38.4
38608,38.99
38609,38.94
38610,38.93
38611,38.36
38612,38.4
38613,38.65
38614,34.07
38615,34.4
38616,33.07
38617,30.57
38618,30.97
38619,32.05
38620,33.27
38621,42.87
38622,49
38623,50.87
38624,47.92
38625,46.41
38626,45
38627,40.89
38628,39.9
38629,39.92
38630,38.29
38631,40.53
38632,45.52
38633,50.27
38634,53.43
38635,53.92
38636,47.76
38637,40.77
38638,34.55
38639,16.98
38640,28.41
38641,22.89
38642,11.44
38643,4.52
38644,5.06
38645,3.83
38646,8.89
38647,10.44
38648,4.5
38649,0.24
38650,2.15
38651,2.23
38652,0.03
38653,0.1
38654,2.24
38655,7.18
38656,25.1
38657,30.14
38658,35.01
38659,35.84
38660,36.79
38661,37.87
38662,36.69
38663,32.02
38664,29.49
38665,27.08
38666,27.19
38667,27.95
38668,29.07
38669,35
38670,41.05
38671,41.49
38672,39.78
38673,37
38674,35.63
38675,34.82
38676,32.77
38677,30
38678,29.14
38679,29.79
38680,37.67
38681,41.03
38682,46.38
38683,48.23
38684,45.67
38685,43.98
38686,40
38687,33.63
38688,31.03
38689,28.23
38690,27.62
38691,25.53
38692,23.14
38693,25.8
38694,27.55
38695,29.61
38696,28.68
38697,26.42
38698,25.28
38699,26.69
38700,22.4
38701,18.33
38702,24.71
38703,27.57
38704,29.09
38705,36.95
38706,40.15
38707,41.01
38708,38.41
38709,40.36
38710,37.6
38711,28.54
38712,29
38713,29.11
38714,28.03
38715,27.79
38716,25.2
38717,24.79
38718,23.31
38719,25.22
38720,29.91
38721,30.94
38722,30.07
38723,24.97
38724,20
38725,16.34
38726,20.03
38727,24.17
38728,30.53
38729,31.24
38730,37.41
38731,37.71
38732,36.09
38733,36.94
38734,29.85
38735,26.57
38736,23.34
38737,20.78
38738,19.97
38739,19.64
38740,24.04
38741,40.62
38742,44.92
38743,45.02
38744,41.81
38745,39.36
38746,37.71
38747,36.25
38748,35.46
38749,35.23
38750,35.68
38751,35.69
38752,42.97
38753,45.42
38754,50.5
38755,48.98
38756,48.35
38757,45.96
38758,41.4
38759,34.74
38760,32.99
38761,31.86
38762,31.21
38763,32.83
38764,33.91
38765,42.95
38766,50.29
38767,55.43
38768,46.93
38769,42.24
38770,41
38771,37.56
38772,36.5
38773,35.19
38774,34.47
38775,36.65
38776,42.92
38777,45.13
38778,46.17
38779,44.72
38780,38.28
38781,33.83
38782,28.01
38783,26.82
38784,25.23
38785,19.96
38786,16.13
38787,6.08
38788,20.41
38789,32.52
38790,43.44
38791,35.98
38792,43.97
38793,41.38
38794,40.46
38795,38.85
38796,36.32
38797,36.19
38798,38.01
38799,39
38800,43.45
38801,48.28
38802,56.52
38803,49.41
38804,43.68
38805,34.57
38806,32.09
38807,28.5
38808,26.5
38809,24.64
38810,24.03
38811,24.06
38812,26.22
38813,32.16
38814,33.43
38815,33.72
38816,33.5
38817,33.02
38818,32.54
38819,31.27
38820,30.98
38821,30.98
38822,30.92
38823,30.91
38824,31.87
38825,32.1
38826,37.2
38827,37.2
38828,43.69
38829,41.55
38830,31.42
38831,29.82
38832,29.34
38833,29.15
38834,29.43
38835,32.09
38836,32.49
38837,57.33
38838,73.75
38839,66.98
38840,45.93
38841,37.21
38842,33.39
38843,30.09
38844,28.39
38845,27.73
38846,27.45
38847,28.66
38848,31.27
38849,39.92
38850,42.04
38851,40.07
38852,33
38853,30.04
38854,26.25
38855,10.42
38856,12.68
38857,11.74
38858,5.99
38859,3.85
38860,3.66
38861,3.99
38862,10.4
38863,11.85
38864,16.62
38865,13.76
38866,15.85
38867,13.98
38868,1.31
38869,0.09
38870,0.09
38871,0.09
38872,10.71
38873,10.45
38874,10.23
38875,5.53
38876,0.13
38877,0.1
38878,0.08
38879,4.54
38880,2.42
38881,1.85
38882,0.83
38883,0.51
38884,0.86
38885,1.92
38886,2.9
38887,11
38888,10.47
38889,5.28
38890,12.26
38891,14.96
38892,13.58
38893,14.93
38894,17.94
38895,24.68
38896,31.9
38897,44.38
38898,48.77
38899,50.53
38900,47.15
38901,41.12
38902,35.6
38903,33.32
38904,28.84
38905,27.78
38906,27
38907,27.01
38908,25.83
38909,26.84
38910,30.03
38911,33.54
38912,30.92
38913,30.06
38914,29.55
38915,28.69
38916,27.13
38917,27.3
38918,27.45
38919,28.08
38920,30.92
38921,36.48
38922,39.04
38923,39.85
38924,34.5
38925,33.57
38926,31.68
38927,28.73
38928,28.27
38929,27.37
38930,26.27
38931,25.68
38932,11.61
38933,42.06
38934,46.25
38935,51.58
38936,48.83
38937,34.33
38938,33.78
38939,33.5
38940,33.33
38941,33.37
38942,32.76
38943,32.77
38944,33.06
38945,59.38
38946,56.1
38947,50.08
38948,46.16
38949,33.19
38950,32.09
38951,32.91
38952,31.93
38953,31.31
38954,30.95
38955,30.28
38956,27.99
38957,47.82
38958,56.51
38959,62.61
38960,57.49
38961,51.91
38962,50.54
38963,45.98
38964,42.91
38965,39.05
38966,33
38967,35.34
38968,42.14
38969,48.5
38970,51.44
38971,50.56
38972,47.7
38973,44.64
38974,38.7
38975,1.75
38976,10.01
38977,15.65
38978,24.02
38979,22.7
38980,24.09
38981,37.45
38982,48.01
38983,44.49
38984,36.42
38985,32.9
38986,30.18
38987,28.42
38988,28.66
38989,28.85
38990,30.03
38991,31.11
38992,33.68
38993,50.09
38994,64.24
38995,76.5
38996,62.61
38997,47.56
38998,41.03
38999,29.42
39000,28.82
39001,27.32
39002,27.08
39003,27.09
39004,28.61
39005,40.25
39006,52.94
39007,59.61
39008,49.04
39009,42.91
39010,41.01
39011,34.9
39012,33.02
39013,33.28
39014,34.06
39015,36.34
39016,49.02
39017,58.28
39018,64.69
39019,58.94
39020,50.45
39021,43.54
39022,37.94
39023,28.13
39024,29.14
39025,28.29
39026,27.36
39027,26.6
39028,25.14
39029,25.83
39030,27.91
39031,28.93
39032,29.56
39033,30.13
39034,27.47
39035,25.38
39036,24.93
39037,23.54
39038,23.64
39039,24.32
39040,28.27
39041,29.62
39042,29.72
39043,29.63
39044,29.4
39045,29.57
39046,29.23
39047,21.86
39048,27.52
39049,26.05
39050,25.39
39051,25.07
39052,23.88
39053,23.89
39054,26.93
39055,28.35
39056,28.04
39057,27.44
39058,27.98
39059,27.17
39060,23.92
39061,23.1
39062,24.65
39063,25.78
39064,30.71
39065,38.2
39066,44.84
39067,47.95
39068,51.6
39069,48.05
39070,40.91
39071,33.06
39072,30.28
39073,29.96
39074,29.48
39075,29.28
39076,30.95
39077,45.79
39078,50.8
39079,49.02
39080,39.19
39081,34.64
39082,32.62
39083,32.9
39084,32.42
39085,32.64
39086,31.66
39087,31.09
39088,44.97
39089,57.06
39090,70.1
39091,69.52
39092,58.24
39093,45.53
39094,31.14
39095,17.77
39096,30.23
39097,29.88
39098,29.77
39099,29.62
39100,22.06
39101,39.68
39102,51.74
39103,49.75
39104,43.74
39105,39.92
39106,38.9
39107,37.12
39108,36.1
39109,36.06
39110,38.37
39111,42.92
39112,47.74
39113,51.96
39114,66.16
39115,67.12
39116,53.2
39117,47.06
39118,37.08
39119,34.12
39120,31.15
39121,30.85
39122,30.86
39123,30.93
39124,33.28
39125,43.07
39126,54.43
39127,58.64
39128,49.28
39129,42.98
39130,40.81
39131,37.01
39132,36.93
39133,36.29
39134,36.09
39135,34.91
39136,42.91
39137,49.94
39138,53.17
39139,51.07
39140,45.64
39141,40.08
39142,34.99
39143,30.75
39144,30.23
39145,29.87
39146,28.71
39147,28.54
39148,29.11
39149,30.93
39150,36.09
39151,39.68
39152,36.91
39153,35.69
39154,36.98
39155,36.08
39156,34.09
39157,33.17
39158,33.93
39159,33.54
39160,36.71
39161,39.62
39162,44.82
39163,51.96
39164,50
39165,46.63
39166,39.28
39167,34.3
39168,32.17
39169,31.92
39170,33
39171,33.42
39172,34.02
39173,40.72
39174,46.42
39175,47.09
39176,44.41
39177,43.93
39178,41.04
39179,36.21
39180,33.53
39181,32.41
39182,31.02
39183,30.61
39184,30.42
39185,40.79
39186,44.54
39187,42.04
39188,42.23
39189,31.3
39190,30.97
39191,33.63
39192,30.82
39193,29.99
39194,29.92
39195,29.3
39196,29.06
39197,29.91
39198,32.57
39199,34.85
39200,31.98
39201,31.06
39202,29.98
39203,29.97
39204,28.55
39205,28.45
39206,28.69
39207,29.96
39208,33.15
39209,34.73
39210,37.91
39211,35.38
39212,32.63
39213,34.03
39214,29.58
39215,28.1
39216,26.76
39217,26.02
39218,25.33
39219,21.81
39220,21.81
39221,21.19
39222,21.89
39223,25.78
39224,25.72
39225,25.37
39226,24.17
39227,22.04
39228,21.8
39229,22.14
39230,23.3
39231,26.48
39232,27.03
39233,28.75
39234,35.61
39235,36.35
39236,31.89
39237,34.19
39238,28.19
39239,26.97
39240,25.68
39241,24
39242,24.6
39243,22.22
39244,25.97
39245,35.24
39246,47.95
39247,42.78
39248,36.24
39249,32.67
39250,33.47
39251,33.46
39252,33.03
39253,32.82
39254,32.22
39255,32.18
39256,35.34
39257,34.26
39258,33.83
39259,33.2
39260,32.33
39261,32.06
39262,28.82
39263,23.09
39264,24.78
39265,23.7
39266,23.65
39267,22.86
39268,27.29
39269,32.05
39270,35.44
39271,35.16
39272,35.43
39273,35.72
39274,35.59
39275,34.29
39276,33.8
39277,33.9
39278,33.79
39279,33.46
39280,36.78
39281,48.28
39282,56.33
39283,68.87
39284,60.43
39285,31.64
39286,30.32
39287,31.49
39288,31.59
39289,31.43
39290,31.3
39291,30.52
39292,30.87
39293,44.45
39294,59.82
39295,60.08
39296,48.44
39297,35.17
39298,34.5
39299,33.95
39300,33.09
39301,31.88
39302,30.89
39303,30.71
39304,31.66
39305,31.12
39306,30.73
39307,30.04
39308,29.36
39309,27.82
39310,15.84
39311,23.24
39312,23.86
39313,22.46
39314,21.32
39315,16.47
39316,23.37
39317,28.62
39318,30.16
39319,30.54
39320,31.04
39321,31.64
39322,31.81
39323,31.03
39324,30.93
39325,30.91
39326,30.31
39327,30.47
39328,31.07
39329,31.21
39330,31.37
39331,30.95
39332,30.67
39333,32.2
39334,30.27
39335,26.04
39336,30.25
39337,30.05
39338,29.86
39339,28.66
39340,29.4
39341,47.08
39342,61.98
39343,61.66
39344,49.28
39345,43.99
39346,39.53
39347,36.75
39348,34.33
39349,33.89
39350,33.1
39351,34.4
39352,39.04
39353,54.13
39354,66.53
39355,66.06
39356,54.73
39357,48.54
39358,39.05
39359,34.11
39360,30.63
39361,29.29
39362,28.72
39363,28.63
39364,27.87
39365,29.19
39366,30.44
39367,29.15
39368,30.15
39369,28.07
39370,28.01
39371,28.01
39372,25.82
39373,25.06
39374,25.19
39375,26.39
39376,30.18
39377,40
39378,52.46
39379,56.23
39380,49.95
39381,41.03
39382,35.61
39383,30.41
39384,26.9
39385,21.55
39386,17.13
39387,14.92
39388,10.16
39389,12.68
39390,15.03
39391,21.35
39392,22.23
39393,23.13
39394,23.63
39395,13.3
39396,0.12
39397,0.07
39398,-11.03
39399,0.02
39400,20.05
39401,28.83
39402,27.26
39403,27.46
39404,27.94
39405,27.98
39406,27.75
39407,27.49
39408,25.39
39409,24.22
39410,24.07
39411,25.07
39412,26.03
39413,27.7
39414,29.67
39415,31.97
39416,32
39417,31.15
39418,29.91
39419,28.52
39420,27.39
39421,27.25
39422,27
39423,26.72
39424,27.5
39425,28.04
39426,27.89
39427,27.67
39428,27.29
39429,27.15
39430,26.08
39431,24.99
39432,24.09
39433,22.73
39434,21.53
39435,20.57
39436,21.36
39437,24.29
39438,26.86
39439,27.49
39440,28.48
39441,28.82
39442,29.79
39443,28.11
39444,28.84
39445,28.82
39446,28.89
39447,29
39448,30.22
39449,29.16
39450,30.96
39451,30.95
39452,30.43
39453,29.98
39454,27.61
39455,26.12
39456,25.7
39457,25.37
39458,25.15
39459,25.33
39460,26.73
39461,30.15
39462,31.35
39463,31.8
39464,31.8
39465,31.96
39466,31.71
39467,30.45
39468,29.93
39469,29.4
39470,29.26
39471,29.12
39472,29.99
39473,30.3
39474,30.25
39475,29.95
39476,29.55
39477,29.46
39478,27.59
39479,27.78
39480,27.29
39481,26.82
39482,26.98
39483,27.11
39484,28.07
39485,28.47
39486,29.62
39487,30.83
39488,30.91
39489,30.69
39490,29.9
39491,29.01
39492,28.94
39493,28.82
39494,28.9
39495,28.85
39496,29.33
39497,29.15
39498,29.02
39499,28.91
39500,28.43
39501,28.37
39502,27.26
39503,26.19
39504,25.84
39505,25.46
39506,25.52
39507,25.9
39508,26.76
39509,34.62
39510,42.89
39511,45.92
39512,43.4
39513,38
39514,36.6
39515,33.02
39516,31.05
39517,29.68
39518,29.2
39519,29.48
39520,30.41
39521,30.41
39522,30.47
39523,29.97
39524,29.59
39525,29.47
39526,28.56
39527,29.5
39528,28.54
39529,28.64
39530,28.66
39531,27.91
39532,28.06
39533,28.51
39534,29.03
39535,31.05
39536,30.99
39537,29.7
39538,28.53
39539,26.86
39540,26.09
39541,24.94
39542,26.1
39543,27.64
39544,28.99
39545,29.75
39546,30.03
39547,29.02
39548,28.79
39549,29.19
39550,28.39
39551,28.21
39552,25.98
39553,25.03
39554,24.27
39555,23.36
39556,23.6
39557,21.82
39558,20.78
39559,24.11
39560,25.76
39561,25.99
39562,26.4
39563,26.3
39564,20.66
39565,9.39
39566,6.77
39567,12.12
39568,25.62
39569,29.2
39570,31.47
39571,31.98
39572,33.01
39573,31.25
39574,31.01
39575,30.21
39576,29.44
39577,29.16
39578,29.31
39579,29.08
39580,29.16
39581,31.4
39582,39.06
39583,39.99
39584,38.59
39585,37.29
39586,39.94
39587,38.68
39588,35.09
39589,33.48
39590,33.76
39591,34.47
39592,34.92
39593,37.08
39594,39.93
39595,31.56
39596,31.15
39597,30.75
39598,29.72
39599,30.55
39600,29.51
39601,29.25
39602,29.22
39603,29.23
39604,30.07
39605,36.16
39606,43.95
39607,44.06
39608,41.09
39609,38.17
39610,38.04
39611,37.06
39612,35.15
39613,34.75
39614,34.24
39615,34.74
39616,36.71
39617,40.34
39618,47
39619,47.9
39620,45.99
39621,43.88
39622,36.66
39623,32.88
39624,32.46
39625,32.07
39626,32.16
39627,32.23
39628,33.5
39629,41.92
39630,49.45
39631,48.8
39632,43.99
39633,41.34
39634,42.13
39635,39.16
39636,37.32
39637,36.99
39638,37.05
39639,38.84
39640,44.08
39641,48.95
39642,53.19
39643,51.47
39644,48.06
39645,47.73
39646,42.65
39647,36.52
39648,35.99
39649,35.12
39650,35
39651,35
39652,35.96
39653,42.41
39654,50.92
39655,51.94
39656,52.84
39657,51.78
39658,53.99
39659,51.42
39660,50
39661,46.65
39662,45.51
39663,46
39664,49.9
39665,52.7
39666,53.39
39667,51.9
39668,49.04
39669,47.76
39670,40.17
39671,38.94
39672,37.89
39673,37.43
39674,37.33
39675,37.68
39676,37.83
39677,48.39
39678,53.91
39679,58.4
39680,56.77
39681,52.4
39682,50.97
39683,44.54
39684,41.73
39685,40.73
39686,38
39687,38.64
39688,41.91
39689,50.9
39690,53.94
39691,53.92
39692,48.31
39693,43.88
39694,41.42
39695,41.05
39696,38.38
39697,36.87
39698,36.12
39699,37.02
39700,35.36
39701,36.1
39702,37.78
39703,38.46
39704,39.83
39705,39.82
39706,39
39707,37.87
39708,34.7
39709,33.94
39710,34.62
39711,34.23
39712,34.71
39713,36.91
39714,37.98
39715,37.79
39716,37.72
39717,41.2
39718,38.17
39719,35.85
39720,35.04
39721,33.77
39722,32.69
39723,33.21
39724,33.2
39725,33.87
39726,34.76
39727,36.33
39728,36.92
39729,37.44
39730,37.94
39731,37.23
39732,36.13
39733,35.36
39734,35.09
39735,35.31
39736,34.94
39737,37.84
39738,38.97
39739,39.91
39740,38.45
39741,38.61
39742,37.86
39743,37.68
39744,36.58
39745,36.45
39746,35.16
39747,34.93
39748,36.84
39749,39.36
39750,48.82
39751,48.86
39752,46.79
39753,46.2
39754,44.21
39755,39.02
39756,39
39757,37.93
39758,37.78
39759,37.26
39760,37.77
39761,38.78
39762,38.72
39763,38.41
39764,38.16
39765,38.19
39766,37.24
39767,36.82
39768,36.27
39769,34.93
39770,33.89
39771,33.13
39772,35.11
39773,38.58
39774,46.95
39775,49.14
39776,47.95
39777,47.13
39778,46.92
39779,42.07
39780,39.9
39781,39.46
39782,39.04
39783,39.3
39784,45.38
39785,48.81
39786,52.64
39787,51.96
39788,49.19
39789,49
39790,45.19
39791,40.02
39792,38.87
39793,38.12
39794,37.28
39795,37.9
39796,39.1
39797,44.03
39798,53.92
39799,54.8
39800,50.23
39801,48.78
39802,47.7
39803,45
39804,43.14
39805,40.52
39806,40.55
39807,41.6
39808,48
39809,52
39810,54.01
39811,55.03
39812,54.07
39813,50.64
39814,45.9
39815,40.47
39816,39
39817,37.82
39818,37.8
39819,37.68
39820,37.87
39821,43.8
39822,49.73
39823,48.96
39824,47.5
39825,44.91
39826,43.49
39827,40.41
39828,39.25
39829,38.99
39830,39.72
39831,39.21
39832,47.91
39833,49.94
39834,54.79
39835,54.02
39836,49.4
39837,48.01
39838,43.73
39839,37.86
39840,37.06
39841,37
39842,36.66
39843,36.68
39844,37.87
39845,42.84
39846,52.07
39847,52.48
39848,49.43
39849,47.86
39850,47.03
39851,44.01
39852,39.59
39853,39.4
39854,39.2
39855,39.36
39856,46.21
39857,51.27
39858,55
39859,53.99
39860,57
39861,50.6
39862,44.92
39863,41.21
39864,38.08
39865,36.81
39866,35.61
39867,34.36
39868,34.03
39869,35
39870,35.9
39871,36.79
39872,36.8
39873,36.22
39874,36.01
39875,35.31
39876,34.93
39877,34.68
39878,34.24
39879,34.22
39880,34.74
39881,36.92
39882,38.38
39883,37.53
39884,37.46
39885,37.95
39886,37.29
39887,34.5
39888,32.4
39889,31.98
39890,31.27
39891,30.99
39892,31.55
39893,33.35
39894,35.13
39895,35.8
39896,36.4
39897,36.5
39898,36.34
39899,35.42
39900,34.54
39901,33.48
39902,32.9
39903,28.04
39904,32.02
39905,35.9
39906,42.42
39907,43.46
39908,38.71
39909,38.68
39910,38.21
39911,37.47
39912,35.11
39913,34.23
39914,34.22
39915,34.16
39916,36.18
39917,42.9
39918,47.69
39919,48
39920,46.47
39921,44.45
39922,42.2
39923,38.35
39924,37.34
39925,37.19
39926,37.4
39927,37.67
39928,44.01
39929,38.42
39930,38.4
39931,38.31
39932,38.12
39933,38.05
39934,38.04
39935,37.96
39936,37.58
39937,36.98
39938,36.52
39939,36.32
39940,37.7
39941,45.15
39942,53.96
39943,50.98
39944,49.65
39945,46.47
39946,44.3
39947,40.97
39948,40.23
39949,40.17
39950,40.95
39951,44.9
39952,52.97
39953,57.71
39954,62.98
39955,63.41
39956,59.42
39957,55
39958,45.5
39959,42.25
39960,39.65
39961,38.48
39962,38.14
39963,37.94
39964,38.53
39965,45.78
39966,53.06
39967,57.35
39968,57.75
39969,51.44
39970,47.46
39971,45.65
39972,44.08
39973,45.12
39974,47
39975,50.63
39976,57.75
39977,68.13
39978,74.06
39979,68.16
39980,59.36
39981,57.81
39982,49.8
39983,45.62
39984,42.05
39985,39.58
39986,39.09
39987,38.9
39988,40.67
39989,47.07
39990,58.94
39991,55.31
39992,56.7
39993,52.78
39994,50.65
39995,47.85
39996,46.94
39997,45.69
39998,47.78
39999,50.15
40000,56.85
40001,62.05
40002,69.58
40003,61.86
40004,56.75
40005,50.74
40006,41.88
40007,38.65
40008,37.73
40009,37.19
40010,36.57
40011,36.37
40012,38.49
40013,43.08
40014,49.66
40015,54.18
40016,55.89
40017,53.66
40018,48.31
40019,39.6
40020,39.03
40021,38.72
40022,38.85
40023,39.36
40024,49.19
40025,52.07
40026,53.62
40027,52.06
40028,48.97
40029,48.14
40030,38.67
40031,39.01
40032,37.59
40033,37.01
40034,36.04
40035,35.1
40036,35.28
40037,34.2
40038,36.05
40039,37.42
40040,39.43
40041,38.16
40042,36.89
40043,34.9
40044,33.71
40045,32.92
40046,32.74
40047,33.85
40048,35.62
40049,38.79
40050,38.94
40051,37.91
40052,36.19
40053,36.19
40054,34
40055,30.98
40056,30.02
40057,28.2
40058,26.27
40059,27.1
40060,26.8
40061,25.6
40062,28.1
40063,35.56
40064,36.99
40065,37.57
40066,37.64
40067,37.23
40068,37.01
40069,36.92
40070,36.88
40071,37.02
40072,37.85
40073,38.37
40074,40.03
40075,40.3
40076,40.87
40077,41.46
40078,39.01
40079,35.77
40080,34.05
40081,33.73
40082,34.37
40083,34.8
40084,35.43
40085,40.75
40086,51.95
40087,57.4
40088,51.51
40089,48.84
40090,48.29
40091,47.35
40092,45.72
40093,45.3
40094,45.13
40095,44.95
40096,45.21
40097,49.5
40098,60.74
40099,60.5
40100,53.23
40101,49.38
40102,43.25
40103,38.8
40104,38.35
40105,38.16
40106,38
40107,38.16
40108,39.54
40109,48.5
40110,54.98
40111,56.16
40112,54.25
40113,49.9
40114,45.96
40115,41.75
40116,40.65
40117,40
40118,39.95
40119,39.78
40120,42.04
40121,46.91
40122,53.66
40123,52.99
40124,47.88
40125,43.66
40126,38.66
40127,37.98
40128,37.54
40129,35.98
40130,35.78
40131,36.19
40132,38
40133,44.12
40134,61.11
40135,61.94
40136,59.78
40137,51.47
40138,50.71
40139,47.7
40140,45.83
40141,44.01
40142,43.17
40143,43.21
40144,47.9
40145,52.02
40146,55.93
40147,65.71
40148,69.95
40149,54.51
40150,42.62
40151,39
40152,37.07
40153,37.44
40154,37.26
40155,37.37
40156,37.54
40157,41.93
40158,46.92
40159,46.81
40160,42.43
40161,40.83
40162,40.83
40163,40.49
40164,40.54
40165,40.2
40166,40.11
40167,40.15
40168,45.33
40169,55.96
40170,64.94
40171,68.07
40172,59.36
40173,51.53
40174,44.54
40175,40
40176,38.89
40177,38.2
40178,37.93
40179,38.1
40180,40.72
40181,48
40182,47.96
40183,49.46
40184,50.47
40185,47.95
40186,44.96
40187,42.31
40188,41.28
40189,40.12
40190,40.22
40191,41.46
40192,44.09
40193,45.95
40194,49.51
40195,49
40196,47.17
40197,43.96
40198,41.12
40199,38.96
40200,38.16
40201,38.05
40202,37.74
40203,37.66
40204,37.87
40205,38.11
40206,38.41
40207,38.97
40208,39.73
40209,39.87
40210,39.61
40211,39.42
40212,39.14
40213,38.95
40214,38.91
40215,38.89
40216,38.96
40217,39.75
40218,41.08
40219,41.02
40220,41.58
40221,41.96
40222,39.47
40223,37.69
40224,38.04
40225,37.45
40226,37.18
40227,37.06
40228,36.48
40229,37.4
40230,38.09
40231,38.69
40232,39.63
40233,40.03
40234,40.02
40235,39.98
40236,39.46
40237,39.3
40238,39.2
40239,39.12
40240,39.32
40241,39.98
40242,42
40243,43.99
40244,47
40245,46.76
40246,42.24
40247,38.46
40248,36.89
40249,36.55
40250,36.56
40251,36.81
40252,38.73
40253,48
40254,55.18
40255,56.02
40256,56.04
40257,55.73
40258,53.89
40259,45.22
40260,47.24
40261,43.87
40262,44.32
40263,44.93
40264,46.28
40265,53
40266,51.11
40267,55
40268,51.13
40269,45
40270,39.87
40271,38.48
40272,37.83
40273,36.91
40274,36.83
40275,36.78
40276,37.54
40277,39.27
40278,43.64
40279,45
40280,44
40281,41.96
40282,41.37
40283,40.06
40284,39.97
40285,39.93
40286,38.99
40287,40.04
40288,43.84
40289,48.93
40290,51.78
40291,53.87
40292,52.99
40293,49.12
40294,40.97
40295,37.03
40296,35.41
40297,35.76
40298,35.76
40299,35.69
40300,36.86
40301,40.58
40302,44.96
40303,44.98
40304,44.98
40305,44.34
40306,44.47
40307,42.16
40308,42.84
40309,40.73
40310,41.15
40311,42.05
40312,44.22
40313,43.48
40314,43.15
40315,42.68
40316,41.94
40317,40.55
40318,37.64
40319,32.74
40320,35.38
40321,35.04
40322,34.95
40323,35.38
40324,36.62
40325,37.88
40326,42.76
40327,39.98
40328,40.32
40329,40.3
40330,39.91
40331,37.72
40332,37.56
40333,37.48
40334,37.24
40335,37.2
40336,35.99
40337,39.04
40338,43.05
40339,43.37
40340,43.63
40341,42.1
40342,38.12
40343,34.92
40344,34.57
40345,33.97
40346,34.06
40347,33.02
40348,35.99
40349,44.11
40350,53.92
40351,49.9
40352,43.93
40353,40.82
40354,40.4
40355,40.34
40356,40.13
40357,39.9
40358,39.51
40359,39.05
40360,40.81
40361,43.66
40362,43.4
40363,40.07
40364,37.7
40365,34.26
40366,31.26
40367,33.54
40368,29.09
40369,28.7
40370,26.9
40371,25
40372,20.66
40373,21.84
40374,28.41
40375,29.17
40376,26.15
40377,12.59
40378,5.34
40379,-4.84
40380,-16.04
40381,-26.88
40382,-33.54
40383,-19.22
40384,-0.02
40385,10.61
40386,26.3
40387,27.9
40388,29.09
40389,31.83
40390,28.84
40391,24.96
40392,18.58
40393,14.55
40394,12.7
40395,13.13
40396,13.62
40397,11.94
40398,9.2
40399,11.58
40400,9.48
40401,-0.09
40402,-12.01
40403,-32.25
40404,-35.75
40405,-9.98
40406,0.09
40407,14.14
40408,27.53
40409,35.97
40410,42.63
40411,37.68
40412,37.75
40413,37.59
40414,36.4
40415,28.79
40416,28.62
40417,28.1
40418,27.5
40419,28.1
40420,29.14
40421,39.14
40422,46.03
40423,40.52
40424,38.71
40425,36.7
40426,37.9
40427,36.18
40428,36.23
40429,37.2
40430,37.51
40431,38.71
40432,45.53
40433,60.54
40434,71.5
40435,70.6
40436,65.04
40437,44.86
40438,36.63
40439,34.97
40440,34.01
40441,33.07
40442,33.27
40443,33.19
40444,35.31
40445,43.24
40446,52.96
40447,49.97
40448,40.85
40449,38.17
40450,37.38
40451,37.88
40452,37.68
40453,36.99
40454,35.28
40455,36
40456,35.54
40457,38.53
40458,46.81
40459,49.94
40460,47.92
40461,41.82
40462,36.3
40463,32.39
40464,30.45
40465,28.43
40466,28.27
40467,29.68
40468,30.57
40469,38.7
40470,49.42
40471,45.84
40472,37.77
40473,36.54
40474,35.92
40475,35.06
40476,34.97
40477,34.99
40478,34.91
40479,34.05
40480,38.53
40481,49.26
40482,65.18
40483,67.93
40484,52.74
40485,39.97
40486,35.95
40487,29.15
40488,27.12
40489,27.86
40490,27.81
40491,26.7
40492,29.61
40493,29.95
40494,33.04
40495,34.47
40496,35.03
40497,34.58
40498,34.15
40499,33.18
40500,32.06
40501,30.85
40502,30.92
40503,32.17
40504,32.94
40505,36.28
40506,38.99
40507,40.91
40508,36.15
40509,35.07
40510,33.33
40511,29.83
40512,29.53
40513,28.79
40514,29.01
40515,29.93
40516,28.54
40517,34.88
40518,41.02
40519,43.93
40520,39.95
40521,36.91
40522,35.19
40523,34.15
40524,32.66
40525,33.03
40526,31.75
40527,31.04
40528,37.82
40529,46.97
40530,57.91
40531,52.37
40532,45.29
40533,36.76
40534,31.19
40535,27.58
40536,26.74
40537,22.98
40538,18.17
40539,12.77
40540,12.21
40541,18.51
40542,14.87
40543,25.13
40544,26.93
40545,26.97
40546,26.95
40547,26.8
40548,26.07
40549,24.07
40550,24.04
40551,22.97
40552,28.95
40553,33.29
40554,35.47
40555,37.95
40556,39.68
40557,36.92
40558,33.29
40559,31.8
40560,28.61
40561,28.73
40562,29
40563,28.94
40564,28.48
40565,31.08
40566,33.26
40567,33.62
40568,34.27
40569,34.92
40570,34.86
40571,34.33
40572,34.23
40573,34.17
40574,34.03
40575,34.07
40576,34.43
40577,35.27
40578,35.89
40579,36.69
40580,36.96
40581,36.97
40582,33.81
40583,28.64
40584,27.45
40585,26.86
40586,28.16
40587,27.06
40588,31.18
40589,36.08
40590,43.89
40591,41.87
40592,36.98
40593,34.32
40594,32.06
40595,29.9
40596,27.9
40597,27.8
40598,27.73
40599,27.28
40600,33.06
40601,38
40602,44.57
40603,52.19
40604,47.95
40605,40.5
40606,34.08
40607,31.38
40608,29.74
40609,29.58
40610,28.67
40611,30.08
40612,32.39
40613,38.59
40614,45.75
40615,48.31
40616,45.13
40617,39.51
40618,38.91
40619,37.93
40620,37.35
40621,37.55
40622,37.98
40623,37.82
40624,44.97
40625,50.05
40626,53.86
40627,54.28
40628,48.94
40629,40.61
40630,35.85
40631,33.07
40632,33.11
40633,32.01
40634,31.23
40635,31.93
40636,33.17
40637,42.36
40638,57
40639,56.11
40640,41.95
40641,38
40642,37.3
40643,36.6
40644,36.04
40645,35.85
40646,35.69
40647,35.79
40648,40.62
40649,50.04
40650,66.75
40651,68.91
40652,52.9
40653,44.58
40654,37.94
40655,33.26
40656,32.02
40657,30.2
40658,30.21
40659,29.41
40660,30.18
40661,36.64
40662,41.93
40663,40.64
40664,37.9
40665,34.91
40666,33.01
40667,32.01
40668,30.53
40669,31.21
40670,31.14
40671,31.94
40672,36.99
40673,42.47
40674,55.36
40675,51.81
40676,45.41
40677,38.48
40678,33.95
40679,30.28
40680,30.17
40681,30.07
40682,30.03
40683,30.38
40684,32.31
40685,38.75
40686,43.93
40687,41
40688,36.68
40689,34.8
40690,34.13
40691,31.95
40692,31.23
40693,31.06
40694,31.57
40695,32.28
40696,40.47
40697,48.75
40698,59.56
40699,57.77
40700,45.95
40701,36.97
40702,34.68
40703,34.07
40704,31.92
40705,30.86
40706,30.82
40707,30.03
40708,31
40709,33.04
40710,35.08
40711,36.29
40712,36.37
40713,36.39
40714,36.32
40715,36.16
40716,35.86
40717,35.54
40718,35.52
40719,35.51
40720,35.13
40721,36.93
40722,42.39
40723,38.75
40724,36.29
40725,34.95
40726,31.67
40727,31.37
40728,29.98
40729,29.65
40730,29.43
40731,29.43
40732,28.96
40733,29.22
40734,31.27
40735,32.14
40736,35.03
40737,35.29
40738,35.19
40739,34.82
40740,33.38
40741,33.22
40742,33.17
40743,34.7
40744,34.51
40745,41.52
40746,47.13
40747,46.99
40748,40.94
40749,37.49
40750,34.52
40751,33.67
40752,32.95
40753,32.06
40754,32.23
40755,32.63
40756,33.7
40757,50.07
40758,69.32
40759,61.99
40760,49.18
40761,45.7
40762,43.74
40763,40.91
40764,39.37
40765,38.78
40766,38.39
40767,43.46
40768,53.02
40769,55.97
40770,67.13
40771,59.46
40772,55.65
40773,47.87
40774,39.44
40775,38.33
40776,35.26
40777,34.91
40778,34.67
40779,34.96
40780,35.91
40781,45.23
40782,56.76
40783,53.69
40784,53.53
40785,50.95
40786,48.82
40787,45.15
40788,44.98
40789,45.09
40790,45.11
40791,48.08
40792,51.22
40793,56.99
40794,63.43
40795,56.05
40796,51.2
40797,46.18
40798,37.49
40799,38.08
40800,35.55
40801,34.92
40802,34.84
40803,35.35
40804,37.32
40805,48.31
40806,66.14
40807,66.73
40808,56.07
40809,52.79
40810,51.7
40811,46.58
40812,44.73
40813,45
40814,45.6
40815,48.83
40816,55.92
40817,69.85
40818,80.01
40819,73.08
40820,57.69
40821,50.79
40822,43.92
40823,39.54
40824,35.64
40825,34.5
40826,33.98
40827,34.39
40828,35.39
40829,43.16
40830,52.54
40831,58.92
40832,56.92
40833,51.9
40834,50.01
40835,42.12
40836,39.62
40837,37.92
40838,37.71
40839,37.42
40840,44
40841,50.9
40842,61.97
40843,56.93
40844,50.96
40845,44.95
40846,37.4
40847,34.33
40848,33.1
40849,33.55
40850,32.25
40851,34.08
40852,35.29
40853,48.58
40854,51.28
40855,50.8
40856,46.04
40857,41.36
40858,38.19
40859,35.42
40860,34.78
40861,34.46
40862,35.45
40863,36.22
40864,43.4
40865,50.49
40866,52.34
40867,52.49
40868,51.51
40869,48.14
40870,38.72
40871,37.39
40872,32.66
40873,30.64
40874,31.05
40875,30.3
40876,31.01
40877,31.28
40878,32.83
40879,32.35
40880,33.72
40881,31.29
40882,30.44
40883,29.35
40884,28.5
40885,28.03
40886,28.13
40887,29.87
40888,32.59
40889,40.68
40890,47.21
40891,47
40892,41.42
40893,37.07
40894,33.02
40895,27.2
40896,26.7
40897,26.47
40898,26.55
40899,25.91
40900,26.61
40901,27.16
40902,27.36
40903,28.37
40904,34.99
40905,30.68
40906,30.73
40907,31.01
40908,30.23
40909,29.33
40910,28.66
40911,28.1
40912,30.77
40913,34.07
40914,36.52
40915,39.67
40916,38.76
40917,37.33
40918,34.35
40919,29.28
40920,26.97
40921,25.96
40922,25
40923,25.63
40924,28.18
40925,38.21
40926,46.09
40927,49.55
40928,48.29
40929,44.07
40930,41.81
40931,38.95
40932,38.18
40933,36.72
40934,35.99
40935,37.57
40936,40.84
40937,45.41
40938,61.67
40939,52.91
40940,46.92
40941,40.76
40942,35.24
40943,31.89
40944,28.14
40945,26.95
40946,24.3
40947,24.1
40948,28.23
40949,32.44
40950,40.74
40951,40.97
40952,37.96
40953,32.95
40954,31.05
40955,29.82
40956,31.15
40957,31.7
40958,32.01
40959,33.29
40960,39.76
40961,44.96
40962,50.83
40963,53.36
40964,46.12
40965,40.9
40966,36.08
40967,31.31
40968,29
40969,29
40970,28.27
40971,28.83
40972,29.11
40973,39.72
40974,42.81
40975,45.29
40976,42.96
40977,37.73
40978,32.57
40979,28.88
40980,29.37
40981,29.43
40982,28.9
40983,28.86
40984,31.68
40985,38.05
40986,40.26
40987,40.67
40988,38.25
40989,35.3
40990,29.87
40991,28
40992,25.96
40993,25.3
40994,24.09
40995,24.66
40996,26.34
40997,33.68
40998,39.62
40999,40.59
41000,37.19
41001,33.27
41002,29.85
41003,27.07
41004,27.2
41005,26.69
41006,27.2
41007,29.16
41008,30.96
41009,31.38
41010,31.76
41011,31.3
41012,31.5
41013,31.18
41014,29.96
41015,26.28
41016,25.64
41017,24.36
41018,24.67
41019,25.67
41020,26.18
41021,33.71
41022,38.23
41023,39.07
41024,38.99
41025,37.45
41026,33.06
41027,29.47
41028,28.22
41029,28.6
41030,28.52
41031,29.14
41032,31.07
41033,37.34
41034,37.57
41035,37.61
41036,36.8
41037,34.89
41038,34.07
41039,32.01
41040,30
41041,29.44
41042,29.19
41043,29.45
41044,29.99
41045,32.57
41046,35.09
41047,36.53
41048,39.97
41049,39.98
41050,36.99
41051,36
41052,35.05
41053,33.96
41054,33.41
41055,33.39
41056,38.98
41057,44.05
41058,46.71
41059,48.01
41060,39
41061,37.98
41062,34.78
41063,34.46
41064,32.61
41065,32.36
41066,32.01
41067,31.92
41068,32.08
41069,32.39
41070,33.2
41071,35
41072,37.27
41073,36.31
41074,36.19
41075,35.46
41076,32.2
41077,32.3
41078,32.37
41079,34.26
41080,39.3
41081,43.11
41082,49.55
41083,54.34
41084,45.49
41085,42.5
41086,38.27
41087,38.33
41088,34.09
41089,33.03
41090,32.09
41091,32.44
41092,34.16
41093,48.18
41094,63.52
41095,71.36
41096,56.51
41097,48.71
41098,47.83
41099,46
41100,45.23
41101,42.64
41102,42.23
41103,41.6
41104,45.14
41105,49.99
41106,60.94
41107,57.48
41108,45.94
41109,40.38
41110,34.35
41111,33.01
41112,32.45
41113,31
41114,30.02
41115,29.9
41116,32.23
41117,41
41118,44.95
41119,45.93
41120,41
41121,36
41122,32.6
41123,31.04
41124,31.07
41125,31.3
41126,32.01
41127,34.1
41128,39.18
41129,44.94
41130,48.02
41131,51.59
41132,42.75
41133,35.89
41134,31.7
41135,31.25
41136,30.23
41137,28.62
41138,28.88
41139,29.9
41140,30.64
41141,38.82
41142,42.57
41143,43.25
41144,39.82
41145,36.29
41146,33.94
41147,30.55
41148,28.79
41149,28.68
41150,30.02
41151,29.33
41152,33.06
41153,37.34
41154,39.67
41155,41.1
41156,38.37
41157,33.04
41158,30.1
41159,27.88
41160,27.21
41161,27.53
41162,26.89
41163,28.03
41164,30.74
41165,44.66
41166,50.32
41167,55.55
41168,47.96
41169,43.93
41170,41.97
41171,40.99
41172,35.28
41173,32.68
41174,32.72
41175,32.75
41176,39.9
41177,42
41178,44.27
41179,44.17
41180,41.51
41181,36.84
41182,30.19
41183,30.05
41184,28.31
41185,27.11
41186,26.24
41187,27.05
41188,30.01
41189,40.01
41190,43.98
41191,45.72
41192,44.69
41193,33.06
41194,30.64
41195,30.04
41196,29.8
41197,29.56
41198,28.46
41199,28.76
41200,33.07
41201,33.46
41202,50.84
41203,50.86
41204,44.91
41205,42.02
41206,39
41207,27.92
41208,27.25
41209,26.7
41210,27
41211,27.26
41212,27.9
41213,28.81
41214,40.52
41215,41.95
41216,41.77
41217,36.49
41218,32.54
41219,31.28
41220,28.82
41221,27.38
41222,27.22
41223,28.12
41224,28.64
41225,34.68
41226,28.21
41227,27.92
41228,26.91
41229,25.51
41230,25.03
41231,26.06
41232,24.31
41233,18.96
41234,17.29
41235,15.9
41236,17
41237,17.92
41238,19.15
41239,24.24
41240,24.83
41241,20.99
41242,8.51
41243,-0.07
41244,-6.85
41245,-6.83
41246,0.07
41247,25.48
41248,32.4
41249,34.55
41250,26.78
41251,27.21
41252,26.64
41253,24.43
41254,23.61
41255,15.03
41256,6.56
41257,6.6
41258,9.26
41259,17.22
41260,25.5
41261,33.63
41262,43.9
41263,50.95
41264,43.9
41265,43.8
41266,35.94
41267,35.34
41268,35.54
41269,35.4
41270,35.2
41271,35.48
41272,35.93
41273,50.94
41274,51.01
41275,50.96
41276,44.69
41277,41.21
41278,32.24
41279,31.68
41280,28.47
41281,27.86
41282,27.21
41283,27.77
41284,28.72
41285,36.48
41286,39.19
41287,43.17
41288,43.39
41289,31.69
41290,30.23
41291,27.51
41292,26.46
41293,17.88
41294,20.45
41295,25.03
41296,27.99
41297,34.68
41298,38.54
41299,38.81
41300,35.77
41301,33.23
41302,30.03
41303,27.53
41304,27.16
41305,27
41306,26.74
41307,27.7
41308,30.18
41309,36.84
41310,49.95
41311,51.22
41312,46.36
41313,32.66
41314,29.23
41315,27.65
41316,27.05
41317,26.09
41318,27.66
41319,29.65
41320,37.91
41321,48.29
41322,52.27
41323,53.17
41324,48.07
41325,45.19
41326,37
41327,33.34
41328,31.15
41329,30.78
41330,30.36
41331,31.43
41332,34.5
41333,48.73
41334,51.79
41335,54
41336,52
41337,50.19
41338,44.3
41339,37.81
41340,36.31
41341,36
41342,36.41
41343,38.88
41344,50
41345,52.2
41346,71.47
41347,61.13
41348,51.24
41349,48.09
41350,38.61
41351,37.37
41352,36.06
41353,35.04
41354,35.4
41355,35.71
41356,37.08
41357,48.77
41358,53.47
41359,60.73
41360,52.09
41361,49.48
41362,41.52
41363,37.02
41364,34.63
41365,30.9
41366,32.96
41367,33.98
41368,46.13
41369,50.41
41370,56.94
41371,51.22
41372,44.08
41373,38.5
41374,31.01
41375,33.07
41376,29.24
41377,28.64
41378,30.09
41379,31.97
41380,32.96
41381,35.38
41382,44.98
41383,43.4
41384,36.5
41385,31.49
41386,29.86
41387,28.27
41388,28.05
41389,26.7
41390,27.67
41391,28
41392,39.66
41393,50
41394,50
41395,46.32
41396,34.93
41397,33.1
41398,30.56
41399,27.62
41400,28.14
41401,29.16
41402,29.2
41403,29.87
41404,29.14
41405,28.3
41406,28.75
41407,27.84
41408,29
41409,27.75
41410,27.8
41411,27.46
41412,26.17
41413,25.05
41414,26.49
41415,27.27
41416,34.99
41417,39.01
41418,40.97
41419,38.5
41420,34.44
41421,33.4
41422,31.99
41423,27.66
41424,27.2
41425,27.38
41426,27.2
41427,25.33
41428,31.31
41429,38.37
41430,48.99
41431,50
41432,49.84
41433,49.99
41434,49.27
41435,45.48
41436,43.37
41437,40.13
41438,40.59
41439,41.7
41440,50.68
41441,55.58
41442,61.3
41443,53.1
41444,49.21
41445,42.85
41446,35.79
41447,36.35
41448,35.44
41449,35.24
41450,35.43
41451,36.33
41452,38.95
41453,55.98
41454,65.17
41455,65.19
41456,53.04
41457,52.95
41458,50.9
41459,49.15
41460,46.99
41461,45.74
41462,46.82
41463,49.77
41464,54.96
41465,60.2
41466,54.19
41467,51.18
41468,46.41
41469,37.58
41470,34.72
41471,34.31
41472,33.17
41473,33
41474,34.25
41475,34.9
41476,36.41
41477,50.91
41478,56.97
41479,62.08
41480,56.64
41481,51.67
41482,50.98
41483,49.8
41484,50.24
41485,50.02
41486,49.95
41487,48.48
41488,49.99
41489,54.19
41490,59.66
41491,51.74
41492,47.68
41493,39.69
41494,35.05
41495,34.18
41496,32.92
41497,31.8
41498,31.55
41499,32.12
41500,34.9
41501,46.21
41502,50.29
41503,51.51
41504,50.38
41505,48.69
41506,46.32
41507,42.4
41508,37.93
41509,36.8
41510,36.47
41511,35.35
41512,41.22
41513,45
41514,39
41515,36.59
41516,33.14
41517,30.61
41518,30.29
41519,29.05
41520,27.95
41521,27.9
41522,27.99
41523,28.87
41524,31.9
41525,42.55
41526,48.37
41527,50.31
41528,50.08
41529,47.27
41530,44.14
41531,38.81
41532,35.72
41533,34.46
41534,33.94
41535,36.79
41536,44.8
41537,46.54
41538,48.36
41539,47.49
41540,35.14
41541,34
41542,30.07
41543,26.5
41544,24.5
41545,23
41546,22.78
41547,22.94
41548,22.73
41549,25.94
41550,27.46
41551,33.2
41552,34.58
41553,30.88
41554,31.38
41555,30.83
41556,29.32
41557,29.04
41558,28.98
41559,27.12
41560,32.28
41561,38.19
41562,43.69
41563,33.4
41564,26.1
41565,23.83
41566,29.85
41567,0.04
41568,1.19
41569,12.79
41570,13.15
41571,13.96
41572,13.08
41573,18.11
41574,23.09
41575,24.96
41576,31.5
41577,32.01
41578,31.9
41579,31.8
41580,31.63
41581,31.65
41582,31.55
41583,31.72
41584,32.44
41585,33.45
41586,34.13
41587,33.83
41588,32.91
41589,31.94
41590,29.7
41591,28.76
41592,27.32
41593,26.83
41594,25.2
41595,24.9
41596,24
41597,29.9
41598,45.33
41599,40.33
41600,29.21
41601,28.21
41602,25.41
41603,11.82
41604,12.99
41605,6.9
41606,25.32
41607,26.62
41608,41.39
41609,34.83
41610,35.13
41611,35.03
41612,34.38
41613,33.67
41614,32.2
41615,32.08
41616,31.26
41617,30.04
41618,30.2
41619,30.13
41620,33.01
41621,47.47
41622,50.98
41623,51.05
41624,49.63
41625,46.86
41626,44.92
41627,42.17
41628,41.04
41629,39.49
41630,39.38
41631,42.88
41632,48.2
41633,50.16
41634,54.99
41635,52.92
41636,50.02
41637,45.06
41638,35.44
41639,32.49
41640,31
41641,30.94
41642,31.32
41643,29.03
41644,28.2
41645,43.75
41646,51.79
41647,52.4
41648,49.42
41649,49.38
41650,46.38
41651,36.28
41652,35.58
41653,35.22
41654,34.92
41655,34.76
41656,40.47
41657,48.01
41658,51.61
41659,47.16
41660,37.13
41661,34.69
41662,31.8
41663,26.21
41664,26.41
41665,25.3
41666,25.35
41667,26.43
41668,29.31
41669,35.32
41670,42.98
41671,49.92
41672,47.89
41673,46.8
41674,47.61
41675,42.93
41676,37.82
41677,36.74
41678,36.86
41679,40.4
41680,47.93
41681,51.23
41682,55.06
41683,53.53
41684,48.06
41685,45.59
41686,35.93
41687,37.49
41688,34.96
41689,33.79
41690,32.9
41691,32.59
41692,33.5
41693,43.33
41694,48.77
41695,50.06
41696,49.87
41697,48.48
41698,48.33
41699,48.87
41700,46.97
41701,44.2
41702,46.26
41703,46.05
41704,50.05
41705,50.27
41706,53.52
41707,49.22
41708,40.5
41709,35.87
41710,34.35
41711,28.3
41712,32.17
41713,29.28
41714,28.4
41715,29.6
41716,29.8
41717,29.3
41718,31.51
41719,37.03
41720,42.95
41721,39.96
41722,37.7
41723,37.18
41724,36.51
41725,35.24
41726,35.89
41727,38.05
41728,43.59
41729,48.11
41730,52.09
41731,49.75
41732,41
41733,40
41734,35.9
41735,34.22
41736,28.94
41737,27.43
41738,28.99
41739,33.61
41740,33.85
41741,34.02
41742,34.28
41743,35.03
41744,35.85
41745,36.55
41746,36.52
41747,36.08
41748,35.69
41749,35.43
41750,35.47
41751,32.59
41752,35.46
41753,38.09
41754,43.35
41755,38.41
41756,34.93
41757,35.36
41758,34.39
41759,33.39
41760,33.28
41761,33.22
41762,33.34
41763,27.06
41764,30.23
41765,50.62
41766,56.49
41767,59.86
41768,56.51
41769,53.08
41770,51.75
41771,49.91
41772,48.8
41773,47.57
41774,48.04
41775,48.78
41776,51.5
41777,54.91
41778,61.76
41779,51.93
41780,43.46
41781,39.18
41782,28.44
41783,30.64
41784,27.93
41785,25
41786,22.98
41787,22.02
41788,24.5
41789,30.52
41790,42.12
41791,47.19
41792,43.04
41793,40.16
41794,38.73
41795,37.54
41796,36.95
41797,36.2
41798,36.3
41799,36.28
41800,40.62
41801,44.44
41802,50.15
41803,37.5
41804,33.16
41805,28.5
41806,26.3
41807,24.19
41808,23.63
41809,22.25
41810,19.44
41811,21.92
41812,25.22
41813,31
41814,44.22
41815,45.51
41816,47.06
41817,42.62
41818,40.49
41819,37.37
41820,36.1
41821,35.65
41822,35.25
41823,33.49
41824,40.73
41825,45.14
41826,51.44
41827,43.27
41828,38.13
41829,34.2
41830,28.08
41831,23.88
41832,22.93
41833,21.77
41834,18.39
41835,18.95
41836,22.2
41837,34.73
41838,45.97
41839,47.74
41840,44
41841,38.5
41842,35.7
41843,31.25
41844,34.04
41845,30
41846,34.67
41847,26.38
41848,36.95
41849,43.3
41850,47.79
41851,41.78
41852,29
41853,28.39
41854,25.23
41855,23.75
41856,22.34
41857,17.65
41858,12.57
41859,14.54
41860,20.15
41861,26.04
41862,38.69
41863,40.84
41864,37.42
41865,33.9
41866,30.41
41867,23.59
41868,22.93
41869,21.77
41870,22.11
41871,23.8
41872,30.38
41873,33.65
41874,34.92
41875,31.19
41876,24.8
41877,22.98
41878,12.94
41879,0.47
41880,0.03
41881,-2.66
41882,0.09
41883,5.8
41884,10.79
41885,19.47
41886,24.44
41887,23.47
41888,22.96
41889,12.75
41890,7.49
41891,10.13
41892,5.83
41893,20.29
41894,24.64
41895,28.93
41896,35.74
41897,42.07
41898,44.65
41899,40.13
41900,33.15
41901,33.59
41902,31.53
41903,31.44
41904,25.66
41905,24.05
41906,24.11
41907,25.12
41908,25.29
41909,33.8
41910,34.31
41911,35.07
41912,35.8
41913,36.33
41914,36.32
41915,35.12
41916,35
41917,34.63
41918,34.17
41919,21.29
41920,27.94
41921,34.92
41922,37.4
41923,32.4
41924,17.39
41925,16.51
41926,4.02
41927,-8.25
41928,3.17
41929,9.31
41930,15.17
41931,16
41932,24.63
41933,35.27
41934,39.02
41935,50.24
41936,49.6
41937,48.34
41938,48
41939,45.25
41940,43
41941,39.5
41942,43.23
41943,55.98
41944,60.06
41945,70.91
41946,70.92
41947,53.04
41948,44.19
41949,36.6
41950,33.94
41951,26
41952,25.72
41953,25
41954,24.27
41955,25
41956,29.99
41957,40.61
41958,52.64
41959,55.21
41960,54.8
41961,51.76
41962,50.62
41963,47.9
41964,46.64
41965,44.58
41966,45.38
41967,47.96
41968,53.1
41969,58.33
41970,67.95
41971,55.29
41972,45.97
41973,39.95
41974,32.46
41975,34.81
41976,34.11
41977,33.97
41978,33.98
41979,34.43
41980,35.44
41981,44.6
41982,59.55
41983,63.46
41984,61.86
41985,59.56
41986,58.07
41987,56.61
41988,54.32
41989,52.02
41990,51.17
41991,44.84
41992,51.8
41993,56.99
41994,49.95
41995,45.01
41996,37.07
41997,35.44
41998,33.12
41999,33.85
42000,33.29
42001,32.85
42002,32.8
42003,33.05
42004,31.29
42005,40.5
42006,52.13
42007,55.76
42008,55.36
42009,53.24
42010,51.11
42011,48.7
42012,46.49
42013,46.45
42014,46.12
42015,55.79
42016,58.98
42017,65.15
42018,63.96
42019,54.41
42020,45.59
42021,39.34
42022,35.58
42023,35.81
42024,35.62
42025,35.43
42026,35.47
42027,35.71
42028,36.35
42029,38.2
42030,52.3
42031,65.14
42032,57.5
42033,62
42034,41.94
42035,37.66
42036,37.79
42037,37.09
42038,30.5
42039,30.78
42040,37.52
42041,39.61
42042,39.09
42043,34.98
42044,30.29
42045,30.42
42046,29.99
42047,27.04
42048,27.56
42049,25.4
42050,23.9
42051,24.2
42052,25.09
42053,26.89
42054,29.7
42055,32.97
42056,35.14
42057,36
42058,36.53
42059,35.2
42060,34.08
42061,33.3
42062,33.07
42063,35.04
42064,38.48
42065,44.08
42066,47.9
42067,39.19
42068,35.06
42069,35.05
42070,33.18
42071,29.99
42072,26.01
42073,27.01
42074,26.9
42075,26.51
42076,26.3
42077,27.03
42078,29.94
42079,31.74
42080,36.37
42081,37.47
42082,38.32
42083,37.9
42084,35.02
42085,31.04
42086,32.8
42087,35.73
42088,40.38
42089,48.75
42090,51.06
42091,47.1
42092,39.62
42093,38.09
42094,36
42095,30.34
42096,27.11
42097,26.28
42098,25.79
42099,25.7
42100,26.39
42101,38.64
42102,51.93
42103,52.43
42104,51.96
42105,50.32
42106,50.32
42107,45.57
42108,44.14
42109,45.21
42110,47.71
42111,50.03
42112,54.11
42113,58.02
42114,66.51
42115,52.2
42116,49.02
42117,43
42118,37.24
42119,39.79
42120,35.88
42121,34.64
42122,31.84
42123,33.69
42124,36.2
42125,46.99
42126,56.43
42127,61.3
42128,60
42129,55.49
42130,52.72
42131,46.35
42132,43.67
42133,43.99
42134,43.66
42135,46.24
42136,51.93
42137,60
42138,65.47
42139,52.95
42140,46.34
42141,41.16
42142,36.5
42143,35.52
42144,32.31
42145,31.36
42146,30.09
42147,30.39
42148,34.92
42149,40.7
42150,52.4
42151,59.77
42152,57.12
42153,54.11
42154,51.23
42155,44.48
42156,42.55
42157,41.94
42158,43.26
42159,45.87
42160,50.67
42161,53.49
42162,55.23
42163,45.91
42164,39.16
42165,37.38
42166,34.41
42167,33.59
42168,31.04
42169,30.02
42170,29.41
42171,30.06
42172,32.89
42173,39.55
42174,48.98
42175,54.11
42176,54.11
42177,51.08
42178,46.93
42179,43.94
42180,40.52
42181,38
42182,36.78
42183,38.07
42184,39.9
42185,43.55
42186,42.1
42187,35.75
42188,30.07
42189,30.21
42190,26.03
42191,25.92
42192,25.27
42193,25.2
42194,24.42
42195,25.2
42196,28.22
42197,36.06
42198,47.9
42199,51.52
42200,46.68
42201,44.49
42202,39.76
42203,35.65
42204,36.07
42205,34.78
42206,35.33
42207,36.92
42208,43.83
42209,48.11
42210,48.16
42211,38.03
42212,33.21
42213,30.35
42214,25.51
42215,23.54
42216,18.84
42217,19.89
42218,15.78
42219,8.55
42220,15.84
42221,14.62
42222,24.61
42223,29.36
42224,25.92
42225,29.32
42226,29
42227,26.8
42228,31.8
42229,31.8
42230,27
42231,30.54
42232,37.02
42233,37.97
42234,37.37
42235,35.77
42236,35.05
42237,31.82
42238,26.81
42239,32.21
42240,27.11
42241,9.04
42242,0.05
42243,0.12
42244,5.5
42245,17.28
42246,20.54
42247,25.09
42248,28.85
42249,28.91
42250,27.95
42251,30
42252,28.44
42253,28
42254,28
42255,31.1
42256,36.3
42257,44.44
42258,42.53
42259,41.32
42260,36.06
42261,34.06
42262,29.85
42263,25.82
42264,26.4
42265,26.6
42266,26.9
42267,27.64
42268,27.93
42269,30.97
42270,40
42271,48.47
42272,45.93
42273,44.01
42274,43.06
42275,42.33
42276,40.58
42277,43.28
42278,48.83
42279,51.42
42280,54.99
42281,61.23
42282,63.62
42283,57.39
42284,48.69
42285,41.62
42286,40.23
42287,36.55
42288,37.02
42289,36.6
42290,35.83
42291,35.22
42292,35.17
42293,36
42294,43.26
42295,53.5
42296,55.81
42297,55.01
42298,51.56
42299,51.46
42300,47.32
42301,47.75
42302,52.3
42303,55.01
42304,57.2
42305,62.44
42306,66.18
42307,60.75
42308,53.91
42309,45.91
42310,40.91
42311,38.62
42312,37.92
42313,37.6
42314,37.34
42315,36.98
42316,36.15
42317,38.25
42318,46.67
42319,54.12
42320,57.6
42321,54.37
42322,50.39
42323,48.92
42324,47.31
42325,46.37
42326,49.95
42327,54.03
42328,56.17
42329,61.57
42330,66.7
42331,60
42332,53.59
42333,44.61
42334,41.79
42335,37.47
42336,36.2
42337,34.98
42338,33.94
42339,33.16
42340,33.86
42341,35.84
42342,41.98
42343,46.68
42344,48.37
42345,45.21
42346,40.52
42347,40.1
42348,39.38
42349,40.15
42350,43.95
42351,47.75
42352,51.08
42353,56.01
42354,55.44
42355,50.35
42356,47.93
42357,43.12
42358,40
42359,37.23
42360,35.94
42361,33.49
42362,28.99
42363,27.12
42364,26.17
42365,26.14
42366,38.51
42367,34.92
42368,35.01
42369,35.07
42370,38.46
42371,34.04
42372,35.9
42373,33.43
42374,31.5
42375,31.52
42376,31.59
42377,38.94
42378,38.08
42379,37.01
42380,31.98
42381,30.11
42382,30.49
42383,28.06
42384,31.5
42385,30.07
42386,26.1
42387,25
42388,18.99
42389,21.86
42390,25.98
42391,35.7
42392,36.59
42393,37.95
42394,38.43
42395,37.1
42396,30.3
42397,30
42398,27.6
42399,27.94
42400,30
42401,33.91
42402,39.44
42403,37.31
42404,36.88
42405,27.85
42406,28.81
42407,29
42408,21
42409,25.7
42410,26.7
42411,26.7
42412,25
42413,25.86
42414,33.48
42415,34.43
42416,35.88
42417,36.88
42418,37.59
42419,38.14
42420,38.69
42421,38.09
42422,38.23
42423,38.54
42424,39.76
42425,41.24
42426,42.83
42427,41.04
42428,39.24
42429,37.43
42430,35.86
42431,34.1
42432,26.68
42433,24.94
42434,22.51
42435,22.28
42436,22.85
42437,26.1
42438,35.5
42439,43.56
42440,45.35
42441,45.07
42442,43.97
42443,43.33
42444,41.71
42445,42.26
42446,42.22
42447,42.42
42448,48.19
42449,51.53
42450,48.39
42451,43.24
42452,43.15
42453,37.95
42454,35.5
42455,30
42456,26.5
42457,25.64
42458,25.97
42459,24.99
42460,26.04
42461,27.94
42462,38.92
42463,45.52
42464,47.97
42465,47.43
42466,47.98
42467,48.43
42468,46.96
42469,48.34
42470,49.91
42471,50
42472,50.04
42473,60.71
42474,62.89
42475,52.3
42476,47.56
42477,43.3
42478,41.21
42479,38.65
42480,40.4
42481,39.99
42482,39.97
42483,40.2
42484,41.03
42485,40.38
42486,45.63
42487,55.77
42488,59.68
42489,56.92
42490,56.8
42491,56.44
42492,54.42
42493,55.8
42494,57.28
42495,57.39
42496,60.71
42497,76.25
42498,87.12
42499,65
42500,54.47
42501,47.52
42502,44.59
42503,40.3
42504,41.97
42505,41.14
42506,40.68
42507,40.97
42508,42.11
42509,42.59
42510,43.9
42511,53.9
42512,52.99
42513,50.17
42514,49.11
42515,47.89
42516,45.36
42517,46.04
42518,46.73
42519,46.83
42520,48.68
42521,51.17
42522,48.19
42523,46.72
42524,44.98
42525,37.8
42526,37.55
42527,35.33
42528,32.8
42529,32.91
42530,32.07
42531,31.82
42532,33.19
42533,35.22
42534,45.05
42535,51.78
42536,54.32
42537,55.62
42538,54.94
42539,53.95
42540,52.44
42541,52.52
42542,53.01
42543,52.19
42544,54.3
42545,66.47
42546,59.98
42547,51.97
42548,46.94
42549,43.83
42550,44.28
42551,39.34
42552,42.63
42553,39.78
42554,38.81
42555,39.24
42556,36.2
42557,39.49
42558,39.57
42559,41.56
42560,42.02
42561,44.57
42562,44.15
42563,42.55
42564,41.42
42565,40.01
42566,39.96
42567,41.67
42568,43.81
42569,49.95
42570,51
42571,48.45
42572,42.75
42573,40.36
42574,39.66
42575,36.67
42576,37.57
42577,35.3
42578,35.13
42579,34.22
42580,33.86
42581,35.01
42582,35.6
42583,38.94
42584,39.97
42585,40.41
42586,40.92
42587,41
42588,41.33
42589,40.88
42590,40.97
42591,41.35
42592,46.41
42593,52.17
42594,53.09
42595,52.51
42596,51.01
42597,47
42598,44.25
42599,39.88
42600,35.66
42601,35.97
42602,36.03
42603,34.75
42604,34.8
42605,36.58
42606,43.42
42607,47.69
42608,51
42609,49.85
42610,48
42611,47.29
42612,45.27
42613,45.6
42614,44.11
42615,44.62
42616,44.78
42617,47.99
42618,45.39
42619,40.36
42620,35.26
42621,32.8
42622,32.05
42623,26.09
42624,30.9
42625,31.45
42626,30.67
42627,29.1
42628,32.3
42629,35.3
42630,40.42
42631,43.87
42632,43.99
42633,43
42634,42.41
42635,42.03
42636,40.5
42637,42.37
42638,43.39
42639,43.98
42640,49.85
42641,57.79
42642,50
42643,42.84
42644,41.55
42645,40.95
42646,39.26
42647,36.74
42648,34
42649,34.83
42650,35.01
42651,35.01
42652,35.13
42653,36.06
42654,40.71
42655,47.7
42656,52.08
42657,51.56
42658,50.12
42659,50.59
42660,48.97
42661,55.12
42662,55.98
42663,58.42
42664,63.51
42665,67.2
42666,56.09
42667,52.94
42668,46.22
42669,42.91
42670,41.47
42671,38.28
42672,37.6
42673,37.85
42674,36.51
42675,35.37
42676,35.77
42677,38.18
42678,45.31
42679,53.7
42680,52.32
42681,49.1
42682,47.24
42683,47.95
42684,48.64
42685,50.62
42686,53.7
42687,54.12
42688,56.15
42689,59.19
42690,49.8
42691,45.1
42692,42.69
42693,42.05
42694,38.65
42695,35.38
42696,32.4
42697,32.1
42698,30
42699,33
42700,25.41
42701,30.12
42702,34.1
42703,39.73
42704,40.86
42705,35.4
42706,35.76
42707,34.85
42708,36.13
42709,39.68
42710,42
42711,42.75
42712,43.6
42713,44.27
42714,43.41
42715,42.4
42716,41.55
42717,41.35
42718,40.04
42719,38.46
42720,36.98
42721,37.07
42722,36.53
42723,37.19
42724,37.32
42725,37.49
42726,38.42
42727,39.01
42728,42.47
42729,43.13
42730,41.51
42731,41.9
42732,38.97
42733,38.94
42734,40.12
42735,40.19
42736,41.25
42737,42.47
42738,42.2
42739,39.32
42740,37
42741,34.23
42742,34.3
42743,29.73
42744,29.06
42745,30.96
42746,31.59
42747,32.23
42748,32.86
42749,33.75
42750,32.49
42751,33.88
42752,36.85
42753,38.81
42754,39.72
42755,40.76
42756,40.15
42757,39.25
42758,39.06
42759,39.99
42760,41.15
42761,45.44
42762,43.67
42763,41.92
42764,40.85
42765,39.97
42766,35.06
42767,32.3
42768,24.76
42769,27.83
42770,26.31
42771,28.16
42772,29.68
42773,34.22
42774,41.34
42775,43.14
42776,44.4
42777,46.37
42778,48.38
42779,49.79
42780,48.81
42781,51.58
42782,49.8
42783,52.87
42784,55
42785,54.94
42786,43.67
42787,41.62
42788,39.39
42789,35.3
42790,33.89
42791,32.8
42792,32.3
42793,32.8
42794,32.2
42795,32
42796,32
42797,35.2
42798,38.36
42799,43.32
42800,44.86
42801,41.99
42802,41.7
42803,41.77
42804,41.96
42805,47.97
42806,53.95
42807,61.81
42808,70.43
42809,80.1
42810,76.09
42811,71.53
42812,58.97
42813,46.95
42814,40.63
42815,39.28
42816,38.77
42817,38.96
42818,38.75
42819,39.1
42820,39.5
42821,40.79
42822,51.77
42823,60.52
42824,68.9
42825,65.93
42826,61.02
42827,60.68
42828,59.12
42829,59.05
42830,59.82
42831,60.69
42832,63.29
42833,71.05
42834,63.5
42835,55.9
42836,48.66
42837,43.55
42838,40.09
42839,38.61
42840,38.45
42841,37.59
42842,37.05
42843,37.67
42844,38.39
42845,39.96
42846,45.59
42847,57.98
42848,58.4
42849,58.93
42850,59.16
42851,59.11
42852,56.28
42853,58.09
42854,57.32
42855,57.04
42856,58.7
42857,63.38
42858,53.11
42859,49.78
42860,43.55
42861,40.19
42862,39.17
42863,37.1
42864,34.45
42865,34.5
42866,34.2
42867,34.5
42868,35.4
42869,37.24
42870,40.23
42871,45.95
42872,51.58
42873,49.9
42874,48.69
42875,47.23
42876,45.1
42877,45.91
42878,49.03
42879,49.5
42880,49.04
42881,51.91
42882,44.65
42883,40.27
42884,39.56
42885,39.27
42886,38.32
42887,35.49
42888,34.36
42889,34.04
42890,33.44
42891,33.17
42892,30.03
42893,24.17
42894,32.39
42895,28.14
42896,33.76
42897,30.44
42898,30.31
42899,30.45
42900,29.9
42901,30.62
42902,32.4
42903,34.25
42904,39.01
42905,40.43
42906,40.02
42907,35.58
42908,30.19
42909,28.18
42910,29.6
42911,27.21
42912,13.15
42913,19.22
42914,13.28
42915,14.89
42916,10.19
42917,7.57
42918,19.09
42919,25.48
42920,30.45
42921,34.31
42922,37.55
42923,39.81
42924,39.81
42925,39.76
42926,40.05
42927,40.68
42928,41.35
42929,41.42
42930,40.96
42931,41.16
42932,40.92
42933,40.63
42934,40.23
42935,39.29
42936,38.19
42937,36.3
42938,36.02
42939,35.4
42940,35.38
42941,37.84
42942,50
42943,60.42
42944,58.37
42945,58.42
42946,57.3
42947,58.26
42948,58.77
42949,58.6
42950,57.05
42951,59.23
42952,58.4
42953,63.45
42954,59.36
42955,58.07
42956,53.93
42957,50.17
42958,46.36
42959,41.58
42960,39.07
42961,38.43
42962,36.2
42963,35.91
42964,35.98
42965,38.01
42966,45.21
42967,53.44
42968,54.79
42969,54.58
42970,54.79
42971,54.05
42972,52.91
42973,52.59
42974,52.99
42975,52.34
42976,52.43
42977,54.55
42978,54.52
42979,52.9
42980,47.51
42981,43.53
42982,42.28
42983,37.74
42984,36.2
42985,36.31
42986,35.72
42987,35.9
42988,31.65
42989,34.8
42990,41.94
42991,50.68
42992,50.54
42993,46.32
42994,43.94
42995,43.93
42996,44.12
42997,43.87
42998,43.21
42999,43.41
43000,43.71
43001,46.6
43002,43.38
43003,39.1
43004,41.18
43005,40.71
43006,40.01
43007,38.29
43008,37.9
43009,36.43
43010,35.99
43011,36.18
43012,37.72
43013,40.01
43014,41.02
43015,42.83
43016,43.1
43017,42.73
43018,42.8
43019,42.52
43020,43.29
43021,43.02
43022,42.43
43023,42.08
43024,42.07
43025,42.01
43026,41.58
43027,40.93
43028,40.43
43029,39.88
43030,28.46
43031,25.17
43032,23.95
43033,21.27
43034,11.79
43035,14.2
43036,27.56
43037,27.5
43038,39.86
43039,45.08
43040,45.89
43041,42.69
43042,42.42
43043,42.29
43044,41.65
43045,42.22
43046,42.48
43047,47.56
43048,43.91
43049,52.75
43050,54.03
43051,49.13
43052,42.27
43053,41.41
43054,42.24
43055,39.28
43056,36.29
43057,35.96
43058,35.99
43059,35.39
43060,35.39
43061,36.03
43062,36.56
43063,39.07
43064,42.29
43065,45.35
43066,44
43067,42.7
43068,41.5
43069,40.77
43070,41.14
43071,43.02
43072,48.76
43073,52.9
43074,53.1
43075,50.01
43076,47.35
43077,42.42
43078,41.94
43079,40.13
43080,38.55
43081,37.07
43082,36.26
43083,35.93
43084,35.86
43085,35.92
43086,36.13
43087,37.04
43088,38.74
43089,42.12
43090,44.77
43091,48
43092,48.15
43093,45.76
43094,44.7
43095,44.98
43096,47.79
43097,50.45
43098,52.4
43099,50.1
43100,43.5
43101,42.07
43102,39.9
43103,37.83
43104,36.03
43105,36.93
43106,35.4
43107,34.46
43108,35.4
43109,36.3
43110,44.72
43111,52.97
43112,54.58
43113,54.09
43114,45.9
43115,43.59
43116,41.96
43117,42.87
43118,49
43119,52.95
43120,53.93
43121,57.23
43122,55.18
43123,55.5
43124,54.43
43125,49.33
43126,44.89
43127,40.58
43128,40.19
43129,39.74
43130,39.5
43131,38.5
43132,39.49
43133,42.81
43134,55.07
43135,67.28
43136,76.47
43137,71
43138,60.49
43139,59.31
43140,55.24
43141,49.22
43142,49.16
43143,49.13
43144,49.18
43145,55.84
43146,48.57
43147,42.49
43148,41.31
43149,40.67
43150,39.23
43151,37.05
43152,35
43153,35
43154,35.24
43155,35.58
43156,36.29
43157,37.51
43158,42.69
43159,53.4
43160,54.76
43161,51.47
43162,46.34
43163,44.99
43164,43.81
43165,47.99
43166,53.69
43167,56.9
43168,61.19
43169,70.6
43170,60.06
43171,48.52
43172,40.45
43173,40.01
43174,40.63
43175,37.57
43176,36.16
43177,35.73
43178,35.86
43179,35.75
43180,35.56
43181,36
43182,37.14
43183,48.3
43184,54.09
43185,50
43186,41.31
43187,40.86
43188,40.61
43189,40.52
43190,40.38
43191,41.37
43192,42.23
43193,42.43
43194,40.41
43195,38.15
43196,36.24
43197,34.89
43198,32.79
43199,24.94
43200,25.18
43201,25.03
43202,18.77
43203,13.6
43204,19.14
43205,25.16
43206,30.67
43207,38.86
43208,40.25
43209,37.96
43210,38.92
43211,38.9
43212,37.08
43213,37.79
43214,37.6
43215,35.36
43216,39.4
43217,40.07
43218,37.8
43219,37.18
43220,35.1
43221,35.4
43222,33.79
43223,16.1
43224,14.55
43225,4.16
43226,0.06
43227,-2.68
43228,-2.71
43229,0.07
43230,13.3
43231,26.7
43232,28.28
43233,36.06
43234,34.8
43235,36.5
43236,35.01
43237,33.07
43238,35.37
43239,38.03
43240,39.04
43241,41.29
43242,42.68
43243,39.97
43244,35.17
43245,35.05
43246,34.56
43247,31.98
43248,25.65
43249,17.77
43250,0.1
43251,-2.74
43252,-12.16
43253,-15.05
43254,-15.06
43255,-15.04
43256,-13.39
43257,-12.14
43258,-11
43259,-8.96
43260,-6.87
43261,-2.01
43262,-0.08
43263,0.35
43264,4.13
43265,15.23
43266,14
43267,12.08
43268,0.44
43269,0.07
43270,0.49
43271,-6.82
43272,-11.1
43273,-15.1
43274,-16.09
43275,-14.99
43276,-12.76
43277,-5.85
43278,27.23
43279,38.57
43280,39.99
43281,39.77
43282,39.58
43283,39.73
43284,39.91
43285,39.93
43286,39.97
43287,39.58
43288,40.17
43289,40.68
43290,39.22
43291,37.95
43292,29.1
43293,25.89
43294,25.31
43295,14.08
43296,26.02
43297,25.74
43298,30.56
43299,31.45
43300,31.51
43301,35.51
43302,46.11
43303,53.1
43304,56.38
43305,54.93
43306,51
43307,49.9
43308,47.34
43309,46.99
43310,46.83
43311,46.22
43312,45.41
43313,47.21
43314,36.87
43315,36.3
43316,35.22
43317,33.02
43318,29.78
43319,23.83
43320,17.85
43321,2.4
43322,0.09
43323,0.34
43324,20.57
43325,25.92
43326,32.31
43327,37.92
43328,40.95
43329,41.9
43330,44.15
43331,47.21
43332,49.64
43333,51.82
43334,51.29
43335,51.79
43336,52.86
43337,60.23
43338,56.36
43339,53.46
43340,47.22
43341,44.7
43342,37.63
43343,37.17
43344,37
43345,35.83
43346,35.02
43347,34.65
43348,35.18
43349,36.98
43350,49
43351,57.64
43352,61.6
43353,60.1
43354,54
43355,49.69
43356,49
43357,47.01
43358,47.19
43359,48.88
43360,47.76
43361,52.13
43362,47.05
43363,40.36
43364,38.48
43365,36.13
43366,35.07
43367,34.27
43368,28.86
43369,28.42
43370,23.34
43371,11.27
43372,16.25
43373,25.05
43374,32.83
43375,39.6
43376,42.94
43377,39.71
43378,38.91
43379,38.51
43380,38.63
43381,38.55
43382,38.08
43383,38.64
43384,39.25
43385,39.74
43386,41.85
43387,38.51
43388,38.64
43389,36.51
43390,35.04
43391,33.96
43392,34.39
43393,32.62
43394,31.83
43395,25.5
43396,21.92
43397,20.08
43398,22.25
43399,28.15
43400,34.19
43401,35.26
43402,35.3
43403,35.06
43404,35.48
43405,35.49
43406,35.54
43407,36.02
43408,36.35
43409,36.65
43410,35.77
43411,34.93
43412,33.92
43413,15.64
43414,18.15
43415,4.39
43416,0.32
43417,1.52
43418,2.3
43419,3.9
43420,2.2
43421,15.7
43422,26.94
43423,30.57
43424,29.1
43425,33.44
43426,30.05
43427,25.01
43428,19.69
43429,9.98
43430,10.01
43431,20.82
43432,27.18
43433,33.51
43434,31.36
43435,35.63
43436,34.29
43437,29.1
43438,32.8
43439,29.83
43440,29.46
43441,30.18
43442,30.91
43443,29.49
43444,29.19
43445,31.77
43446,38.87
43447,50.01
43448,44.43
43449,42
43450,41.2
43451,40.83
43452,41.1
43453,41.27
43454,41.41
43455,46.21
43456,46.27
43457,51.68
43458,50.71
43459,46.18
43460,42.17
43461,40.1
43462,38.08
43463,36
43464,32.71
43465,34.67
43466,34.66
43467,34.93
43468,36.06
43469,31.27
43470,35.74
43471,44.17
43472,49.5
43473,42.35
43474,40.15
43475,38.23
43476,38.88
43477,39.05
43478,39.6
43479,42.52
43480,42.57
43481,42.83
43482,38.79
43483,36.74
43484,34.2
43485,33.39
43486,31.9
43487,30.1
43488,33.93
43489,25.39
43490,26.35
43491,26.04
43492,28.39
43493,30.19
43494,36.19
43495,42.05
43496,47.45
43497,41.19
43498,40.63
43499,40.18
43500,39.88
43501,39.8
43502,46.7
43503,46.75
43504,50.39
43505,54.19
43506,51
43507,46.3
43508,43.85
43509,39.15
43510,35.9
43511,32.19
43512,29.08
43513,26.41
43514,27.71
43515,24.8
43516,25.97
43517,27.24
43518,31.56
43519,40
43520,42.95
43521,39.62
43522,37.86
43523,37.69
43524,36.87
43525,37.41
43526,38.01
43527,38.72
43528,39.49
43529,40.31
43530,39.91
43531,38.95
43532,35.69
43533,35.09
43534,34.14
43535,30.4
43536,26.56
43537,25.95
43538,23.3
43539,19.01
43540,24.59
43541,25.84
43542,34.1
43543,37.56
43544,38.13
43545,38.05
43546,37.94
43547,37.94
43548,37.77
43549,37.59
43550,37.49
43551,33.07
43552,37.46
43553,37.45
43554,37.48
43555,37
43556,34.01
43557,34.96
43558,32
43559,29.9
43560,27.4
43561,27.5
43562,10
43563,30.83
43564,31.67
43565,30.6
43566,29.9
43567,33.93
43568,31.23
43569,35.9
43570,36
43571,36.32
43572,36.23
43573,35.95
43574,36.21
43575,36.99
43576,39.39
43577,42.2
43578,37.76
43579,36.92
43580,31.98
43581,30.2
43582,29
43583,29
43584,18.43
43585,24
43586,18.1
43587,28.5
43588,27.5
43589,23
43590,29
43591,33.77
43592,35.02
43593,36.22
43594,37.15
43595,37.6
43596,37.54
43597,37.08
43598,37.33
43599,37.09
43600,39.01
43601,40
43602,38.68
43603,37
43604,34.77
43605,35.44
43606,34.83
43607,33.79
43608,24
43609,30.81
43610,30
43611,30.16
43612,25
43613,10.88
43614,36.16
43615,36.63
43616,37.33
43617,37.56
43618,37.4
43619,37.3
43620,35.94
43621,34.9
43622,35.9
43623,37.42
43624,37.18
43625,40
43626,40.93
43627,38.9
43628,35.98
43629,34.63
43630,33.14
43631,32.4
43632,33.8
43633,33.36
43634,32.32
43635,27.09
43636,10.87
43637,12.52
43638,30.01
43639,35.24
43640,35.22
43641,37
43642,33.55
43643,37
43644,35.93
43645,36.8
43646,36.85
43647,37.25
43648,38.52
43649,40.2
43650,37.21
43651,34.75
43652,35.41
43653,35.54
43654,35.49
43655,34.55
43656,33.69
43657,33.07
43658,32.23
43659,32.02
43660,32.94
43661,34.5
43662,34.67
43663,34.85
43664,35.71
43665,36.02
43666,35.52
43667,35.69
43668,36.29
43669,36.19
43670,34.96
43671,36.44
43672,37.19
43673,37.37
43674,37.35
43675,36.33
43676,34.85
43677,34.63
43678,34.29
43679,32.75
43680,33.44
43681,32.93
43682,31.87
43683,31.56
43684,32.01
43685,33.87
43686,34.39
43687,35.32
43688,35.87
43689,36.34
43690,36.19
43691,36.59
43692,36.67
43693,34.96
43694,36.83
43695,38.53
43696,39.75
43697,42.55
43698,42.64
43699,40.92
43700,37.24
43701,36.78
43702,36.45
43703,34.75
43704,33.11
43705,32.93
43706,32
43707,32.19
43708,33.14
43709,35.58
43710,33.16
43711,38.89
43712,38.55
43713,40
43714,40
43715,40.17
43716,40.15
43717,40.41
43718,42.05
43719,45.13
43720,46.53
43721,49.38
43722,44.88
43723,43.99
43724,39.52
43725,36.67
43726,35.38
43727,33.57
43728,33.48
43729,32.32
43730,31.08
43731,30.82
43732,30.53
43733,30.46
43734,31.6
43735,31.63
43736,34.61
43737,36.82
43738,35.61
43739,35.05
43740,34.7
43741,33.78
43742,34.91
43743,35.86
43744,37.73
43745,37.48
43746,36.26
43747,35.55
43748,34.97
43749,35.14
43750,34.75
43751,30.17
43752,30.6
43753,28.1
43754,26.92
43755,22.85
43756,20.97
43757,21.31
43758,22.72
43759,25.1
43760,27.52
43761,30.04
43762,30.6
43763,30.93
43764,32.03
43765,30.61
43766,30.8
43767,32.86
43768,33.74
43769,33.99
43770,33.35
43771,32.54
43772,30.79
43773,30.02
43774,25.56
43775,20.86
43776,11.07
43777,11.84
43778,6.16
43779,1.4
43780,4.81
43781,16.43
43782,26.9
43783,30.38
43784,32.04
43785,31.9
43786,29.06
43787,26.94
43788,30.3
43789,30.61
43790,31.53
43791,33.61
43792,34.4
43793,34.6
43794,34.43
43795,31.58
43796,30.68
43797,29.67
43798,29.68
43799,24.33
43800,23.04
43801,21.59
43802,12.84
43803,4.97
43804,9.81
43805,18.37
43806,23.5
43807,27.17
43808,30.82
43809,32.28
43810,31.45
43811,31.95
43812,33.14
43813,33.38
43814,33.74
43815,34.33
43816,35.01
43817,35.98
43818,35.48
43819,33.85
43820,33.54
43821,33.17
43822,33.04
43823,32.28
43824,33.42
43825,31.77
43826,31.57
43827,31.28
43828,30.85
43829,30.14
43830,30.17
43831,30
43832,30.63
43833,30.59
43834,30.27
43835,30.34
43836,30.59
43837,30.04
43838,30.6
43839,31.09
43840,31.53
43841,31.78
43842,31.64
43843,31.44
43844,31.35
43845,31.07
43846,30.96
43847,30.61
43848,30.78
43849,30.64
43850,30.43
43851,28.79
43852,28.42
43853,28.75
43854,33.38
43855,31.79
43856,31.83
43857,31.74
43858,31.63
43859,31.32
43860,31.07
43861,31.06
43862,31.07
43863,31.26
43864,31.41
43865,31.4
43866,31.1
43867,30.75
43868,30.47
43869,30.1
43870,29.71
43871,24.99
43872,18.93
43873,9.98
43874,1.53
43875,0.14
43876,0.85
43877,9.92
43878,24.48
43879,26.68
43880,28.81
43881,29.28
43882,28.85
43883,31.8
43884,30.39
43885,30.24
43886,30.19
43887,30.4
43888,30.48
43889,30.44
43890,30.16
43891,29.83
43892,28.89
43893,27.7
43894,25.7
43895,22.04
43896,21.73
43897,15.95
43898,16.23
43899,6.45
43900,3.83
43901,0.12
43902,0.07
43903,19.07
43904,17.49
43905,23.98
43906,8.8
43907,17.95
43908,19.5
43909,13.74
43910,17.42
43911,20.38
43912,25.08
43913,28.88
43914,32.02
43915,35.35
43916,29.98
43917,30.05
43918,30.09
43919,37.95
43920,33.1
43921,32.28
43922,31.18
43923,30.1
43924,29.96
43925,29.88
43926,30.38
43927,31.15
43928,32.09
43929,31.18
43930,31.6
43931,31.55
43932,31.22
43933,30.93
43934,30.67
43935,30.79
43936,31.16
43937,31.53
43938,31.1
43939,30.42
43940,29.87
43941,29.61
43942,29.46
43943,26.68
43944,29.16
43945,29
43946,29.08
43947,27.72
43948,27.03
43949,27.62
43950,33.18
43951,34.21
43952,35.75
43953,32.52
43954,32.01
43955,31.23
43956,31.19
43957,31.08
43958,31.21
43959,31.3
43960,33.58
43961,34.05
43962,31.31
43963,30.95
43964,30.58
43965,30.28
43966,29.46
43967,29.07
43968,28.28
43969,28.34
43970,28.47
43971,28.11
43972,28.7
43973,28.8
43974,30.62
43975,37.6
43976,46.99
43977,47.07
43978,47.06
43979,46.98
43980,42.03
43981,42.37
43982,33.05
43983,30.84
43984,30.71
43985,30.54
43986,30.18
43987,29.46
43988,28.63
43989,27.98
43990,26.93
43991,24.21
43992,18.95
43993,4.96
43994,0.1
43995,0.11
43996,1.75
43997,20.74
43998,25.57
43999,26.99
44000,27.34
44001,27.92
44002,28.03
44003,28.02
44004,28
44005,27.98
44006,28.06
44007,28.44
44008,28.88
44009,39.07
44010,42.94
44011,36.12
44012,29.03
44013,29.75
44014,29.88
44015,27.93
44016,25.21
44017,25.34
44018,27.74
44019,32.11
44020,29
44021,28.1
44022,36.17
44023,46.5
44024,47.85
44025,45.68
44026,43.61
44027,40
44028,36.17
44029,32.64
44030,31.43
44031,31.1
44032,32.59
44033,42.85
44034,40.72
44035,28.33
44036,27.64
44037,27.55
44038,26.9
44039,26.41
44040,26.07
44041,26.01
44042,25.81
44043,25.89
44044,26.2
44045,26.95
44046,28.95
44047,43.29
44048,47.4
44049,40.63
44050,36.26
44051,32.05
44052,28.64
44053,28.45
44054,28.23
44055,28.85
44056,35.55
44057,43.92
44058,45.61
44059,30.01
44060,27.6
44061,35.58
44062,36.34
44063,26.07
44064,35.01
44065,34
44066,26.15
44067,25.75
44068,25.41
44069,25.32
44070,25.46
44071,25.41
44072,25.67
44073,25.93
44074,25.85
44075,25.54
44076,25.19
44077,25.01
44078,24.87
44079,25.17
44080,25.55
44081,25.65
44082,25.42
44083,24.78
44084,24.11
44085,23.16
44086,21.33
44087,19.31
44088,20.11
44089,19.37
44090,18.36
44091,18.34
44092,18.16
44093,18.66
44094,17.39
44095,18.22
44096,22.1
44097,23.93
44098,24.23
44099,24.84
44100,24.45
44101,24.41
44102,24.94
44103,25.27
44104,25.69
44105,26.5
44106,26.68
44107,26.16
44108,25.62
44109,25.53
44110,25.48
44111,24.94
44112,21.82
44113,23.98
44114,25.23
44115,24.85
44116,25.01
44117,26.48
44118,29.68
44119,40.97
44120,47.7
44121,48.32
44122,47.72
44123,46.07
44124,45.87
44125,44.58
44126,43.36
44127,39.9
44128,37.71
44129,40.74
44130,27.98
44131,27.39
44132,26.48
44133,26.04
44134,25.34
44135,23.4
44136,22.59
44137,16.5
44138,8.89
44139,1.52
44140,1.58
44141,14.13
44142,25.23
44143,27.13
44144,25.84
44145,25.79
44146,25.74
44147,25.63
44148,25.51
44149,25.6
44150,25.76
44151,26.2
44152,26.55
44153,26.88
44154,26.45
44155,25.9
44156,25.12
44157,23.82
44158,22.3
44159,12.4
44160,16.14
44161,5.06
44162,0.11
44163,1.77
44164,7.13
44165,17.86
44166,25.18
44167,25.79
44168,25.48
44169,25.51
44170,25.34
44171,24.98
44172,25.05
44173,25.12
44174,25.24
44175,25.94
44176,26.63
44177,26.89
44178,26.42
44179,25.7
44180,25.13
44181,24.85
44182,23.97
44183,22.55
44184,21.58
44185,21.32
44186,21.65
44187,22.18
44188,22.99
44189,23.72
44190,24.47
44191,25
44192,25.38
44193,25.33
44194,25.27
44195,25.18
44196,25.07
44197,25.09
44198,25.18
44199,25.36
44200,25.86
44201,34.61
44202,25.59
44203,25.14
44204,24.74
44205,24.51
44206,24.04
44207,23.13
44208,22.92
44209,22.61
44210,22.19
44211,22.39
44212,23.26
44213,23.61
44214,24.25
44215,24.76
44216,25.04
44217,25.04
44218,25.09
44219,25.1
44220,25.09
44221,25.1
44222,25.11
44223,25.23
44224,25.62
44225,40.62
44226,42.09
44227,35.52
44228,34.17
44229,24.7
44230,24.48
44231,24.06
44232,22.15
44233,23.02
44234,22.24
44235,22.61
44236,22.57
44237,22.51
44238,22.31
44239,22.74
44240,23.18
44241,23.58
44242,23.85
44243,23.76
44244,23.62
44245,23.47
44246,23.52
44247,23.84
44248,24.07
44249,24.34
44250,24.13
44251,23.82
44252,23.39
44253,23.14
44254,23.13
44255,22.66
44256,22.29
44257,21.91
44258,21.69
44259,21.53
44260,21.61
44261,21.9
44262,22.15
44263,22.1
44264,22.38
44265,22.65
44266,23.01
44267,23.08
44268,23.06
44269,23.05
44270,22.91
44271,23.29
44272,31.02
44273,39.39
44274,44.24
44275,39.88
44276,39.73
44277,35.86
44278,29.55
44279,28.62
44280,22.84
44281,22.53
44282,22.4
44283,22.28
44284,22.68
44285,25.5
44286,22.79
44287,26.09
44288,29.63
44289,23.91
44290,23.76
44291,23.88
44292,23.54
44293,23.47
44294,23.4
44295,23.41
44296,23.7
44297,23.76
44298,23.41
44299,22.91
44300,22.48
44301,21.28
44302,20.64
44303,17.92
44304,17.93
44305,17.88
44306,17.67
44307,17.75
44308,19.4
44309,19.66
44310,20.78
44311,21.7
44312,22.05
44313,21.97
44314,21.94
44315,21.88
44316,21.99
44317,21.97
44318,22
44319,22.12
44320,22.72
44321,23.11
44322,22.84
44323,22
44324,21.14
44325,20.89
44326,20.25
44327,19.19
44328,20.04
44329,19.87
44330,19.56
44331,19.45
44332,19.43
44333,19.99
44334,20.59
44335,21.42
44336,21.67
44337,21.71
44338,21.82
44339,21.72
44340,21.71
44341,21.74
44342,21.94
44343,22.47
44344,23.82
44345,35.7
44346,39.13
44347,35.49
44348,35.49
44349,34.09
44350,21.71
44351,21.37
44352,20.76
44353,20.57
44354,20.45
44355,20.47
44356,20.88
44357,20.88
44358,21.18
44359,22.87
44360,26
44361,22.7
44362,21.91
44363,21.03
44364,20.73
44365,20.57
44366,20.59
44367,20.55
44368,20.93
44369,21
44370,20.6
44371,20.41
44372,20.04
44373,19.79
44374,18.47
44375,16.94
44376,16.71
44377,16.95
44378,16.64
44379,16.81
44380,17.96
44381,19.04
44382,19.93
44383,20.91
44384,21.44
44385,21.4
44386,21.4
44387,21.11
44388,20.87
44389,20.75
44390,20.59
44391,20.63
44392,21.15
44393,21.82
44394,21.46
44395,20.88
44396,20.05
44397,19.58
44398,19.12
44399,18.6
44400,19.31
44401,19.31
44402,19.28
44403,19.3
44404,19.47
44405,19.8
44406,20.07
44407,20.25
44408,20.72
44409,43.34
44410,44.93
44411,22.88
44412,21.24
44413,21.03
44414,21
44415,21.14
44416,26.28
44417,33.06
44418,23.94
44419,20.99
44420,20.79
44421,20.55
44422,20.36
44423,19.97
44424,19.22
44425,18.94
44426,18.6
44427,18.35
44428,18.8
44429,18.72
44430,18.84
44431,19.22
44432,19.54
44433,19.95
44434,20.28
44435,20.38
44436,20.4
44437,20.44
44438,20.52
44439,20.8
44440,21.16
44441,21.33
44442,21.25
44443,21.04
44444,20.66
44445,20.29
44446,20.07
44447,19.84
44448,19.54
44449,19.36
44450,19.25
44451,19.35
44452,19.76
44453,20.05
44454,20.71
44455,21.16
44456,21.31
44457,21.29
44458,21.31
44459,21.3
44460,21.31
44461,21.31
44462,21.38
44463,21.62
44464,22.48
44465,26.76
44466,23.02
44467,21.59
44468,21.15
44469,21.05
44470,20.64
44471,20.3
44472,20.13
44473,20.1
44474,20.1
44475,20.15
44476,20.36
44477,20.6
44478,21.21
44479,34.5
44480,38.53
44481,34.51
44482,34.35
44483,32.46
44484,33.98
44485,30
44486,28
44487,27.91
44488,29.68
44489,39.83
44490,39.02
44491,22.46
44492,21.45
44493,21.1
44494,20.49
44495,20.08
44496,19.95
44497,19.58
44498,19.16
44499,19.61
44500,19.97
44501,20.29
44502,21.01
44503,21.52
44504,21.89
44505,21.75
44506,21.72
44507,21.69
44508,21.49
44509,21.44
44510,21.43
44511,21.48
44512,21.82
44513,22.11
44514,21.86
44515,21.59
44516,21.3
44517,21.11
44518,20.61
44519,20.03
44520,19.77
44521,19.66
44522,19.68
44523,19.76
44524,19.91
44525,20.61
44526,21.18
44527,22.03
44528,22.43
44529,22.33
44530,22.45
44531,22.41
44532,22.39
44533,22.32
44534,22.22
44535,22.33
44536,22.47
44537,24.25
44538,22.16
44539,21.34
44540,21.02
44541,20.74
44542,20.27
44543,19.56
44544,-0.04
44545,0.02
44546,-0.02
44547,-0.03
44548,0.01
44549,13.04
44550,19.22
44551,19.74
44552,19.86
44553,19.87
44554,19.91
44555,19.81
44556,19.68
44557,19.61
44558,19.55
44559,19.55
44560,19.82
44561,19.96
44562,19.82
44563,19.58
44564,19.09
44565,18.71
44566,18.3
44567,17.09
44568,0.07
44569,0.02
44570,-0.7
44571,-1.94
44572,-1.67
44573,-2.4
44574,0.04
44575,8.52
44576,14.1
44577,14.7
44578,14.74
44579,14.47
44580,14.07
44581,14.45
44582,13.18
44583,11.11
44584,13.07
44585,16.79
44586,16.97
44587,15.99
44588,0.42
44589,-0.8
44590,0
44591,-11.16
44592,-4.97
44593,-9.99
44594,-11.02
44595,-11.07
44596,-5.98
44597,-5.21
44598,-4.96
44599,0.09
44600,13.06
44601,24.5
44602,17.01
44603,17.01
44604,16.96
44605,16.94
44606,16.99
44607,17.41
44608,28.08
44609,38.41
44610,40.05
44611,36.93
44612,27.05
44613,21.99
44614,23.87
44615,17.38
44616,15.92
44617,15.55
44618,14.38
44619,9.32
44620,13.26
44621,14.03
44622,27.06
44623,36.49
44624,39.97
44625,39.26
44626,35.52
44627,32.97
44628,29.08
44629,28.38
44630,28.73
44631,27.62
44632,32.47
44633,37.62
44634,37.08
44635,23.81
44636,19.95
44637,19.27
44638,18.72
44639,17.98
44640,17.7
44641,17.41
44642,16.24
44643,12.96
44644,13.42
44645,15.88
44646,24.88
44647,29.7
44648,34.17
44649,33.48
44650,29.9
44651,29.03
44652,27.07
44653,26.43
44654,27.02
44655,29.05
44656,31.42
44657,39.92
44658,41.3
44659,40.92
44660,32.82
44661,30.13
44662,30.36
44663,26.94
44664,16.29
44665,16.08
44666,16.03
44667,16.11
44668,16.55
44669,16.92
44670,24.91
44671,33.51
44672,40.03
44673,34.15
44674,25
44675,17.95
44676,17.7
44677,17.51
44678,17.38
44679,17.34
44680,17.5
44681,17.61
44682,17.43
44683,17.07
44684,16.5
44685,16.27
44686,15.74
44687,14.96
44688,14.71
44689,14.6
44690,14.52
44691,14.7
44692,15.13
44693,15.88
44694,16.48
44695,17.24
44696,17.99
44697,18.09
44698,18.12
44699,17.92
44700,17.74
44701,17.52
44702,17.58
44703,17.92
44704,28.11
44705,44.85
44706,45.71
44707,28.39
44708,33.38
44709,37.98
44710,37.66
44711,33.58
44712,33.32
44713,32.18
44714,28.1
44715,25
44716,25
44717,26.35
44718,40.68
44719,47.87
44720,56.96
44721,47
44722,41.81
44723,38.52
44724,37.16
44725,34.43
44726,32.53
44727,31.84
44728,37.52
44729,40.42
44730,39.93
44731,35.31
44732,15.64
44733,15.42
44734,14.92
44735,14.67
44736,13.85
44737,13.66
44738,13.39
44739,13.2
44740,13.11
44741,13.06
44742,13.14
44743,13.31
44744,13.68
44745,13.93
44746,14.02
44747,14.06
44748,13.98
44749,13.92
44750,13.96
44751,14.06
44752,14.39
44753,15.49
44754,30.62
44755,15.46
44756,13.6
44757,13.36
44758,12.98
44759,12.15
44760,12.81
44761,12.41
44762,11.99
44763,9.18
44764,7.54
44765,4.24
44766,3.85
44767,5.06
44768,1.72
44769,0.07
44770,0.5
44771,10.09
44772,10.07
44773,9.98
44774,8.44
44775,8.35
44776,9.93
44777,11.76
44778,11.97
44779,8.6
44780,4.09
44781,0.07
44782,0.02
44783,0.02
44784,-2.58
44785,-2.68
44786,-2.66
44787,-2.66
44788,-0.75
44789,0.01
44790,0.41
44791,14.11
44792,18.08
44793,13.2
44794,12.54
44795,12.57
44796,12.01
44797,11.99
44798,11.98
44799,12.24
44800,12.77
44801,13.99
44802,13.93
44803,13.37
44804,13.11
44805,12.47
44806,11.97
44807,4.86
44808,10.96
44809,4.83
44810,0.11
44811,0.09
44812,0.09
44813,1.39
44814,11.68
44815,14.95
44816,14.18
44817,13.24
44818,13.11
44819,13
44820,12.85
44821,12.77
44822,13
44823,12.94
44824,13.67
44825,14.12
44826,14.06
44827,13.73
44828,12.94
44829,12.22
44830,12.04
44831,7.1
44832,3.12
44833,0.88
44834,0.07
44835,0.08
44836,5.29
44837,12.94
44838,13.5
44839,14.39
44840,14.19
44841,14.13
44842,14.32
44843,13.93
44844,13.69
44845,13.68
44846,13.54
44847,13.56
44848,13.71
44849,14.02
44850,13.95
44851,13.8
44852,13.61
44853,13.42
44854,12.99
44855,12.71
44856,12.8
44857,12.82
44858,12.81
44859,12.86
44860,12.96
44861,13.19
44862,13.92
44863,38.58
44864,51.47
44865,47.22
44866,40.5
44867,38.13
44868,36.85
44869,35.6
44870,35.73
44871,36.02
44872,37.76
44873,43
44874,53.03
44875,44.83
44876,40.95
44877,38
44878,36.89
44879,31.57
44880,27.36
44881,26.44
44882,23.3
44883,24.43
44884,25.58
44885,26.64
44886,38.3
44887,44.86
44888,56.74
44889,49.39
44890,43.93
44891,41.44
44892,39.28
44893,36.37
44894,36.09
44895,36.18
44896,38.3
44897,41.48
44898,42.56
44899,19.79
44900,13.61
44901,13.03
44902,12.64
44903,12.6
44904,11.72
44905,11.47
44906,11.25
44907,11.11
44908,11.19
44909,11.45
44910,11.46
44911,11.75
44912,12.02
44913,12.34
44914,12.52
44915,12.53
44916,12.46
44917,12.39
44918,12.36
44919,12.4
44920,12.54
44921,12.79
44922,12.53
44923,14.91
44924,8.27
44925,1.58
44926,3.97
44927,0.02
44928,0.06
44929,0.08
44930,0.06
44931,0.04
44932,-4.25
44933,-2.7
44934,0.07
44935,0.49
44936,5.48
44937,6.43
44938,9.27
44939,9.54
44940,8.24
44941,0.59
44942,0.53
44943,0.11
44944,0.11
44945,4.46
44946,1.54
44947,0.44
44948,0.1
44949,0.09
44950,0.74
44951,0.07
44952,0.02
44953,0.01
44954,0
44955,-0.03
44956,-0.35
44957,-0.08
44958,20.74
44959,11.6
44960,11.93
44961,11.81
44962,11.76
44963,11.6
44964,11.5
44965,11.46
44966,11.48
44967,11.45
44968,11.57
44969,12.26
44970,12.25
44971,11.56
44972,11.27
44973,11.12
44974,10.84
44975,9.78
44976,9.74
44977,9.67
44978,9
44979,8.58
44980,8.94
44981,10.17
44982,10.87
44983,17.11
44984,24.15
44985,11.51
44986,11.24
44987,10.91
44988,10.46
44989,10.47
44990,11.07
44991,11.18
44992,11.44
44993,25.42
44994,37.94
44995,24.59
44996,16
44997,11.52
44998,11.25
44999,10.94
45000,10.25
45001,10.21
45002,10.33
45003,10.91
45004,11.25
45005,11.98
45006,29.62
45007,36.53
45008,38.98
45009,38.99
45010,37
45011,34
45012,27.69
45013,25.68
45014,25.09
45015,26.85
45016,32.75
45017,36.93
45018,44.65
45019,43.38
45020,36.94
45021,33.91
45022,31.33
45023,24.94
45024,12.72
45025,11.93
45026,11.68
45027,11.39
45028,11.3
45029,13.05
45030,33.82
45031,37.51
45032,37.91
45033,36.97
45034,33.58
45035,33.67
45036,21.5
45037,10.69
45038,10.52
45039,10.32
45040,10.26
45041,10.84
45042,10.62
45043,10.12
45044,9.77
45045,9.3
45046,8.8
45047,8.03
45048,8.28
45049,7.6
45050,7.37
45051,7.94
45052,8.47
45053,8.78
45054,9.54
45055,17.68
45056,21.98
45057,14.84
45058,10.97
45059,10.51
45060,9.72
45061,9.4
45062,9.14
45063,8.98
45064,9.02
45065,9.43
45066,9.5
45067,9.04
45068,8.74
45069,8.51
45070,8.11
45071,7.08
45072,8.02
45073,0.12
45074,0.1
45075,0
45076,0.01
45077,-0.33
45078,-7.99
45079,-0.94
45080,-0.02
45081,-0.57
45082,-4.07
45083,-5.68
45084,-5.1
45085,-9.25
45086,-8.6
45087,-4.01
45088,0.52
45089,0.98
45090,8.76
45091,5.01
45092,0.06
45093,0.02
45094,0.04
45095,0.01
45096,-2.44
45097,-2.67
45098,-2.62
45099,-2.63
45100,-2.42
45101,-0.07
45102,-1.57
45103,0
45104,0.87
45105,14.14
45106,9.2
45107,8.89
45108,8.88
45109,8.91
45110,8.83
45111,8.71
45112,8.51
45113,10
45114,10.62
45115,10.04
45116,8.6
45117,8.34
45118,8.93
45119,8.18
45120,-0.08
45121,0.09
45122,1.28
45123,5.38
45124,18.44
45125,10.41
45126,27.04
45127,43
45128,47.53
45129,45.71
45130,44.38
45131,44.05
45132,41.27
45133,40.04
45134,38.41
45135,35.98
45136,32.07
45137,31
45138,36.1
45139,35.08
45140,28.62
45141,21.68
45142,15.99
45143,10.48
45144,9.92
45145,8.22
45146,7.09
45147,7.03
45148,9.52
45149,11.53
45150,14.89
45151,24.63
45152,31.91
45153,29.95
45154,20.05
45155,19.89
45156,15.28
45157,14.81
45158,13.87
45159,13.52
45160,13.44
45161,23.28
45162,23.72
45163,14.53
45164,13.54
45165,13.78
45166,13.23
45167,12.32
45168,13.22
45169,13.05
45170,12.94
45171,13.01
45172,13.33
45173,14.24
45174,30.5
45175,36.34
45176,37.64
45177,37.01
45178,34.02
45179,33.13
45180,32.1
45181,30.45
45182,28.14
45183,30.17
45184,32.97
45185,37.72
45186,38.46
45187,42.17
45188,36.71
45189,33.83
45190,32.08
45191,28.2
45192,31.57
45193,28.54
45194,27.04
45195,25.17
45196,25.45
45197,28.81
45198,36.8
45199,42.28
45200,44.42
45201,42.41
45202,40.15
45203,40.05
45204,38.82
45205,39.81
45206,43.71
45207,45.19
45208,45.71
45209,51.52
45210,59.98
45211,48.06
45212,39.13
45213,35.68
45214,33.77
45215,28.54
45216,28.83
45217,24.8
45218,24.73
45219,24.2
45220,24.2
45221,24.54
45222,34.9
45223,40.74
45224,43.88
45225,40.12
45226,37.81
45227,31.72
45228,25.91
45229,25.38
45230,25.18
45231,24.71
45232,32.65
45233,36.95
45234,38.04
45235,34.49
45236,27.1
45237,26.41
45238,24.44
45239,22.2
45240,0.4
45241,3.11
45242,9.42
45243,9.49
45244,9.39
45245,8.67
45246,10.18
45247,11.56
45248,12.99
45249,14.01
45250,12.36
45251,9.97
45252,6.71
45253,9.25
45254,9.28
45255,9.32
45256,5.22
45257,12.25
45258,13.92
45259,12.78
45260,8.06
45261,7.38
45262,10.41
45263,9.51
45264,0.06
45265,0.09
45266,0.08
45267,0.07
45268,0.06
45269,0.06
45270,0.07
45271,0.08
45272,0.1
45273,0.12
45274,0.13
45275,0.1
45276,0.09
45277,0.1
45278,0.09
45279,0.03
45280,15.11
45281,22.73
45282,14.22
45283,13.09
45284,12.59
45285,11.99
45286,11.89
45287,11.49
45288,10.28
45289,10.76
45290,10.96
45291,11.24
45292,11.98
45293,13.88
45294,30.91
45295,37
45296,39.92
45297,36.94
45298,36.71
45299,37.03
45300,35.13
45301,35.35
45302,34.74
45303,36.79
45304,38.93
45305,41.09
45306,49.5
45307,43.92
45308,37.75
45309,33.54
45310,30.88
45311,28.97
45312,26.04
45313,25.04
45314,24.53
45315,24.1
45316,24.45
45317,28.5
45318,35.68
45319,42.3
45320,45.6
45321,41.68
45322,37.97
45323,34.83
45324,31.82
45325,33.96
45326,35.93
45327,37.66
45328,39.84
45329,41.73
45330,55.98
45331,56.9
45332,40.93
45333,38.19
45334,35.03
45335,31.29
45336,30.1
45337,28.1
45338,27.08
45339,26.8
45340,26.8
45341,30.05
45342,36.51
45343,47.2
45344,54.75
45345,50.32
45346,44.23
45347,41.09
45348,37.9
45349,35.97
45350,35
45351,35.88
45352,39.5
45353,48.49
45354,64.7
45355,63.34
45356,43.58
45357,37.53
45358,33.92
45359,31.82
45360,30.24
45361,29.08
45362,28.35
45363,28.62
45364,29.51
45365,31.55
45366,37.91
45367,45.61
45368,54.64
45369,49.78
45370,42.09
45371,40.99
45372,41.97
45373,40.51
45374,37.94
45375,36.75
45376,37.03
45377,38.91
45378,36.9
45379,35.82
45380,30.24
45381,27.85
45382,26.9
45383,25.3
45384,24.55
45385,22.96
45386,18.46
45387,15.59
45388,15.53
45389,16.02
45390,28.8
45391,33.41
45392,35.9
45393,35.1
45394,34.68
45395,35.16
45396,31.29
45397,18.4
45398,14.91
45399,15.97
45400,19.93
45401,34.16
45402,37.3
45403,33.36
45404,32.07
45405,31.71
45406,30.5
45407,28.54
45408,31.01
45409,25.5
45410,24.51
45411,24.03
45412,24.47
45413,24.41
45414,26.25
45415,30.4
45416,33.58
45417,35
45418,30.4
45419,28.1
45420,26.08
45421,25.06
45422,24.94
45423,25
45424,29.54
45425,35.79
45426,38.65
45427,39.95
45428,35
45429,27.17
45430,18.45
45431,11.99
45432,9.91
45433,9.63
45434,9.47
45435,9.02
45436,8.66
45437,8.72
45438,8.67
45439,9.21
45440,9.43
45441,9.38
45442,9.58
45443,9.4
45444,8.93
45445,8.43
45446,8.77
45447,9.56
45448,9.73
45449,10.04
45450,10.59
45451,10.55
45452,10.1
45453,24.06
45454,23.91
45455,21.57
45456,8.74
45457,25
45458,25.09
45459,24.77
45460,24.47
45461,25.3
45462,37.1
45463,46.99
45464,50.27
45465,45.65
45466,40.44
45467,40.35
45468,36.88
45469,35.49
45470,33.75
45471,35.86
45472,38.35
45473,45.23
45474,54.16
45475,58.98
45476,40.5
45477,35.98
45478,34.97
45479,26.68
45480,18.44
45481,9.19
45482,8.96
45483,9.26
45484,9.93
45485,9.86
45486,11.82
45487,28.3
45488,18.06
45489,13.27
45490,13.41
45491,12.71
45492,11.95
45493,11.53
45494,11.13
45495,11.19
45496,11.03
45497,11.63
45498,11.59
45499,11.14
45500,10.59
45501,11.79
45502,9.03
45503,4.93
45504,0.07
45505,0.07
45506,0.1
45507,0.13
45508,5.58
45509,8.82
45510,15.74
45511,14.69
45512,10.93
45513,10.58
45514,10.33
45515,9.92
45516,9.36
45517,9.28
45518,9.22
45519,9.34
45520,9.49
45521,10.18
45522,10.83
45523,10.57
45524,10.08
45525,9.4
45526,8.97
45527,8.82
45528,7.37
45529,1.79
45530,0.06
45531,0.01
45532,-0.39
45533,0.13
45534,10.64
45535,19.98
45536,18.05
45537,9.18
45538,-0.01
45539,0.05
45540,0.03
45541,0.56
45542,0.08
45543,12.73
45544,20.96
45545,8.97
45546,9.14
45547,9.04
45548,8.84
45549,8.6
45550,8.31
45551,7.5
45552,7.59
45553,6.99
45554,2.48
45555,2.95
45556,2.58
45557,7.96
45558,21.83
45559,24.94
45560,13.99
45561,4.02
45562,0.09
45563,10.69
45564,4.08
45565,0.12
45566,0.01
45567,4.68
45568,21.37
45569,14.97
45570,19.52
45571,19.52
45572,9.63
45573,9.53
45574,17.53
45575,30.08
45576,34.29
45577,32.04
45578,31.43
45579,28.88
45580,26
45581,24.78
45582,31.16
45583,28.34
45584,34.83
45585,34.94
45586,29.13
45587,26.96
45588,25.39
45589,23.81
45590,22.08
45591,14.81
45592,21.69
45593,33.99
45594,37.17
45595,34
45596,8.45
45597,8.13
45598,7.86
45599,7.53
45600,7.65
45601,7.24
45602,6.69
45603,5.98
45604,5.97
45605,4.34
45606,4.34
45607,0.05
45608,0.08
45609,0.06
45610,0.06
45611,0.06
45612,0.05
45613,0.05
45614,0.05
45615,0
45616,0.07
45617,13.13
45618,17.11
45619,8.21
45620,7.93
45621,7.69
45622,7.33
45623,6.66
45624,6.66
45625,6.57
45626,6.69
45627,6.92
45628,7.32
45629,7.89
45630,8.72
45631,17.34
45632,34.54
45633,31.36
45634,28
45635,25.88
45636,24.83
45637,25
45638,25.23
45639,27.1
45640,30.77
45641,37.25
45642,54.93
45643,60.56
45644,43.1
45645,33.52
45646,34
45647,30.24
45648,25.54
45649,13.04
45650,7.13
45651,7.04
45652,7.07
45653,7.3
45654,29.75
45655,35.17
45656,34.39
45657,30.62
45658,22.4
45659,19.48
45660,11.58
45661,10.07
45662,9.93
45663,10.04
45664,10.95
45665,29.32
45666,35.47
45667,31.09
45668,14.06
45669,7.49
45670,7.1
45671,6.46
45672,6.01
45673,5.64
45674,5.28
45675,5.23
45676,5.68
45677,6.32
45678,7.21
45679,7.84
45680,8.77
45681,10.26
45682,16.27
45683,13.27
45684,8.95
45685,8.98
45686,8.69
45687,8.68
45688,8.8
45689,32.02
45690,36.66
45691,35.53
45692,27.07
45693,20.07
45694,9.92
45695,7.05
45696,6.54
45697,6.29
45698,6.26
45699,8.01
45700,15.08
45701,26
45702,30.01
45703,33.98
45704,32.06
45705,28.75
45706,25.04
45707,24.33
45708,17.57
45709,8.47
45710,6.99
45711,7.02
45712,10.93
45713,32.09
45714,38.7
45715,35.51
45716,23.21
45717,14.2
45718,7.3
45719,6.99
45720,19.9
45721,17.62
45722,11.46
45723,18.6
45724,19
45725,25.25
45726,27.4
45727,33.79
45728,33.88
45729,28.08
45730,25.99
45731,25.36
45732,17.62
45733,8.17
45734,7.87
45735,7.7
45736,7.74
45737,25.02
45738,28.63
45739,28.23
45740,24.46
45741,8.8
45742,9.04
45743,9.43
45744,18.23
45745,13.97
45746,11.16
45747,9.43
45748,8.94
45749,9.5
45750,7.74
45751,10.8
45752,15.05
45753,8.64
45754,7.51
45755,7.18
45756,7.13
45757,6.72
45758,3.8
45759,5.7
45760,8.3
45761,15.01
45762,20
45763,20.12
45764,15.34
45765,9.29
45766,11.29
45767,10.79
45768,7.51
45769,7.51
45770,7.24
45771,6.25
45772,6.09
45773,6.24
45774,6.06
45775,5.82
45776,6.17
45777,6.22
45778,5.96
45779,5.84
45780,5.73
45781,5.61
45782,5.56
45783,-3.16
45784,0.02
45785,11.04
45786,19.78
45787,22.93
45788,19.45
45789,14.36
45790,12.58
45791,7.17
45792,6.98
45793,6.77
45794,6.77
45795,6.95
45796,7.16
45797,11.79
45798,20
45799,23.99
45800,20.08
45801,15.84
45802,10.66
45803,10.7
45804,7.89
45805,10.92
45806,12.07
45807,12.01
45808,17.4
45809,25.65
45810,30.32
45811,30.94
45812,17.55
45813,7.61
45814,7.16
45815,6.75
45816,6.16
45817,5.94
45818,5.79
45819,5.86
45820,6.15
45821,6.64
45822,7.32
45823,7.95
45824,7.95
45825,7.6
45826,7.31
45827,7.08
45828,6.95
45829,6.84
45830,6.84
45831,6.87
45832,7
45833,18.57
45834,28.53
45835,25.02
45836,7.39
45837,7
45838,6.54
45839,5.97
45840,5.77
45841,5.51
45842,5.31
45843,5.47
45844,5.75
45845,6.1
45846,6.69
45847,8.59
45848,21.82
45849,15.05
45850,8.24
45851,7.57
45852,6.81
45853,19.05
45854,18.7
45855,17.57
45856,19.96
45857,26.55
45858,34.88
45859,34.48
45860,28.09
45861,24.51
45862,24.02
45863,21.18
45864,19.68
45865,18.39
45866,19.1
45867,18.39
45868,18.32
45869,19.8
45870,22.2
45871,25.53
45872,25
45873,21.32
45874,19.11
45875,18.16
45876,17.67
45877,15.32
45878,16.82
45879,18.19
45880,18.9
45881,27.29
45882,33.87
45883,34.64
45884,30.09
45885,26.27
45886,25.5
45887,23.94
45888,21.26
45889,19
45890,18.54
45891,18.25
45892,18.5
45893,20.6
45894,24.65
45895,26.95
45896,25.91
45897,22.67
45898,19.98
45899,18.47
45900,18.5
45901,16
45902,15.64
45903,17.44
45904,18.08
45905,21.8
45906,26.72
45907,30
45908,24.94
45909,23.19
45910,24.91
45911,25.16
45912,21.93
45913,21.09
45914,21.67
45915,19.38
45916,18.8
45917,18.44
45918,18.96
45919,5.64
45920,5.98
45921,5.9
45922,7.5
45923,6.51
45924,5.12
45925,1
45926,-0.72
45927,0.02
45928,5.59
45929,13.9
45930,5.82
45931,5.76
45932,5.45
45933,5.2
45934,5.06
45935,4.91
45936,4.54
45937,4.44
45938,4.47
45939,
45940,
45941,0.08
45942,0.96
45943,2.59
45944,2.93
45945,-0.03
45946,-0.08
45947,-1.13
45948,-10.87
45949,-6.33
45950,-4.91
45951,-5.98
45952,0.08
45953,7.81
45954,16.99
45955,17.9
45956,17.45
45957,20.14
45958,20.59
45959,5.52
45960,8.51
45961,15.94
45962,8.41
45963,8.49
45964,19.82
45965,24.94
45966,31.44
45967,30.94
45968,26.11
45969,22.4
45970,21.09
45971,21.09
45972,19.12
45973,17.07
45974,15.8
45975,15.26
45976,21
45977,27.94
45978,38.93
45979,35.7
45980,28.6
45981,27.01
45982,24.38
45983,23.39
45984,19.69
45985,19.91
45986,19.59
45987,19.01
45988,23.95
45989,30.97
45990,42.3
45991,35.11
45992,25.75
45993,23.94
45994,19.67
45995,20
45996,17.58
45997,15.2
45998,4.92
45999,4.89
46000,4.94
46001,7.36
46002,5.04
46003,5.11
46004,5.01
46005,4.83
46006,4.57
46007,4.25
46008,4.27
46009,4.31
46010,4.41
46011,4.53
46012,4.72
46013,4.96
46014,16.32
46015,26.64
46016,18.07
46017,6.98
46018,5.97
46019,6.27
46020,5.77
46021,5.39
46022,5.09
46023,4.98
46024,4.99
46025,5.18
46026,5.27
46027,5.12
46028,4.95
46029,4.75
46030,4.52
46031,4.23
46032,4.15
46033,4.15
46034,4.24
46035,4.38
46036,4.56
46037,4.8
46038,5.24
46039,5.09
46040,4.96
46041,4.85
46042,4.72
46043,4.66
46044,4.61
46045,4.53
46046,4.51
46047,4.52
46048,4.56
46049,4.58
46050,4.62
46051,4.64
46052,4.57
46053,4.45
46054,4.19
46055,3.41
46056,3.34
46057,3.32
46058,3.36
46059,3.45
46060,3.72
46061,4.02
46062,4.37
46063,4.5
46064,4.41
46065,4.3
46066,4.21
46067,4.13
46068,4.07
46069,3.99
46070,3.91
46071,3.99
46072,4.14
46073,4.32
46074,4.48
46075,4.92
46076,11.07
46077,15.01
46078,15.02
46079,25.1
46080,22.99
46081,21.1
46082,20.1
46083,19.8
46084,19.6
46085,21.79
46086,22.9
46087,21.91
46088,19
46089,14.98
46090,13.06
46091,14.28
46092,10.82
46093,10
46094,9.88
46095,15.33
46096,20.53
46097,26.28
46098,35.91
46099,31.8
46100,23.56
46101,21.54
46102,17.07
46103,17.99
46104,11.4
46105,9.82
46106,4.59
46107,4.65
46108,4.75
46109,5.03
46110,5.5
46111,8.05
46112,5.77
46113,4.55
46114,1.36
46115,0.05
46116,-0.02
46117,-3.98
46118,-18.86
46119,-4.95
46120,4.48
46121,16.51
46122,19.9
46123,18.48
46124,5.18
46125,4.57
46126,4.33
46127,4.13
46128,3.99
46129,4.04
46130,3.7
46131,3.66
46132,4.37
46133,4.73
46134,20.99
46135,21.11
46136,18.28
46137,14.19
46138,5.37
46139,4.95
46140,4.61
46141,4.43
46142,4.36
46143,4.33
46144,16.78
46145,29.4
46146,41.18
46147,43.07
46148,29.9
46149,28.37
46150,24.17
46151,20.05
46152,19.94
46153,20.5
46154,5.71
46155,6.98
46156,23.53
46157,31.44
46158,34.26
46159,31.32
46160,23.66
46161,18.92
46162,17.81
46163,17.55
46164,13.52
46165,12.89
46166,15.15
46167,15.47
46168,22.66
46169,31.42
46170,40.1
46171,37.31
46172,27.4
46173,23.84
46174,19.05
46175,21.17
46176,20.53
46177,19.34
46178,19.47
46179,19.62
46180,22.4
46181,28.07
46182,29.7
46183,29.08
46184,25.91
46185,21.5
46186,21.1
46187,18.88
46188,17.75
46189,17.3
46190,19.1
46191,20.85
46192,24.72
46193,33.62
46194,46.6
46195,47.76
46196,39.03
46197,31.41
46198,26.96
46199,22.66
46200,21.3
46201,6.72
46202,4.17
46203,10.05
46204,22.31
46205,26.7
46206,29.7
46207,29.53
46208,19.53
46209,7.44
46210,4.72
46211,4.64
46212,4.57
46213,4.5
46214,4.44
46215,4.49
46216,4.68
46217,9.97
46218,30.92
46219,31.43
46220,30
46221,27.92
46222,25
46223,25.11
46224,24.1
46225,21.04
46226,23.43
46227,25.11
46228,26.2
46229,27.06
46230,28.57
46231,28
46232,24.58
46233,18.04
46234,17.06
46235,13.97
46236,10.55
46237,9.16
46238,10.03
46239,14
46240,24.54
46241,27
46242,31.43
46243,34.83
46244,31.57
46245,29.44
46246,24.93
46247,24.19
46248,21.84
46249,20.1
46250,21.11
46251,23.01
46252,24.72
46253,24.92
46254,25.16
46255,25.04
46256,20.82
46257,14.3
46258,11.59
46259,12.33
46260,8.6
46261,5.1
46262,7.28
46263,14.01
46264,19.5
46265,28.63
46266,25.82
46267,5.03
46268,4.93
46269,4.75
46270,4.6
46271,4.4
46272,4.23
46273,4.11
46274,4.12
46275,14.06
46276,15.02
46277,15.74
46278,16
46279,14.06
46280,9.99
46281,5.18
46282,4.93
46283,4.98
46284,1.84
46285,0
46286,0.17
46287,3
46288,4.14
46289,6.3
46290,4.1
46291,4.21
46292,4.3
46293,3.82
46294,3.43
46295,2.9
46296,0.07
46297,1.72
46298,0.77
46299,0.02
46300,-0.09
46301,-2.35
46302,-5
46303,-5.91
46304,-3.97
46305,-5.09
46306,-15.02
46307,-25
46308,-33.59
46309,-48.2
46310,-55.77
46311,-30.04
46312,-7.26
46313,-1.77
46314,11.21
46315,9.76
46316,6.45
46317,4.38
46318,4.13
46319,3.79
46320,4.11
46321,3.9
46322,3.96
46323,4.6
46324,15.88
46325,25.24
46326,32.74
46327,31.14
46328,23.68
46329,21.8
46330,19.33
46331,16.72
46332,15.73
46333,4.86
46334,4.79
46335,4.76
46336,4.81
46337,4.86
46338,4.88
46339,4.87
46340,4.78
46341,4.62
46342,4.37
46343,4.03
46344,3.77
46345,3.62
46346,3.62
46347,3.83
46348,4.18
46349,4.74
46350,5.21
46351,7.74
46352,5.27
46353,5.04
46354,4.9
46355,4.81
46356,4.7
46357,4.46
46358,4.56
46359,4.56
46360,4.65
46361,4.73
46362,4.74
46363,4.73
46364,4.65
46365,4.42
46366,4
46367,3.4
46368,3.21
46369,3.14
46370,3.16
46371,3.33
46372,3.74
46373,4.53
46374,13.24
46375,29.27
46376,22.15
46377,15.1
46378,4.96
46379,4.91
46380,4.89
46381,4.85
46382,4.78
46383,4.83
46384,19.9
46385,28
46386,35
46387,38.1
46388,32.37
46389,26.24
46390,20.09
46391,21.67
46392,21.11
46393,20.14
46394,21.3
46395,21.3
46396,23.78
46397,32.93
46398,47.84
46399,44.81
46400,26.41
46401,24.9
46402,23.87
46403,20.44
46404,18.07
46405,18.54
46406,21.87
46407,21.75
46408,25.15
46409,36.76
46410,48.75
46411,39.45
46412,32.38
46413,24.78
46414,20.76
46415,22.1
46416,20
46417,18.59
46418,17.94
46419,17.98
46420,18.45
46421,21.14
46422,23.24
46423,23.87
46424,24.33
46425,17.3
46426,16.63
46427,16.8
46428,12.84
46429,12.32
46430,12.77
46431,15.05
46432,24.13
46433,25.99
46434,29.42
46435,28.66
46436,23.81
46437,21.16
46438,18.38
46439,16.51
46440,13.71
46441,12.12
46442,9.3
46443,10.98
46444,11.31
46445,11.66
46446,11.15
46447,14.01
46448,12.47
46449,10.88
46450,8.39
46451,9.21
46452,0.03
46453,-4.59
46454,-2
46455,-2.07
46456,4.99
46457,11.2
46458,15.42
46459,15.59
46460,12.73
46461,12.34
46462,10.19
46463,4.43
46464,4.38
46465,3.72
46466,0.7
46467,0.05
46468,4.78
46469,18
46470,22.82
46471,28.2
46472,19.79
46473,11.72
46474,5.59
46475,4.8
46476,4.58
46477,4.5
46478,-0.31
46479,-1
46480,4.01
46481,16.38
46482,17.81
46483,18.38
46484,14.05
46485,10.28
46486,4.85
46487,4.65
46488,4.31
46489,3.94
46490,4.06
46491,3.93
46492,4.73
46493,10
46494,16.13
46495,16.52
46496,10.32
46497,5.47
46498,0.08
46499,2.55
46500,4.02
46501,0.08
46502,0.04
46503,-0.09
46504,4.61
46505,5.53
46506,10.99
46507,10.99
46508,11.17
46509,7.6
46510,8.31
46511,4.39
46512,4.12
46513,3.73
46514,4.42
46515,4.57
46516,6
46517,14.92
46518,30.67
46519,33.52
46520,10.57
46521,6.77
46522,6.1
46523,5.05
46524,4.86
46525,4.53
46526,1.82
46527,4.07
46528,8.59
46529,18.05
46530,24.57
46531,25.54
46532,22.19
46533,20.01
46534,19
46535,20.1
46536,19.58
46537,18.17
46538,19.46
46539,20.11
46540,22.34
46541,33.7
46542,42.03
46543,38.48
46544,23.72
46545,18.18
46546,17.4
46547,16.95
46548,16.63
46549,14.95
46550,14.97
46551,18.11
46552,25.07
46553,34.51
46554,42.4
46555,42.4
46556,38.57
46557,34.43
46558,28.6
46559,23.3
46560,19.08
46561,10.98
46562,10.71
46563,19.03
46564,21.47
46565,26.6
46566,35.52
46567,30.77
46568,21.84
46569,20
46570,18.45
46571,11.98
46572,5.2
46573,5.12
46574,4.92
46575,4.8
46576,4.8
46577,4.86
46578,4.91
46579,21.06
46580,21.98
46581,22.45
46582,17.42
46583,4.77
46584,4.73
46585,4.7
46586,9.34
46587,14.13
46588,14.03
46589,14.88
46590,15.09
46591,18.7
46592,16.63
46593,16.03
46594,16.3
46595,15.08
46596,12.25
46597,7.76
46598,7.99
46599,10.07
46600,16.62
46601,23.51
46602,26.7
46603,32
46604,29.77
46605,25.69
46606,22.11
46607,21.7
46608,19.35
46609,20.23
46610,20.1
46611,21.7
46612,20.82
46613,18.08
46614,17.43
46615,15.63
46616,15.01
46617,13
46618,14.38
46619,15
46620,11.9
46621,5.56
46622,6.93
46623,12.42
46624,15.75
46625,23.65
46626,26.97
46627,30.78
46628,27.49
46629,25.97
46630,23.76
46631,20.34
46632,16.8
46633,16.82
46634,15.78
46635,16.32
46636,18.32
46637,21.48
46638,28
46639,25.9
46640,21.99
46641,21.17
46642,20.64
46643,21.92
46644,20.39
46645,19.85
46646,18.42
46647,18.4
46648,24.92
46649,32.96
46650,48.31
46651,45.56
46652,38.56
46653,32.1
46654,24.54
46655,19.9
46656,19.06
46657,18.2
46658,18.2
46659,19.07
46660,19.93
46661,25.94
46662,27.94
46663,28.72
46664,27.95
46665,26.16
46666,25.83
46667,24.93
46668,24.06
46669,24.89
46670,24.85
46671,24.81
46672,27.18
46673,28.74
46674,31.28
46675,29.99
46676,27.44
46677,24.09
46678,21.03
46679,19.04
46680,17.32
46681,16.76
46682,16.77
46683,17.61
46684,20.37
46685,24.28
46686,27.09
46687,30.57
46688,30.24
46689,27.98
46690,26
46691,23.49
46692,19.08
46693,18
46694,17.7
46695,18.43
46696,21.59
46697,25.26
46698,28.07
46699,29.37
46700,26.78
46701,11.92
46702,7.66
46703,7.53
46704,7.44
46705,7.3
46706,7.23
46707,7.24
46708,7.74
46709,9
46710,18.7
46711,23.9
46712,22.56
46713,20.8
46714,20.06
46715,12.96
46716,9.25
46717,7.93
46718,9.69
46719,13.65
46720,22.57
46721,25.85
46722,34.74
46723,34.66
46724,27.85
46725,21.38
46726,13.64
46727,5.5
46728,5.35
46729,3.82
46730,2.63
46731,4.5
46732,4.7
46733,4.47
46734,4.79
46735,5.14
46736,5.28
46737,5.3
46738,5.28
46739,5.2
46740,5.16
46741,5.19
46742,3.25
46743,1.95
46744,7.88
46745,18.99
46746,23.5
46747,28.43
46748,26.88
46749,20.91
46750,16
46751,12.2
46752,10
46753,10
46754,8
46755,8
46756,8
46757,7.2
46758,8
46759,10.3
46760,10.55
46761,10.7
46762,11.28
46763,10.01
46764,7.35
46765,5.65
46766,5.25
46767,5.66
46768,8.5
46769,17.93
46770,25.51
46771,28.04
46772,26.37
46773,24.38
46774,20.32
46775,18
46776,8.11
46777,7.75
46778,7.87
46779,7.75
46780,7.75
46781,7.86
46782,8.41
46783,10
46784,9.4
46785,9.7
46786,10
46787,8.55
46788,7.06
46789,5.84
46790,5.57
46791,7.04
46792,7.49
46793,12.67
46794,19.33
46795,26.09
46796,28.96
46797,11.96
46798,7.18
46799,7.13
46800,6.89
46801,6.78
46802,6.85
46803,7.13
46804,13.22
46805,30.48
46806,37.63
46807,32.57
46808,31.71
46809,25
46810,16
46811,21.94
46812,15
46813,18.43
46814,15.02
46815,13.35
46816,21.37
46817,23.39
46818,27.05
46819,28.03
46820,25.58
46821,22.51
46822,19.89
46823,17.99
46824,16.62
46825,16.98
46826,17.78
46827,17.8
46828,19.62
46829,22.15
46830,27.61
46831,26.06
46832,22.35
46833,19.92
46834,21.02
46835,20.27
46836,19.1
46837,17.16
46838,16.12
46839,17.31
46840,20.42
46841,24.1
46842,27.58
46843,30.42
46844,27.34
46845,25.34
46846,23.24
46847,16.8
46848,19.9
46849,19.54
46850,16
46851,15.07
46852,7.49
46853,14.27
46854,28.81
46855,26.91
46856,24.22
46857,21.16
46858,17.96
46859,10.21
46860,7.02
46861,6.75
46862,6.54
46863,6.35
46864,6.5
46865,6.49
46866,6.68
46867,6.77
46868,7.02
46869,6.63
46870,6.1
46871,6.24
46872,6.08
46873,6.12
46874,6.38
46875,8.44
46876,16
46877,19.2
46878,25.03
46879,24.98
46880,21.54
46881,19.7
46882,19.06
46883,17.06
46884,15.41
46885,15.2
46886,15.2
46887,15.28
46888,19
46889,20
46890,24.9
46891,27.42
46892,32.5
46893,23.87
46894,23.62
46895,23.18
46896,19.1
46897,16
46898,15.68
46899,15.42
46900,19.8
46901,25.54
46902,28.43
46903,25.74
46904,22.48
46905,17.86
46906,8.4
46907,8.03
46908,7.72
46909,7.48
46910,7.31
46911,7.3
46912,21.79
46913,25.6
46914,31.62
46915,35
46916,28.78
46917,28.87
46918,24.9
46919,21.51
46920,20.72
46921,20.89
46922,20.73
46923,21.36
46924,21.18
46925,21.11
46926,21.11
46927,21.06
46928,20.24
46929,18.79
46930,18.7
46931,14.9
46932,16.93
46933,14.7
46934,14.75
46935,14.83
46936,21.11
46937,26.97
46938,36.61
46939,33.99
46940,28.28
46941,26.41
46942,22.93
46943,20.7
46944,19.41
46945,19.1
46946,18.29
46947,16.43
46948,16
46949,14.36
46950,12.39
46951,13.54
46952,13.71
46953,12.64
46954,12.46
46955,11.72
46956,6
46957,2.36
46958,0.93
46959,2.97
46960,6.23
46961,12.1
46962,8.07
46963,8.14
46964,8.28
46965,8.16
46966,7.87
46967,5.79
46968,2.02
46969,0.13
46970,-0.01
46971,0.02
46972,3.74
46973,17.03
46974,16.97
46975,24.95
46976,22.5
46977,18.19
46978,17.19
46979,16.46
46980,12.86
46981,8.71
46982,7.72
46983,8.07
46984,13.89
46985,18.33
46986,22
46987,22.24
46988,23.97
46989,21.85
46990,20.01
46991,4.17
46992,8.79
46993,8.83
46994,8.93
46995,9.13
46996,10.79
46997,22.83
46998,33.36
46999,26.62
47000,24
47001,19.02
47002,12.91
47003,11.25
47004,10.46
47005,9.96
47006,9.45
47007,9
47008,9.65
47009,9.88
47010,9.97
47011,11.32
47012,10.88
47013,9.73
47014,8.79
47015,23.92
47016,22.05
47017,20.46
47018,19.82
47019,20.16
47020,22.58
47021,32.09
47022,43.68
47023,43.09
47024,35.8
47025,35.79
47026,34
47027,32.44
47028,30.49
47029,28.8
47030,28.72
47031,28.33
47032,34.88
47033,34.73
47034,34.88
47035,33.5
47036,29.87
47037,23.91
47038,20.06
47039,18.15
47040,17.91
47041,16.75
47042,16.36
47043,17.41
47044,17.93
47045,22.44
47046,29.25
47047,29.48
47048,27.44
47049,23.53
47050,23
47051,21.32
47052,19.5
47053,14.68
47054,13.79
47055,13.26
47056,13.39
47057,13.42
47058,13.52
47059,13.72
47060,13.92
47061,13.55
47062,12.01
47063,12.22
47064,11.88
47065,11.6
47066,11.95
47067,11.84
47068,12.51
47069,16.93
47070,26.87
47071,24.33
47072,15.11
47073,14.51
47074,13.91
47075,12.7
47076,11.98
47077,11.35
47078,11.04
47079,10.87
47080,11.14
47081,12.64
47082,12.68
47083,12.79
47084,13.41
47085,13.04
47086,11.91
47087,10.53
47088,9.76
47089,9.12
47090,9.04
47091,8.73
47092,8.76
47093,8.67
47094,8.55
47095,9.85
47096,10.17
47097,10.08
47098,9.84
47099,9.33
47100,8.82
47101,8.47
47102,8.33
47103,8.52
47104,9.11
47105,9.84
47106,10.03
47107,10.05
47108,10.09
47109,10.15
47110,9.55
47111,9.78
47112,9.03
47113,8.47
47114,8.36
47115,8.08
47116,8.06
47117,8.52
47118,11.9
47119,11.61
47120,8.08
47121,1.97
47122,0.08
47123,0.96
47124,-5.19
47125,-15.04
47126,-14.9
47127,-2.06
47128,6.41
47129,16.05
47130,20.51
47131,13.09
47132,13.23
47133,12.86
47134,12.14
47135,12.83
47136,12.8
47137,14.01
47138,12.95
47139,13.94
47140,14.29
47141,19.7
47142,27.94
47143,29.91
47144,22.96
47145,18.91
47146,16.9
47147,15.36
47148,14.04
47149,13.26
47150,12.85
47151,13.44
47152,19.07
47153,22.47
47154,25.7
47155,29.71
47156,25.08
47157,23.99
47158,21.04
47159,17.05
47160,16.13
47161,16.16
47162,15.66
47163,16.52
47164,18.01
47165,21.07
47166,24.99
47167,27.14
47168,22.96
47169,20.07
47170,20.13
47171,19.31
47172,18.19
47173,17.71
47174,17.82
47175,19.03
47176,20.94
47177,27.98
47178,36.8
47179,37.06
47180,35
47181,29.07
47182,23.18
47183,21.24
47184,19.56
47185,16.06
47186,16.1
47187,20.07
47188,23.25
47189,34.95
47190,56.69
47191,57
47192,34.31
47193,28.72
47194,30.55
47195,28.09
47196,23.43
47197,22.93
47198,23.06
47199,23.24
47200,25.63
47201,33.97
47202,43.48
47203,41.17
47204,41.15
47205,35.42
47206,22.94
47207,21.37
47208,20.01
47209,17.29
47210,16.74
47211,16.84
47212,16.18
47213,17.85
47214,19.77
47215,19.56
47216,16.12
47217,14.82
47218,14.92
47219,14.81
47220,13.29
47221,12.14
47222,13.9
47223,15.47
47224,18
47225,22.09
47226,29.66
47227,38.1
47228,29.52
47229,24.12
47230,22.78
47231,20
47232,17.03
47233,15.5
47234,14.02
47235,13
47236,14.5
47237,17.06
47238,18.44
47239,19.99
47240,18.87
47241,15.34
47242,12.06
47243,10.58
47244,9.79
47245,8.06
47246,7.53
47247,7.03
47248,7.09
47249,7.28
47250,7.13
47251,6.86
47252,6.87
47253,22.81
47254,20.47
47255,14.01
47256,11.48
47257,10.87
47258,8.72
47259,9.37
47260,9.5
47261,12.37
47262,4.08
47263,5.02
47264,6.77
47265,9.1
47266,4.4
47267,0.12
47268,4.64
47269,0.01
47270,-0.94
47271,-0.38
47272,0.1
47273,8.01
47274,8.16
47275,5.03
47276,5.05
47277,4.98
47278,4.06
47279,0.03
47280,-2.44
47281,-8.77
47282,-13.76
47283,-6.78
47284,-6.83
47285,-11.63
47286,-12.18
47287,-6.87
47288,-5
47289,-4
47290,-3.06
47291,-3.38
47292,-4.11
47293,-6.31
47294,-7.92
47295,-7.72
47296,-9.08
47297,1.54
47298,8.03
47299,14
47300,5.64
47301,5.63
47302,5.1
47303,4.07
47304,3.91
47305,4.01
47306,6.79
47307,7.73
47308,9.99
47309,15.95
47310,21.09
47311,22.06
47312,20.92
47313,20
47314,20.94
47315,17.5
47316,15.47
47317,14.38
47318,14
47319,15.75
47320,18.9
47321,23.53
47322,26.08
47323,38.32
47324,34.35
47325,26.25
47326,23.19
47327,21.1
47328,22.63
47329,21.41
47330,21.49
47331,22.65
47332,22.72
47333,34.94
47334,40.05
47335,50.82
47336,47.71
47337,39.94
47338,36.02
47339,21
47340,19.75
47341,19.98
47342,20.91
47343,21
47344,24.2
47345,31.29
47346,47.9
47347,50.15
47348,35.95
47349,31.51
47350,24.15
47351,23.15
47352,21.68
47353,21.4
47354,21.92
47355,21.99
47356,22.54
47357,26.05
47358,31.94
47359,26.85
47360,24.1
47361,21.16
47362,21.89
47363,20.08
47364,16.03
47365,10.33
47366,9.83
47367,8.71
47368,8.73
47369,22
47370,24.52
47371,24
47372,23.11
47373,22.65
47374,20.02
47375,18.09
47376,16.03
47377,15.45
47378,15.66
47379,15.57
47380,17.51
47381,22.94
47382,25.55
47383,25.16
47384,22.99
47385,20.15
47386,18.95
47387,18
47388,17.03
47389,16.9
47390,16.19
47391,15.48
47392,19.99
47393,22.99
47394,26.15
47395,26.11
47396,27.16
47397,25.05
47398,22.39
47399,19.42
47400,18.88
47401,18.22
47402,19.07
47403,19.43
47404,22.36
47405,27.92
47406,37.2
47407,30.92
47408,24.4
47409,22.35
47410,20.68
47411,19.91
47412,19.04
47413,16.15
47414,17.3
47415,18.1
47416,22.85
47417,25.68
47418,26.49
47419,25.79
47420,25.97
47421,24.16
47422,22.32
47423,18.27
47424,15.55
47425,15.06
47426,15
47427,14.55
47428,15
47429,14.4
47430,15.04
47431,13
47432,12
47433,9.33
47434,7.17
47435,9.44
47436,4.8
47437,2.61
47438,2.17
47439,4.61
47440,9.06
47441,15.33
47442,17.58
47443,17.46
47444,18.28
47445,17.91
47446,17.26
47447,11.88
47448,11.6
47449,11.76
47450,11.09
47451,8.83
47452,7.15
47453,5.56
47454,6.12
47455,2.58
47456,2.7
47457,0.1
47458,1.05
47459,0.85
47460,0.01
47461,-0.87
47462,-2.75
47463,-5.65
47464,0.69
47465,4.98
47466,12.54
47467,12.57
47468,13.38
47469,12.59
47470,11.1
47471,8.15
47472,8.93
47473,9.8
47474,6.07
47475,4.07
47476,5.77
47477,7.31
47478,10.05
47479,10.96
47480,9.17
47481,4.01
47482,1.71
47483,3.04
47484,0.59
47485,1
47486,1.28
47487,1.41
47488,11.53
47489,16.57
47490,22
47491,23.05
47492,22.91
47493,23.37
47494,20.9
47495,18.08
47496,16.33
47497,14.99
47498,14.65
47499,15.92
47500,19.96
47501,29.37
47502,48.83
47503,56.55
47504,48.77
47505,39.14
47506,23.31
47507,20.91
47508,19.54
47509,19.02
47510,18.06
47511,20.09
47512,26.02
47513,41.7
47514,53.65
47515,60.75
47516,49.95
47517,37.92
47518,25.92
47519,25.54
47520,24
47521,22.72
47522,20.87
47523,20.24
47524,21.17
47525,31.82
47526,52.68
47527,52.5
47528,36.48
47529,28.72
47530,28
47531,27.23
47532,25.27
47533,25.58
47534,26.04
47535,25.78
47536,26.18
47537,29.68
47538,40.17
47539,40.1
47540,32.6
47541,27.91
47542,23.99
47543,22.17
47544,20.98
47545,19.61
47546,20.15
47547,20.36
47548,23.83
47549,28.13
47550,33.64
47551,43.97
47552,33.25
47553,31.82
47554,31.77
47555,30.5
47556,28.93
47557,26.13
47558,26
47559,25.7
47560,26.38
47561,28.2
47562,26.07
47563,25
47564,23.94
47565,22.69
47566,18.04
47567,8.22
47568,5.13
47569,4.41
47570,5.26
47571,15.61
47572,15.12
47573,17.31
47574,28.96
47575,37.07
47576,33.07
47577,28.4
47578,31.42
47579,26.43
47580,24
47581,22.5
47582,23.02
47583,23.6
47584,25.65
47585,27.91
47586,27.99
47587,27.03
47588,25.89
47589,25.89
47590,20.16
47591,7.69
47592,1.46
47593,1.32
47594,0.96
47595,1.44
47596,1.35
47597,0.08
47598,2.81
47599,5.79
47600,5.65
47601,4.22
47602,2.42
47603,0.06
47604,-0.69
47605,-3.46
47606,-1.71
47607,0.05
47608,9.78
47609,16.42
47610,21.23
47611,23.27
47612,22.98
47613,23.91
47614,19.96
47615,21.04
47616,17.21
47617,14.93
47618,12.63
47619,10.92
47620,10.96
47621,10.88
47622,14.04
47623,15.36
47624,16
47625,15.7
47626,16.06
47627,16.94
47628,13.37
47629,10.76
47630,10.64
47631,13.64
47632,17
47633,21.06
47634,25.36
47635,28.56
47636,29.14
47637,32.33
47638,28.91
47639,26
47640,22.7
47641,22.01
47642,21.36
47643,21.25
47644,23.03
47645,33.45
47646,42.15
47647,40.25
47648,34.76
47649,33.95
47650,35
47651,33
47652,31.93
47653,30.2
47654,29.28
47655,29.08
47656,33.31
47657,38.85
47658,38.65
47659,35.23
47660,34.6
47661,33.05
47662,30
47663,28.39
47664,25.79
47665,24.08
47666,23.67
47667,23.48
47668,25.27
47669,33.43
47670,43.85
47671,52.31
47672,42.46
47673,46.62
47674,46.68
47675,44.12
47676,39.11
47677,36.39
47678,33.49
47679,33.76
47680,41.61
47681,45.21
47682,48.07
47683,43.09
47684,37.47
47685,32.83
47686,29.06
47687,26.09
47688,24.2
47689,22.61
47690,21.49
47691,22.58
47692,24.15
47693,29.41
47694,35.5
47695,42.15
47696,41.06
47697,40.4
47698,35.81
47699,34.9
47700,34.14
47701,32.4
47702,31.3
47703,30.24
47704,31.87
47705,33.77
47706,34.91
47707,33.05
47708,31.5
47709,31.45
47710,27.77
47711,26.06
47712,22.75
47713,21.07
47714,19.43
47715,18.96
47716,18.96
47717,21.56
47718,26.06
47719,30
47720,28.96
47721,26.06
47722,25.51
47723,23.89
47724,21.99
47725,20.5
47726,19.1
47727,19.28
47728,23.07
47729,26.08
47730,30.65
47731,30.17
47732,27.09
47733,26.51
47734,23.81
47735,20.72
47736,17.96
47737,17.09
47738,12.44
47739,12.48
47740,13.74
47741,20.2
47742,24.9
47743,26.01
47744,23.23
47745,21.07
47746,20.5
47747,19.45
47748,15.2
47749,16.19
47750,16.14
47751,17.4
47752,20.06
47753,23.53
47754,27.51
47755,26.22
47756,24.7
47757,25.46
47758,20.78
47759,20.98
47760,19.44
47761,18.7
47762,18.8
47763,19
47764,18.9
47765,19.33
47766,19.86
47767,20
47768,19.1
47769,18.5
47770,18.11
47771,15
47772,14.9
47773,15.3
47774,15.84
47775,17.5
47776,18.5
47777,21.93
47778,24.87
47779,25.96
47780,24.42
47781,24.85
47782,23.06
47783,1.23
47784,0.98
47785,0.79
47786,0.5
47787,0.45
47788,0.8
47789,1.22
47790,1.66
47791,15
47792,6.7
47793,4.71
47794,4.53
47795,4.21
47796,3.94
47797,4.05
47798,14.49
47799,14.8
47800,17.7
47801,21.08
47802,23.8
47803,25.97
47804,25.87
47805,27.91
47806,23.17
47807,23.07
47808,20.65
47809,19.06
47810,18.02
47811,17.4
47812,21.36
47813,29.93
47814,35.28
47815,36.05
47816,35.89
47817,34.09
47818,34
47819,34.1
47820,33.15
47821,31.9
47822,31
47823,30.52
47824,33
47825,38
47826,43.52
47827,41.07
47828,35.91
47829,36.39
47830,31.92
47831,29.86
47832,26.59
47833,25.17
47834,24.79
47835,24.34
47836,25.1
47837,31.13
47838,38.39
47839,45.9
47840,41.39
47841,39.32
47842,40.31
47843,38.75
47844,34.97
47845,32.21
47846,30.86
47847,30.66
47848,33.73
47849,38.32
47850,42.91
47851,40.66
47852,37.66
47853,34.92
47854,30.94
47855,32.05
47856,30.38
47857,28.1
47858,26.92
47859,26.53
47860,28.76
47861,35.96
47862,51.93
47863,56.66
47864,54.33
47865,53.04
47866,58.03
47867,61.83
47868,52.13
47869,38.63
47870,34.42
47871,33.81
47872,40.06
47873,45.58
47874,47.33
47875,42.32
47876,39.71
47877,36.59
47878,31.7
47879,27.74
47880,25.26
47881,23.51
47882,22.82
47883,22.92
47884,24.31
47885,28.86
47886,38.19
47887,62.23
47888,62.64
47889,42.32
47890,42.15
47891,36.21
47892,34
47893,32.17
47894,31.81
47895,30.72
47896,33.1
47897,35
47898,36.99
47899,36.3
47900,35.57
47901,34.3
47902,29.98
47903,28.1
47904,24.45
47905,23.25
47906,22.28
47907,22.2
47908,23.07
47909,30.06
47910,35.33
47911,37.8
47912,36.08
47913,34.56
47914,33.33
47915,31.22
47916,28.4
47917,26.89
47918,25.29
47919,24.07
47920,28.64
47921,32.61
47922,34
47923,34.22
47924,34.13
47925,35
47926,31.5
47927,26.7
47928,24.73
47929,22.8
47930,21.63
47931,20.48
47932,20.04
47933,21.85
47934,22.94
47935,24.17
47936,23.67
47937,22.06
47938,21.5
47939,20.5
47940,17.9
47941,15.27
47942,15.68
47943,18.98
47944,23.67
47945,28.3
47946,30.87
47947,33
47948,34.77
47949,34.94
47950,31.58
47951,30.11
47952,25.07
47953,22.15
47954,20.26
47955,16.2
47956,12.53
47957,10.98
47958,11.25
47959,14
47960,13.68
47961,15.6
47962,17
47963,18.62
47964,13.08
47965,8.26
47966,8.4
47967,11.65
47968,20.84
47969,24.83
47970,29.61
47971,30.2
47972,30.84
47973,32.93
47974,29.9
47975,23.57
47976,21.88
47977,20.61
47978,21.04
47979,21.5
47980,23.04
47981,30.69
47982,35.41
47983,38.58
47984,34.5
47985,33.08
47986,31.66
47987,30.04
47988,24.67
47989,24.49
47990,23.62
47991,24.59
47992,31.41
47993,34.39
47994,36.74
47995,37.63
47996,37.39
47997,36.38
47998,33.01
47999,30
48000,27.12
48001,25.88
48002,24.4
48003,24.43
48004,27.04
48005,35.03
48006,37.44
48007,37.16
48008,34.9
48009,31.92
48010,30.24
48011,28.79
48012,28.23
48013,27.82
48014,28.65
48015,30
48016,33
48017,36.59
48018,44.51
48019,48.65
48020,41.29
48021,38.41
48022,34.3
48023,33.02
48024,31.37
48025,27.83
48026,26.76
48027,26.86
48028,28.53
48029,37.57
48030,47.7
48031,56.89
48032,57.68
48033,56.99
48034,38.14
48035,34.84
48036,50.17
48037,34.03
48038,32.72
48039,33.98
48040,46.89
48041,46.35
48042,48.27
48043,46.78
48044,40.24
48045,38.95
48046,33.98
48047,30.32
48048,27.54
48049,26.51
48050,25.75
48051,25.43
48052,27.1
48053,34.49
48054,68.26
48055,87.87
48056,46.29
48057,40.27
48058,36.5
48059,33.31
48060,31.38
48061,29.94
48062,29.87
48063,32.4
48064,37.06
48065,39.55
48066,44.13
48067,41.23
48068,40.24
48069,38
48070,33.43
48071,32.47
48072,28.12
48073,25.96
48074,25.59
48075,25.63
48076,26.8
48077,34.05
48078,38.94
48079,40.13
48080,39.19
48081,36.93
48082,34.64
48083,33.12
48084,32.79
48085,32.42
48086,32.18
48087,33.28
48088,36.45
48089,40.43
48090,46.8
48091,41.96
48092,39.9
48093,40.1
48094,37.4
48095,35.92
48096,30.68
48097,28.3
48098,27.48
48099,27.14
48100,26.82
48101,25.34
48102,27.72
48103,28.44
48104,28.22
48105,27.01
48106,25
48107,23.09
48108,21.56
48109,18.29
48110,17.52
48111,18.52
48112,23.05
48113,27.08
48114,30.52
48115,32.28
48116,32.96
48117,32.91
48118,28.09
48119,23.93
48120,21.03
48121,16.9
48122,14.26
48123,15.48
48124,13.02
48125,12.45
48126,12.6
48127,13.36
48128,12.48
48129,14.17
48130,15.9
48131,13.71
48132,1.42
48133,0.08
48134,0.54
48135,2.22
48136,16.9
48137,25.04
48138,29.83
48139,33.04
48140,35.07
48141,36
48142,31.14
48143,24.02
48144,19.77
48145,16.88
48146,17.4
48147,17.6
48148,19.88
48149,26.52
48150,35.54
48151,40.45
48152,38.81
48153,35.4
48154,34.03
48155,29.35
48156,22.63
48157,21.98
48158,21.02
48159,19.85
48160,22.84
48161,32.96
48162,34.95
48163,34.9
48164,34.63
48165,33.97
48166,17.9
48167,18.25
48168,10.05
48169,3.6
48170,3.34
48171,4.47
48172,16.5
48173,22.47
48174,30.33
48175,26.14
48176,17.1
48177,2.58
48178,0.39
48179,0.92
48180,-0.08
48181,0.06
48182,1.32
48183,1.44
48184,18.35
48185,18.3
48186,18.05
48187,15.53
48188,15.09
48189,12.6
48190,6.28
48191,0.95
48192,0.6
48193,0.46
48194,0.46
48195,13.43
48196,25.49
48197,33.75
48198,37.97
48199,39.99
48200,38.29
48201,37.06
48202,36.14
48203,28.4
48204,24.16
48205,25
48206,26.41
48207,27.17
48208,32.91
48209,37.37
48210,43.29
48211,40.8
48212,40.12
48213,40.25
48214,37.91
48215,34.53
48216,30.91
48217,28.38
48218,27.2
48219,27.9
48220,30.19
48221,38.96
48222,42.84
48223,47.3
48224,41.69
48225,42.14
48226,41.59
48227,39.47
48228,38.33
48229,35.94
48230,35.06
48231,33.92
48232,38.87
48233,46
48234,52.65
48235,47.91
48236,45.33
48237,46
48238,40.82
48239,40.46
48240,35
48241,32.57
48242,31.27
48243,29.9
48244,30.87
48245,39.99
48246,47.1
48247,49.95
48248,43.44
48249,38.95
48250,37.32
48251,34.05
48252,28.88
48253,25.73
48254,24.95
48255,20.3
48256,31
48257,37.21
48258,38.79
48259,36.94
48260,35.22
48261,34.25
48262,22.97
48263,2.15
48264,1.38
48265,1.21
48266,1.07
48267,0.94
48268,1.1
48269,1.4
48270,1.54
48271,2.65
48272,2.41
48273,1.47
48274,0.38
48275,0.02
48276,-2.73
48277,0.91
48278,0.29
48279,13.61
48280,21.95
48281,26.81
48282,28.03
48283,27.58
48284,26.73
48285,28
48286,24.91
48287,11.21
48288,2.19
48289,0.08
48290,-0.05
48291,-3.82
48292,-13.5
48293,-14.91
48294,-13.45
48295,-13.87
48296,-14.54
48297,-14.99
48298,-26.93
48299,-34.73
48300,-36.62
48301,-40.26
48302,-49.97
48303,-47
48304,-35.83
48305,-4.44
48306,1.31
48307,1.38
48308,1.36
48309,1.34
48310,1.21
48311,0.13
48312,0.05
48313,0
48314,0.01
48315,-0.09
48316,0.04
48317,0.69
48318,1.48
48319,3.06
48320,2.36
48321,1.49
48322,1.1
48323,1.25
48324,0.05
48325,-3.05
48326,-2.97
48327,-0.02
48328,1.23
48329,4.8
48330,5.07
48331,4.87
48332,3.62
48333,1.51
48334,1.17
48335,0.43
48336,0.09
48337,0.08
48338,0.07
48339,0.08
48340,0.93
48341,2.19
48342,9.26
48343,11.06
48344,12.04
48345,13.69
48346,14.11
48347,13.57
48348,13.8
48349,13.55
48350,13.02
48351,12.68
48352,25.31
48353,37.56
48354,39.8
48355,39.86
48356,40.1
48357,40.15
48358,37
48359,18.49
48360,15.03
48361,16.01
48362,19.48
48363,20.2
48364,30.3
48365,36.98
48366,43
48367,47
48368,46.2
48369,44.44
48370,44.71
48371,42.02
48372,41.09
48373,40.2
48374,39.99
48375,40.02
48376,45.05
48377,52.13
48378,55
48379,52.92
48380,45.93
48381,45.49
48382,39.8
48383,39.94
48384,35.41
48385,32.66
48386,29.83
48387,26.25
48388,26.03
48389,42.9
48390,51.96
48391,51.18
48392,47.94
48393,47.08
48394,47.56
48395,43.23
48396,42.53
48397,40.11
48398,39.84
48399,39.9
48400,41.78
48401,46.35
48402,51.7
48403,47.39
48404,46.22
48405,45
48406,41.91
48407,39
48408,34.62
48409,32.94
48410,31.1
48411,30.52
48412,32.05
48413,38.06
48414,41.01
48415,42.94
48416,42.54
48417,41.76
48418,39.95
48419,38.43
48420,35.41
48421,29.54
48422,22.93
48423,27.05
48424,34.9
48425,38.98
48426,40.79
48427,16.04
48428,14.52
48429,13.34
48430,10.07
48431,6.83
48432,7.06
48433,5.84
48434,3.02
48435,2.52
48436,2.89
48437,3.45
48438,10.01
48439,11.15
48440,12.67
48441,13.38
48442,12.97
48443,10.06
48444,1.89
48445,1.55
48446,1.54
48447,1.54
48448,6.71
48449,14.33
48450,14.39
48451,14.23
48452,14.32
48453,13.76
48454,12.53
48455,11.81
48456,10.39
48457,9.03
48458,3.58
48459,4.1
48460,6.74
48461,7.43
48462,10.11
48463,10.91
48464,12.19
48465,12.27
48466,12.56
48467,12.24
48468,10.53
48469,10.08
48470,9.91
48471,9.97
48472,10.79
48473,13.29
48474,14.87
48475,36.44
48476,36.84
48477,36.19
48478,23.14
48479,9.22
48480,9.92
48481,9.02
48482,8.12
48483,19.53
48484,26.51
48485,34.64
48486,39.47
48487,38.12
48488,37.68
48489,34.05
48490,32.6
48491,31.13
48492,31.18
48493,32.08
48494,31.96
48495,34
48496,37.41
48497,40.8
48498,45.56
48499,44.76
48500,41.01
48501,40.05
48502,36.4
48503,34.47
48504,29.79
48505,28.16
48506,27.74
48507,25.01
48508,26.96
48509,30.16
48510,39.81
48511,38.33
48512,36.59
48513,36.15
48514,36.52
48515,36.98
48516,36.97
48517,36.57
48518,36.57
48519,36.2
48520,38.69
48521,44.74
48522,45.97
48523,46.08
48524,41.98
48525,41.43
48526,37.02
48527,35.55
48528,30.22
48529,30
48530,28.73
48531,29.84
48532,34.29
48533,41.05
48534,48.91
48535,57.38
48536,47.9
48537,46.07
48538,50.95
48539,46.57
48540,43.78
48541,41.86
48542,42.1
48543,39.4
48544,41.71
48545,44.52
48546,47.3
48547,44.93
48548,47.91
48549,42.09
48550,37.97
48551,36.19
48552,32.5
48553,29.84
48554,28.52
48555,27.93
48556,32.29
48557,43.11
48558,50.9
48559,56.18
48560,58.04
48561,58.7
48562,53.87
48563,52.62
48564,44.41
48565,43.93
48566,44.03
48567,44.01
48568,48.92
48569,45.38
48570,48.39
48571,54.56
48572,48.43
48573,43.1
48574,38.98
48575,36.48
48576,31.85
48577,29.51
48578,28.68
48579,28.76
48580,32.55
48581,40.32
48582,42.74
48583,44.86
48584,42.72
48585,41.25
48586,41.38
48587,39.01
48588,37
48589,35.74
48590,34.55
48591,34.95
48592,38
48593,41.01
48594,42.01
48595,41.24
48596,40.31
48597,40.93
48598,36
48599,34.57
48600,30.54
48601,27.62
48602,26.63
48603,26
48604,25.75
48605,25.8
48606,26.5
48607,26.87
48608,26.73
48609,24.35
48610,21.42
48611,16.3
48612,16.3
48613,16.7
48614,21
48615,22.79
48616,28
48617,34.65
48618,37.95
48619,38.41
48620,38
48621,39.45
48622,37.52
48623,34
48624,28.36
48625,27
48626,25.4
48627,25.02
48628,25.06
48629,24.94
48630,25.4
48631,24.91
48632,24.93
48633,24.72
48634,23.49
48635,23.19
48636,21.13
48637,19.46
48638,20.89
48639,24.28
48640,26
48641,29.8
48642,36.15
48643,37.52
48644,37.95
48645,40.42
48646,36.69
48647,32.02
48648,27.57
48649,26.4
48650,26.01
48651,26
48652,27
48653,35.24
48654,38.29
48655,39
48656,38.2
48657,36.25
48658,27.87
48659,20.19
48660,18.83
48661,19.35
48662,9.87
48663,9.6
48664,10.05
48665,27.46
48666,41.52
48667,42.85
48668,41
48669,40.8
48670,28.04
48671,19.93
48672,9.54
48673,5.61
48674,5.03
48675,5.06
48676,26.15
48677,28.87
48678,38.13
48679,35.73
48680,33.46
48681,21.06
48682,17.2
48683,16.6
48684,13.97
48685,9.1
48686,8.83
48687,8.33
48688,10.44
48689,27.52
48690,41.71
48691,40.09
48692,40.19
48693,38.98
48694,25
48695,32.62
48696,28.3
48697,27.15
48698,25.99
48699,25.97
48700,26.66
48701,33.28
48702,38.74
48703,37.07
48704,35.55
48705,30.3
48706,26.65
48707,21.54
48708,21
48709,19.23
48710,22.77
48711,26.66
48712,37.9
48713,42.19
48714,44.64
48715,42.22
48716,41.96
48717,41.44
48718,35.9
48719,35.96
48720,28.77
48721,27.36
48722,22.63
48723,20
48724,30.05
48725,40.33
48726,45.89
48727,39.36
48728,37.67
48729,33.92
48730,30.97
48731,30.76
48732,28.55
48733,27.23
48734,28.97
48735,30.93
48736,38.19
48737,42.86
48738,45.23
48739,43.64
48740,42.09
48741,41.69
48742,36
48743,6.07
48744,21.96
48745,19.26
48746,10.04
48747,7.11
48748,7.2
48749,30.09
48750,36.14
48751,39.95
48752,39.29
48753,39.82
48754,32.72
48755,19.9
48756,16.8
48757,16.01
48758,16.14
48759,17.4
48760,24.24
48761,34.93
48762,36.85
48763,37.39
48764,37.04
48765,37.17
48766,34.65
48767,34.63
48768,30.56
48769,27.93
48770,26.03
48771,25
48772,25.04
48773,25.18
48774,26.3
48775,26.29
48776,23.95
48777,20.82
48778,20.18
48779,20.26
48780,17.44
48781,15.24
48782,16.5
48783,18.45
48784,25.01
48785,28.9
48786,31.58
48787,32.22
48788,31.41
48789,32.15
48790,21.45
48791,23.78
48792,21.6
48793,20.37
48794,17
48795,17.1
48796,16.5
48797,10.7
48798,10.82
48799,15.88
48800,17.4
48801,9.9
48802,2
48803,0.84
48804,-5.82
48805,-9.43
48806,-19.95
48807,-2.07
48808,6.77
48809,22.1
48810,23.05
48811,32.67
48812,35.52
48813,34.48
48814,25.85
48815,32.43
48816,26.59
48817,25.52
48818,24.05
48819,23.99
48820,26.56
48821,35.86
48822,37.45
48823,38.59
48824,37.81
48825,34.6
48826,30.48
48827,19.9
48828,17.1
48829,23.32
48830,25
48831,30.81
48832,36.44
48833,38.5
48834,39.36
48835,37.98
48836,33.72
48837,26.45
48838,16
48839,3.78
48840,3.35
48841,2.55
48842,2.25
48843,2.11
48844,2.33
48845,3.92
48846,25.03
48847,28.55
48848,18
48849,4.64
48850,4.61
48851,6.3
48852,0.04
48853,1.48
48854,3.74
48855,3.93
48856,4.62
48857,4.62
48858,4.63
48859,4.62
48860,4.63
48861,4.66
48862,3.98
48863,3.2
48864,2.57
48865,1.48
48866,1.34
48867,1.27
48868,1.46
48869,2.38
48870,2.98
48871,3.18
48872,2.94
48873,2.91
48874,2.32
48875,0.13
48876,0.07
48877,0.07
48878,0.08
48879,2.13
48880,1.33
48881,2.33
48882,2.32
48883,2.26
48884,2.47
48885,3.27
48886,2.65
48887,1.62
48888,1.45
48889,1.35
48890,0.93
48891,0.79
48892,1.43
48893,1.57
48894,2
48895,2.17
48896,1.79
48897,1.78
48898,1.7
48899,1.51
48900,1.5
48901,1.45
48902,1.42
48903,1.43
48904,1.68
48905,44.19
48906,50.5
48907,52.44
48908,46.08
48909,44.54
48910,34.41
48911,38.17
48912,33.9
48913,28.54
48914,20.62
48915,18.83
48916,18.98
48917,40.56
48918,43.69
48919,44.91
48920,41.65
48921,38.25
48922,32.7
48923,30.49
48924,29.49
48925,30.09
48926,31.95
48927,33.49
48928,42.66
48929,49.08
48930,54.4
48931,49.12
48932,46.15
48933,44.97
48934,38.27
48935,33.35
48936,24.6
48937,24.28
48938,20.23
48939,20.22
48940,23.42
48941,24.4
48942,27.59
48943,25.93
48944,24.4
48945,23.22
48946,16.7
48947,12.18
48948,14.8
48949,16.72
48950,17.86
48951,22.6
48952,32.62
48953,38.43
48954,38.78
48955,38.37
48956,37.78
48957,37.12
48958,32.52
48959,30.67
48960,27.82
48961,26.9
48962,25.25
48963,25.23
48964,25.09
48965,25.46
48966,26.09
48967,27.4
48968,27.62
48969,27.63
48970,28.01
48971,26.42
48972,24.76
48973,24.53
48974,24.16
48975,23.86
48976,25.56
48977,28.08
48978,33
48979,34.14
48980,35.49
48981,38.43
48982,34.89
48983,27.93
48984,26.19
48985,26.05
48986,25.06
48987,26.03
48988,27.93
48989,34.12
48990,39.97
48991,41
48992,42.65
48993,41.2
48994,41.16
48995,40.97
48996,39.9
48997,38.24
48998,37.18
48999,37.75
49000,39.67
49001,42.1
49002,45.45
49003,43.06
49004,41.7
49005,40.9
49006,35.05
49007,31.6
49008,28.02
49009,26.14
49010,23.66
49011,23.67
49012,28.35
49013,33
49014,46.97
49015,49.67
49016,46.45
49017,41.35
49018,40.33
49019,39.38
49020,36.98
49021,35.22
49022,34.81
49023,33.96
49024,37.77
49025,40.41
49026,41.32
49027,41.2
49028,41.16
49029,39.83
49030,32.2
49031,30.7
49032,23.44
49033,19.7
49034,19.64
49035,19.5
49036,22.85
49037,28.77
49038,32.46
49039,32.05
49040,20.68
49041,19
49042,18.2
49043,17.18
49044,17.99
49045,17.23
49046,20.03
49047,21.16
49048,30.75
49049,39.55
49050,43.04
49051,43.4
49052,42.43
49053,41.69
49054,36.71
49055,26.9
49056,21.96
49057,21.76
49058,22.46
49059,24.06
49060,27.06
49061,32
49062,36.96
49063,38.45
49064,37.55
49065,28.75
49066,26.63
49067,26.93
49068,26.62
49069,26.6
49070,27.41
49071,34.74
49072,39.69
49073,43.39
49074,53.96
49075,49.22
49076,43.39
49077,41.39
49078,36.86
49079,34.26
49080,31.01
49081,29.2
49082,27.81
49083,27.48
49084,30.66
49085,34.89
49086,39.09
49087,39.2
49088,39
49089,36.45
49090,33.37
49091,31.16
49092,30.59
49093,29.92
49094,31.49
49095,34.38
49096,40.11
49097,43.82
49098,50.11
49099,47.07
49100,44.4
49101,42.04
49102,35.99
49103,38
49104,32.8
49105,30.96
49106,29.52
49107,28.94
49108,29.5
49109,29.48
49110,31.7
49111,32.64
49112,33.11
49113,29.6
49114,27.59
49115,25.09
49116,24.02
49117,24.71
49118,27.38
49119,28.9
49120,33.2
49121,38.1
49122,40.7
49123,41.2
49124,40.09
49125,38.62
49126,33.08
49127,31.95
49128,29.16
49129,28
49130,26.17
49131,25.78
49132,25.8
49133,24.7
49134,24.4
49135,25.03
49136,24.64
49137,26.42
49138,25.37
49139,24.01
49140,23.41
49141,23.43
49142,23.93
49143,27.66
49144,29.46
49145,35
49146,39.9
49147,40.24
49148,38.99
49149,35.09
49150,26.27
49151,30.23
49152,28.7
49153,28.03
49154,26.1
49155,26.95
49156,29.13
49157,36.9
49158,41.2
49159,40.35
49160,41
49161,40.52
49162,38.83
49163,33.85
49164,32.78
49165,33.06
49166,36.82
49167,39.44
49168,42.21
49169,46.38
49170,52.74
49171,47.29
49172,43.4
49173,40.84
49174,30.74
49175,34.66
49176,33.12
49177,31.12
49178,29.78
49179,30.13
49180,32.33
49181,36.1
49182,40.53
49183,41.26
49184,41.54
49185,39.99
49186,35.22
49187,34.01
49188,32.96
49189,32.16
49190,32.22
49191,38.56
49192,41.55
49193,43.01
49194,46.49
49195,41.31
49196,39.98
49197,35.09
49198,28.02
49199,24.89
49200,23.75
49201,23.77
49202,24.68
49203,26.38
49204,30.44
49205,34.93
49206,39
49207,41.4
49208,41.28
49209,38.01
49210,34.44
49211,33.57
49212,33
49213,32.79
49214,35.07
49215,36.38
49216,41.71
49217,49.97
49218,56.4
49219,45.87
49220,41.6
49221,37.83
49222,31.17
49223,31.49
49224,29.16
49225,28.42
49226,28.08
49227,28.14
49228,31.47
49229,34.98
49230,39.98
49231,40.97
49232,42.79
49233,41.76
49234,40.65
49235,39.08
49236,38.28
49237,36.8
49238,37.98
49239,39.07
49240,42.62
49241,49.5
49242,53.39
49243,48.91
49244,44.29
49245,42.06
49246,36.19
49247,33.41
49248,32.24
49249,31.07
49250,30.18
49251,30.07
49252,32.1
49253,43.01
49254,51.58
49255,51.08
49256,51.98
49257,53.28
49258,51.63
49259,44.28
49260,39.17
49261,37.61
49262,37.01
49263,38.01
49264,39.94
49265,45.69
49266,46.08
49267,43
49268,42.06
49269,40
49270,35.35
49271,38.36
49272,33.9
49273,31.77
49274,30.31
49275,29.92
49276,29.06
49277,29
49278,29.1
49279,30.38
49280,31.39
49281,30.14
49282,29.91
49283,29.53
49284,28
49285,27.14
49286,26.07
49287,27.3
49288,29.11
49289,34.09
49290,36.98
49291,39.59
49292,39.93
49293,39.54
49294,34.14
49295,33.12
49296,29
49297,28
49298,26.5
49299,26.15
49300,25.7
49301,26
49302,25.95
49303,28
49304,28.36
49305,25.51
49306,24.11
49307,22.94
49308,21.91
49309,19.66
49310,20.9
49311,22.5
49312,28.11
49313,34
49314,36.98
49315,39.77
49316,40.21
49317,39.98
49318,35.07
49319,30.35
49320,28.72
49321,28.25
49322,27.75
49323,27.91
49324,30.13
49325,35.96
49326,41.44
49327,44.55
49328,44.75
49329,42.11
49330,41.91
49331,39.97
49332,38.67
49333,38.09
49334,39
49335,41
49336,45
49337,51.25
49338,61.93
49339,55.52
49340,51.1
49341,45
49342,38.74
49343,35.83
49344,33.4
49345,31.49
49346,29.92
49347,29.95
49348,33.31
49349,42.9
49350,50.92
49351,56.67
49352,49.22
49353,44.03
49354,41.21
49355,40.74
49356,37.79
49357,36.45
49358,36.01
49359,37.6
49360,43.68
49361,51.25
49362,58.05
49363,55.66
49364,52
49365,49.06
49366,40.29
49367,37.53
49368,33.91
49369,32.52
49370,30.48
49371,30.25
49372,33.43
49373,39.65
49374,46.9
49375,45.04
49376,42.16
49377,38.42
49378,34.98
49379,33.5
49380,33.46
49381,33.25
49382,33.32
49383,34.98
49384,42.04
49385,46.94
49386,53.58
49387,47.16
49388,41.26
49389,39.79
49390,32.93
49391,33.1
49392,28.6
49393,26.1
49394,25.01
49395,25.05
49396,28.03
49397,33.27
49398,38.19
49399,39.79
49400,40.49
49401,39.82
49402,38.08
49403,37.21
49404,34.62
49405,33.87
49406,35.96
49407,36.84
49408,43.34
49409,50.82
49410,63.37
49411,56.51
49412,47.68
49413,42.23
49414,36.58
49415,34.35
49416,28.45
49417,24.15
49418,23.12
49419,20.97
49420,23.09
49421,28.16
49422,35.68
49423,38.98
49424,38
49425,33.9
49426,25.97
49427,21.91
49428,20.6
49429,17.1
49430,13.86
49431,22.4
49432,33.9
49433,38.73
49434,41.2
49435,41.6
49436,41.83
49437,40.08
49438,36.91
49439,31.73
49440,26.4
49441,24.08
49442,21.42
49443,20.03
49444,14.03
49445,20.24
49446,25.17
49447,29.91
49448,20.16
49449,3.54
49450,3.5
49451,3.44
49452,3.4
49453,2.76
49454,3.16
49455,3.46
49456,3.71
49457,26.64
49458,30.27
49459,34.43
49460,35.07
49461,33.36
49462,27.4
49463,26.44
49464,23.82
49465,21.61
49466,19.08
49467,14.91
49468,11.84
49469,13.87
49470,19.2
49471,22.19
49472,17.09
49473,4.44
49474,0.6
49475,0.03
49476,-16.18
49477,-12.11
49478,-3.81
49479,0.09
49480,19.7
49481,28
49482,33.41
49483,37.32
49484,38.87
49485,38.07
49486,31.99
49487,28.73
49488,27.95
49489,27.14
49490,25.5
49491,25.5
49492,28.9
49493,39.79
49494,53.26
49495,53.13
49496,53.84
49497,47.1
49498,48
49499,44.01
49500,42.31
49501,42.1
49502,41.2
49503,41.92
49504,50.25
49505,55.87
49506,66.33
49507,70.16
49508,61.44
49509,54.9
49510,43.97
49511,42.16
49512,37.96
49513,34.48
49514,32.76
49515,32.68
49516,34.7
49517,46.9
49518,48.06
49519,53.66
49520,45.24
49521,43.07
49522,41.69
49523,40.07
49524,37.85
49525,35.6
49526,35.25
49527,35.65
49528,38.95
49529,40.99
49530,42.04
49531,38.03
49532,35.19
49533,22.2
49534,20.07
49535,3.96
49536,3.43
49537,2.78
49538,2.47
49539,2.94
49540,16.94
49541,31.09
49542,37.09
49543,37.81
49544,34.79
49545,37
49546,22.7
49547,27.4
49548,8.21
49549,6.63
49550,5.51
49551,0.49
49552,16.05
49553,29.46
49554,32
49555,32.32
49556,30.07
49557,27.49
49558,21.44
49559,19.78
49560,19.6
49561,20.97
49562,23.57
49563,25.86
49564,29.58
49565,42.93
49566,47.78
49567,51.92
49568,40.21
49569,38.41
49570,40.99
49571,43.04
49572,43.83
49573,45.01
49574,46.91
49575,47.87
49576,59.59
49577,70.39
49578,89.91
49579,90
49580,69
49581,57.9
49582,46.13
49583,39.9
49584,32.75
49585,30.7
49586,29.17
49587,30.43
49588,32.69
49589,40.83
49590,45.71
49591,47.9
49592,48.34
49593,46.49
49594,43.68
49595,37
49596,34.63
49597,36.37
49598,38.25
49599,38.25
49600,45.08
49601,47.98
49602,52.11
49603,50.35
49604,46.66
49605,42.36
49606,39.19
49607,36.82
49608,33.76
49609,30.74
49610,29.27
49611,28.31
49612,29
49613,29.6
49614,31.76
49615,35.94
49616,38.3
49617,36.84
49618,35.85
49619,30.99
49620,30.29
49621,30
49622,31.67
49623,34.71
49624,37
49625,43.98
49626,46.39
49627,46.91
49628,44.99
49629,43
49630,39.26
49631,38.2
49632,34.98
49633,32.08
49634,31.34
49635,30.74
49636,30.98
49637,30.59
49638,30.74
49639,31.97
49640,32.25
49641,32.39
49642,32.79
49643,31.99
49644,30.98
49645,29.97
49646,29.23
49647,29.98
49648,31.41
49649,35.18
49650,39.08
49651,42.7
49652,43.13
49653,41.97
49654,37
49655,29.76
49656,27.92
49657,28.89
49658,28.43
49659,29.41
49660,34.39
49661,45.24
49662,59.94
49663,67.25
49664,68.84
49665,66.53
49666,65.41
49667,62.76
49668,60
49669,57.48
49670,54.99
49671,58.95
49672,65.49
49673,71.6
49674,79.06
49675,72.66
49676,64.86
49677,52.02
49678,45
49679,39.2
49680,37.91
49681,35.93
49682,34.91
49683,35.89
49684,38.33
49685,48.08
49686,59
49687,65.26
49688,59.96
49689,55.36
49690,53.92
49691,50.86
49692,49.77
49693,47.12
49694,47
49695,48.58
49696,51.84
49697,60
49698,67.02
49699,65.93
49700,55.32
49701,46.95
49702,41.28
49703,41.67
49704,38.02
49705,36.35
49706,34.72
49707,35.7
49708,38.35
49709,50.13
49710,62.23
49711,71.11
49712,63.51
49713,54.51
49714,49.5
49715,44.93
49716,44.11
49717,43.96
49718,44.02
49719,46.46
49720,52.35
49721,60.4
49722,68.89
49723,66.05
49724,55.46
49725,49.34
49726,43.94
49727,44.55
49728,39.04
49729,36.22
49730,34.84
49731,35.43
49732,37.69
49733,49.5
49734,55.98
49735,58.52
49736,52.35
49737,48.17
49738,41.12
49739,30.95
49740,30.36
49741,30.47
49742,34.19
49743,31.11
49744,42.34
49745,47.49
49746,47.74
49747,46.41
49748,41.06
49749,30.84
49750,26.49
49751,26.18
49752,25.1
49753,25.48
49754,25.34
49755,28
49756,30.44
49757,39.97
49758,48.43
49759,51.67
49760,49.71
49761,42.03
49762,39.15
49763,36
49764,32.67
49765,31.09
49766,31.25
49767,36.48
49768,44.03
49769,47.95
49770,51.43
49771,51.61
49772,45.99
49773,42.79
49774,34.48
49775,39.57
49776,35.34
49777,30.98
49778,26.98
49779,26.96
49780,26.92
49781,26.69
49782,34.2
49783,38.3
49784,37.55
49785,31.48
49786,29.04
49787,27.38
49788,22.91
49789,15.3
49790,26.11
49791,29.31
49792,31.84
49793,37.29
49794,44.04
49795,46.84
49796,43.08
49797,38.94
49798,36.74
49799,34.04
49800,31
49801,30.45
49802,29.39
49803,29.39
49804,29.6
49805,30.8
49806,30.9
49807,30.8
49808,33.2
49809,32.19
49810,34.27
49811,34.1
49812,30.7
49813,30.28
49814,30.73
49815,32.34
49816,35.1
49817,42.01
49818,47.19
49819,49.44
49820,46.75
49821,43.88
49822,29.52
49823,31.78
49824,31.07
49825,30.9
49826,30.53
49827,30.58
49828,33.32
49829,47.13
49830,58.44
49831,65.05
49832,55.8
49833,47.97
49834,46.17
49835,42.36
49836,37.78
49837,36.4
49838,37.83
49839,39.21
49840,46.08
49841,54.78
49842,62.37
49843,57.61
49844,41.1
49845,26
49846,16.99
49847,11.41
49848,10.66
49849,9.66
49850,9.76
49851,10.9
49852,23.31
49853,26.95
49854,41.68
49855,44.14
49856,35.54
49857,31.65
49858,29.63
49859,27.7
49860,28
49861,27.13
49862,29.23
49863,30.64
49864,32.84
49865,49.68
49866,68.37
49867,66.29
49868,49.52
49869,43.16
49870,35.08
49871,32.03
49872,24.19
49873,27.75
49874,25.08
49875,25.62
49876,28.55
49877,31.92
49878,36.23
49879,40.94
49880,38.86
49881,33.08
49882,29.61
49883,29.09
49884,29.07
49885,29.21
49886,29.17
49887,30.41
49888,32.45
49889,32.28
49890,32.01
49891,32.07
49892,28.59
49893,23.87
49894,15
49895,10.58
49896,9.96
49897,9.71
49898,9.74
49899,10.46
49900,11.08
49901,25.83
49902,47.29
49903,59.26
49904,52.74
49905,48.5
49906,47.21
49907,46.08
49908,44.01
49909,41.43
49910,44.54
49911,48.08
49912,55.74
49913,65.81
49914,78.01
49915,75.23
49916,57.43
49917,49.89
49918,43.98
49919,45.84
49920,40
49921,39.38
49922,36.79
49923,36.85
49924,41.12
49925,53.91
49926,62.57
49927,69.45
49928,62
49929,49.94
49930,46.02
49931,40.79
49932,36.47
49933,34.05
49934,33.44
49935,37.06
49936,48.01
49937,55.4
49938,64.21
49939,61.1
49940,50.8
49941,33.07
49942,26.29
49943,25.09
49944,24.09
49945,22.34
49946,22.46
49947,24.1
49948,26.88
49949,27
49950,39.46
49951,37.64
49952,35.35
49953,28.78
49954,28.04
49955,2.75
49956,-0.12
49957,-0.45
49958,4.55
49959,26.88
49960,33.01
49961,33.02
49962,33.06
49963,33.01
49964,27.9
49965,26.8
49966,22.45
49967,25.34
49968,24.07
49969,24.65
49970,24.48
49971,22.45
49972,14.79
49973,13.94
49974,21.97
49975,25.53
49976,26.15
49977,15.07
49978,0.01
49979,-24.08
49980,-58.8
49981,-49.94
49982,-12.9
49983,10.69
49984,32.76
49985,30.34
49986,29.72
49987,30.04
49988,27.68
49989,43.5
49990,35.06
49991,17.98
49992,18.51
49993,32.9
49994,32.35
49995,32.32
49996,36.07
49997,50
49998,58.34
49999,62.05
50000,55.93
50001,50.49
50002,46.04
50003,40.46
50004,42.28
50005,40.15
50006,45.23
50007,51.69
50008,66.4
50009,80.98
50010,120.62
50011,96.43
50012,66.32
50013,54.01
50014,44.15
50015,41.23
50016,40.81
50017,39.2
50018,37.77
50019,38.6
50020,41.81
50021,53.9
50022,74.84
50023,84.35
50024,77.64
50025,67.29
50026,61.37
50027,49.95
50028,50.01
50029,52.71
50030,59.9
50031,70.01
50032,82.71
50033,130.59
50034,189.25
50035,148.18
50036,77.68
50037,63.44
50038,51.51
50039,50.12
50040,46.3
50041,45.1
50042,43.12
50043,44
50044,46.35
50045,59.98
50046,76.39
50047,86.53
50048,75
50049,63.32
50050,56.96
50051,47.27
50052,42.26
50053,37.29
50054,37.3
50055,42.39
50056,45.98
50057,53.94
50058,59.2
50059,50.92
50060,34.97
50061,37.24
50062,36.2
50063,9.41
50064,9.37
50065,9.47
50066,9.74
50067,25.73
50068,36.56
50069,48
50070,53.64
50071,59.69
50072,53.91
50073,45.8
50074,42
50075,39.89
50076,39.07
50077,37.1
50078,36.66
50079,47.74
50080,56.43
50081,66.5
50082,79.84
50083,65.44
50084,53.19
50085,42.68
50086,36.92
50087,37.94
50088,34.87
50089,34.65
50090,34.26
50091,33.95
50092,36.9
50093,45.02
50094,53.02
50095,58.11
50096,52.79
50097,44.67
50098,38.35
50099,34.89
50100,34.51
50101,28.7
50102,31.23
50103,33.25
50104,45.8
50105,53.08
50106,56.22
50107,51.84
50108,45.5
50109,35.1
50110,33.57
50111,32.68
50112,30.51
50113,32.32
50114,31.88
50115,31.26
50116,30.75
50117,34.31
50118,37.02
50119,39.76
50120,36.78
50121,33.58
50122,32.56
50123,31.67
50124,27.25
50125,27.2
50126,30
50127,34.99
50128,40.7
50129,47.95
50130,51.02
50131,51.05
50132,44.41
50133,39.74
50134,33.79
50135,37.75
50136,36.75
50137,35.36
50138,34.4
50139,34.21
50140,34.2
50141,34.8
50142,34.5
50143,35.05
50144,36.75
50145,34.2
50146,28.25
50147,26.29
50148,27
50149,31.34
50150,32.95
50151,24.01
50152,38.31
50153,44.91
50154,51.7
50155,51.91
50156,45.91
50157,43.7
50158,36.08
50159,37.09
50160,35.32
50161,35.6
50162,32.93
50163,27.7
50164,39.23
50165,54.36
50166,73.19
50167,85
50168,72.09
50169,54.4
50170,48.13
50171,44.25
50172,40.98
50173,44.01
50174,47.28
50175,56
50176,65
50177,90.81
50178,200.04
50179,98.13
50180,62.52
50181,51.2
50182,46.65
50183,36.2
50184,30.18
50185,30.1
50186,31.18
50187,28.2
50188,36.2
50189,52.97
50190,72.89
50191,73.09
50192,61.85
50193,52.05
50194,48.02
50195,44.95
50196,42.58
50197,34
50198,48.32
50199,53.93
50200,58.92
50201,70
50202,86.4
50203,70
50204,55.47
50205,47.28
50206,33.31
50207,27.5
50208,26.26
50209,27.01
50210,27.1
50211,26.99
50212,39.42
50213,27.6
50214,53.21
50215,58.32
50216,49.9
50217,38.02
50218,28.91
50219,26.82
50220,25.7
50221,25.7
50222,26.15
50223,29.15
50224,29.9
50225,53.93
50226,59
50227,44.82
50228,26.96
50229,23.85
50230,17.04
50231,7.84
50232,5.98
50233,6.16
50234,6.79
50235,7.54
50236,7.75
50237,19.45
50238,21.67
50239,21.47
50240,6
50241,5.87
50242,5.69
50243,5.45
50244,5.69
50245,5.76
50246,6.76
50247,13.15
50248,20.38
50249,21.81
50250,48.26
50251,45
50252,22.45
50253,18.46
50254,10.96
50255,6.76
50256,5.56
50257,5.39
50258,7.91
50259,24.29
50260,25.42
50261,41.74
50262,51.93
50263,56.48
50264,48.36
50265,33.88
50266,30.01
50267,27.3
50268,27.21
50269,26.96
50270,21.45
50271,22.45
50272,28.25
50273,30.05
50274,44.81
50275,40
50276,35.1
50277,12.72
50278,4.49
50279,2.9
50280,2.57
50281,2.42
50282,2.35
50283,2.45
50284,2.6
50285,2.79
50286,2.59
50287,5.08
50288,7.21
50289,7.98
50290,8.27
50291,10.36
50292,8.62
50293,7.71
50294,7.11
50295,7.36
50296,10.95
50297,7.77
50298,7.76
50299,6.77
50300,4.6
50301,2.66
50302,2.2
50303,0.75
50304,1.48
50305,1.47
50306,1.46
50307,1.49
50308,1.61
50309,1.73
50310,1.77
50311,2.26
50312,8.86
50313,12.96
50314,14.29
50315,11.13
50316,10.3
50317,9.37
50318,9.72
50319,11.38
50320,18.58
50321,22.19
50322,22.66
50323,20.47
50324,19
50325,16.64
50326,13.91
50327,12.62
50328,14.71
50329,15.35
50330,16.02
50331,17.33
50332,23.48
50333,47.04
50334,55.64
50335,59.31
50336,56.54
50337,53
50338,51.72
50339,49.16
50340,48
50341,46
50342,47.04
50343,48.46
50344,52.93
50345,61.14
50346,80.03
50347,58
50348,52.24
50349,46.16
50350,40.01
50351,37.85
50352,37.43
50353,36.85
50354,34.79
50355,36.48
50356,39.51
50357,51.58
50358,67.87
50359,84.65
50360,76
50361,69.4
50362,66.62
50363,59.37
50364,54.25
50365,52.24
50366,53
50367,56.95
50368,62.43
50369,73.69
50370,128.31
50371,73.14
50372,57.5
50373,49.47
50374,45.36
50375,41.7
50376,41.78
50377,39.9
50378,37.95
50379,37.79
50380,41.89
50381,51.32
50382,62.37
50383,72.8
50384,65.76
50385,55.16
50386,52.29
50387,49.17
50388,47.4
50389,45.04
50390,45.19
50391,48.94
50392,53.98
50393,60.14
50394,72.43
50395,55.02
50396,49.61
50397,28.94
50398,24.08
50399,17.85
50400,
